student_id,semester,academic_year,login_frequency,assignment_completion
STU0001,1,2023-2024,5.5,57.28
STU0001,2,2023-2024,3.29,47.34
STU0001,3,2024-2025,4.24,51.68
STU0001,4,2024-2025,4.54,49.92
STU0002,1,2023-2024,1.6,18.2
STU0002,2,2023-2024,2.62,21.04
STU0002,3,2024-2025,2.0,26.85
STU0002,4,2024-2025,3.68,20.56
STU0003,1,2023-2024,8.15,85.51
STU0003,2,2023-2024,9.34,94.2
STU0003,3,2024-2025,8.48,81.39
STU0003,4,2024-2025,9.34,87.99
STU0004,1,2023-2024,10.0,95.45
STU0004,2,2023-2024,9.51,100.0
STU0004,3,2024-2025,8.94,100.0
STU0004,4,2024-2025,9.86,100.0
STU0005,1,2023-2024,7.12,86.44
STU0005,2,2023-2024,9.12,92.45
STU0005,3,2024-2025,9.31,83.7
STU0005,4,2024-2025,8.09,86.75
STU0006,1,2023-2024,4.19,58.35
STU0006,2,2023-2024,7.6,69.69
STU0006,3,2024-2025,3.72,56.9
STU0006,4,2024-2025,4.43,52.72
STU0007,1,2023-2024,8.91,77.84
STU0007,2,2023-2024,8.51,85.99
STU0007,3,2024-2025,7.11,83.53
STU0007,4,2024-2025,10.0,80.07
STU0008,1,2023-2024,7.59,86.08
STU0008,2,2023-2024,7.69,82.4
STU0008,3,2024-2025,7.79,83.3
STU0008,4,2024-2025,6.86,84.27
STU0009,1,2023-2024,7.03,83.76
STU0009,2,2023-2024,7.77,72.9
STU0009,3,2024-2025,8.56,81.15
STU0009,4,2024-2025,8.61,81.62
STU0010,1,2023-2024,4.32,43.14
STU0010,2,2023-2024,1.67,40.6
STU0010,3,2024-2025,3.55,34.39
STU0010,4,2024-2025,3.11,32.45
STU0011,1,2023-2024,7.52,64.74
STU0011,2,2023-2024,5.23,58.63
STU0011,3,2024-2025,6.2,66.13
STU0011,4,2024-2025,4.78,64.24
STU0012,1,2023-2024,9.37,74.2
STU0012,2,2023-2024,6.84,78.66
STU0012,3,2024-2025,9.82,80.48
STU0012,4,2024-2025,7.08,80.92
STU0013,1,2023-2024,8.71,87.65
STU0013,2,2023-2024,8.3,85.44
STU0013,3,2024-2025,8.41,79.5
STU0013,4,2024-2025,7.98,84.4
STU0014,1,2023-2024,7.36,59.55
STU0014,2,2023-2024,6.81,66.42
STU0014,3,2024-2025,7.14,71.15
STU0014,4,2024-2025,6.41,59.68
STU0015,1,2023-2024,8.99,90.21
STU0015,2,2023-2024,10.0,93.98
STU0015,3,2024-2025,10.0,100.0
STU0015,4,2024-2025,8.73,84.6
STU0016,1,2023-2024,10.0,88.9
STU0016,2,2023-2024,7.95,85.96
STU0016,3,2024-2025,9.63,87.47
STU0016,4,2024-2025,9.25,92.27
STU0017,1,2023-2024,7.93,66.48
STU0017,2,2023-2024,6.65,67.0
STU0017,3,2024-2025,7.03,70.29
STU0017,4,2024-2025,7.92,76.64
STU0018,1,2023-2024,5.04,57.69
STU0018,2,2023-2024,3.75,49.54
STU0018,3,2024-2025,4.45,43.6
STU0018,4,2024-2025,6.57,61.72
STU0019,1,2023-2024,6.3,86.35
STU0019,2,2023-2024,8.66,79.01
STU0019,3,2024-2025,6.73,83.38
STU0019,4,2024-2025,6.21,78.67
STU0020,1,2023-2024,7.09,63.96
STU0020,2,2023-2024,6.37,56.08
STU0020,3,2024-2025,6.13,60.32
STU0020,4,2024-2025,4.76,61.76
STU0021,1,2023-2024,7.42,64.58
STU0021,2,2023-2024,7.0,67.75
STU0021,3,2024-2025,7.12,77.35
STU0021,4,2024-2025,8.21,74.48
STU0022,1,2023-2024,6.84,72.75
STU0022,2,2023-2024,6.86,63.43
STU0022,3,2024-2025,5.68,61.32
STU0022,4,2024-2025,5.88,49.91
STU0023,1,2023-2024,3.4,54.54
STU0023,2,2023-2024,3.2,51.75
STU0023,3,2024-2025,3.85,49.53
STU0023,4,2024-2025,3.96,55.39
STU0024,1,2023-2024,1.93,28.7
STU0024,2,2023-2024,2.05,29.48
STU0024,3,2024-2025,4.24,27.67
STU0024,4,2024-2025,4.76,31.22
STU0025,1,2023-2024,10.0,94.99
STU0025,2,2023-2024,10.0,91.83
STU0025,3,2024-2025,8.06,94.7
STU0025,4,2024-2025,8.37,97.14
STU0026,1,2023-2024,2.98,53.35
STU0026,2,2023-2024,5.63,59.15
STU0026,3,2024-2025,7.2,61.24
STU0026,4,2024-2025,5.0,54.91
STU0027,1,2023-2024,0.76,18.36
STU0027,2,2023-2024,2.12,24.16
STU0027,3,2024-2025,3.58,27.66
STU0027,4,2024-2025,1.55,34.53
STU0028,1,2023-2024,8.52,65.0
STU0028,2,2023-2024,8.24,79.13
STU0028,3,2024-2025,8.34,59.84
STU0028,4,2024-2025,6.58,71.96
STU0029,1,2023-2024,8.47,67.32
STU0029,2,2023-2024,7.01,66.74
STU0029,3,2024-2025,7.42,62.75
STU0029,4,2024-2025,6.42,75.84
STU0030,1,2023-2024,7.15,67.37
STU0030,2,2023-2024,4.66,62.79
STU0030,3,2024-2025,5.35,60.98
STU0030,4,2024-2025,7.01,60.29
STU0031,1,2023-2024,7.97,77.95
STU0031,2,2023-2024,9.17,88.27
STU0031,3,2024-2025,7.89,84.77
STU0031,4,2024-2025,9.61,100.0
STU0032,1,2023-2024,6.13,86.87
STU0032,2,2023-2024,5.41,84.49
STU0032,3,2024-2025,8.65,96.07
STU0032,4,2024-2025,8.59,79.7
STU0033,1,2023-2024,10.0,87.58
STU0033,2,2023-2024,8.82,92.07
STU0033,3,2024-2025,7.94,89.16
STU0033,4,2024-2025,10.0,88.24
STU0034,1,2023-2024,5.48,62.03
STU0034,2,2023-2024,6.14,56.79
STU0034,3,2024-2025,4.64,59.5
STU0034,4,2024-2025,6.75,67.99
STU0035,1,2023-2024,9.01,87.18
STU0035,2,2023-2024,9.75,92.25
STU0035,3,2024-2025,10.0,90.86
STU0035,4,2024-2025,8.55,94.09
STU0036,1,2023-2024,7.68,83.54
STU0036,2,2023-2024,6.85,92.77
STU0036,3,2024-2025,10.0,80.48
STU0036,4,2024-2025,9.83,91.05
STU0037,1,2023-2024,10.0,90.35
STU0037,2,2023-2024,7.57,89.94
STU0037,3,2024-2025,8.89,85.59
STU0037,4,2024-2025,9.59,91.96
STU0038,1,2023-2024,8.15,68.3
STU0038,2,2023-2024,5.02,62.69
STU0038,3,2024-2025,7.04,68.49
STU0038,4,2024-2025,7.18,66.97
STU0039,1,2023-2024,7.33,80.73
STU0039,2,2023-2024,8.18,88.73
STU0039,3,2024-2025,8.28,79.69
STU0039,4,2024-2025,6.35,82.76
STU0040,1,2023-2024,8.85,87.8
STU0040,2,2023-2024,8.54,92.2
STU0040,3,2024-2025,7.86,89.64
STU0040,4,2024-2025,6.44,82.59
STU0041,1,2023-2024,2.78,45.57
STU0041,2,2023-2024,5.2,43.34
STU0041,3,2024-2025,2.81,44.41
STU0041,4,2024-2025,4.19,39.02
STU0042,1,2023-2024,8.89,82.31
STU0042,2,2023-2024,9.38,77.71
STU0042,3,2024-2025,9.84,90.47
STU0042,4,2024-2025,8.09,91.38
STU0043,1,2023-2024,7.9,77.22
STU0043,2,2023-2024,8.51,92.3
STU0043,3,2024-2025,8.46,73.84
STU0043,4,2024-2025,8.72,90.69
STU0044,1,2023-2024,7.12,79.98
STU0044,2,2023-2024,7.81,77.09
STU0044,3,2024-2025,7.48,82.78
STU0044,4,2024-2025,7.82,70.07
STU0045,1,2023-2024,9.08,87.25
STU0045,2,2023-2024,7.14,84.22
STU0045,3,2024-2025,8.54,90.08
STU0045,4,2024-2025,9.93,92.2
STU0046,1,2023-2024,3.37,42.01
STU0046,2,2023-2024,4.78,49.37
STU0046,3,2024-2025,3.26,49.08
STU0046,4,2024-2025,5.46,50.67
STU0047,1,2023-2024,7.42,75.41
STU0047,2,2023-2024,9.6,75.27
STU0047,3,2024-2025,8.8,81.05
STU0047,4,2024-2025,8.11,80.03
STU0048,1,2023-2024,8.8,86.03
STU0048,2,2023-2024,8.86,94.6
STU0048,3,2024-2025,8.44,94.61
STU0048,4,2024-2025,9.59,82.98
STU0049,1,2023-2024,7.71,91.29
STU0049,2,2023-2024,9.4,92.35
STU0049,3,2024-2025,10.0,88.07
STU0049,4,2024-2025,7.84,94.26
STU0050,1,2023-2024,2.34,21.62
STU0050,2,2023-2024,3.0,28.34
STU0050,3,2024-2025,1.11,31.2
STU0050,4,2024-2025,0.49,22.96
STU0051,1,2023-2024,6.62,89.13
STU0051,2,2023-2024,6.94,87.42
STU0051,3,2024-2025,8.28,89.55
STU0051,4,2024-2025,10.0,91.91
STU0052,1,2023-2024,10.0,82.92
STU0052,2,2023-2024,7.1,76.23
STU0052,3,2024-2025,6.81,86.41
STU0052,4,2024-2025,7.6,84.83
STU0053,1,2023-2024,6.36,63.95
STU0053,2,2023-2024,4.75,71.16
STU0053,3,2024-2025,7.03,65.35
STU0053,4,2024-2025,7.94,87.05
STU0054,1,2023-2024,1.04,37.44
STU0054,2,2023-2024,1.41,33.5
STU0054,3,2024-2025,4.06,20.86
STU0054,4,2024-2025,3.97,27.13
STU0055,1,2023-2024,6.02,67.34
STU0055,2,2023-2024,6.67,52.71
STU0055,3,2024-2025,3.96,63.47
STU0055,4,2024-2025,5.75,65.09
STU0056,1,2023-2024,5.41,56.99
STU0056,2,2023-2024,7.85,60.48
STU0056,3,2024-2025,5.57,56.17
STU0056,4,2024-2025,6.93,67.84
STU0057,1,2023-2024,7.47,66.59
STU0057,2,2023-2024,5.47,51.39
STU0057,3,2024-2025,5.3,67.98
STU0057,4,2024-2025,7.04,54.5
STU0058,1,2023-2024,5.98,55.2
STU0058,2,2023-2024,4.25,46.13
STU0058,3,2024-2025,3.3,46.89
STU0058,4,2024-2025,4.56,51.9
STU0059,1,2023-2024,8.47,73.98
STU0059,2,2023-2024,6.96,71.93
STU0059,3,2024-2025,8.02,72.35
STU0059,4,2024-2025,5.08,56.73
STU0060,1,2023-2024,8.76,88.96
STU0060,2,2023-2024,8.75,87.76
STU0060,3,2024-2025,7.81,85.04
STU0060,4,2024-2025,8.59,88.79
STU0061,1,2023-2024,4.11,53.91
STU0061,2,2023-2024,6.23,57.12
STU0061,3,2024-2025,4.76,38.89
STU0061,4,2024-2025,5.87,58.96
STU0062,1,2023-2024,7.97,72.07
STU0062,2,2023-2024,9.55,83.67
STU0062,3,2024-2025,7.82,84.24
STU0062,4,2024-2025,8.87,68.96
STU0063,1,2023-2024,9.24,80.19
STU0063,2,2023-2024,9.08,86.42
STU0063,3,2024-2025,7.97,81.75
STU0063,4,2024-2025,8.72,89.97
STU0064,1,2023-2024,6.22,81.93
STU0064,2,2023-2024,8.89,81.1
STU0064,3,2024-2025,7.3,78.82
STU0064,4,2024-2025,7.1,78.91
STU0065,1,2023-2024,9.27,84.73
STU0065,2,2023-2024,8.24,76.15
STU0065,3,2024-2025,9.69,74.85
STU0065,4,2024-2025,7.36,78.61
STU0066,1,2023-2024,8.78,95.09
STU0066,2,2023-2024,9.31,94.71
STU0066,3,2024-2025,8.85,82.52
STU0066,4,2024-2025,10.0,90.69
STU0067,1,2023-2024,6.76,59.96
STU0067,2,2023-2024,4.55,62.38
STU0067,3,2024-2025,8.06,72.76
STU0067,4,2024-2025,8.0,62.55
STU0068,1,2023-2024,9.22,81.66
STU0068,2,2023-2024,8.15,87.02
STU0068,3,2024-2025,10.0,87.82
STU0068,4,2024-2025,9.63,86.24
STU0069,1,2023-2024,6.93,81.13
STU0069,2,2023-2024,9.26,98.37
STU0069,3,2024-2025,9.32,97.39
STU0069,4,2024-2025,7.61,90.13
STU0070,1,2023-2024,9.28,100.0
STU0070,2,2023-2024,10.0,100.0
STU0070,3,2024-2025,9.4,98.85
STU0070,4,2024-2025,9.9,89.98
STU0071,1,2023-2024,10.0,85.84
STU0071,2,2023-2024,8.87,94.99
STU0071,3,2024-2025,10.0,98.57
STU0071,4,2024-2025,9.23,98.81
STU0072,1,2023-2024,7.98,76.99
STU0072,2,2023-2024,8.63,84.19
STU0072,3,2024-2025,6.59,73.2
STU0072,4,2024-2025,7.52,80.46
STU0073,1,2023-2024,6.73,73.92
STU0073,2,2023-2024,5.87,75.48
STU0073,3,2024-2025,8.26,88.73
STU0073,4,2024-2025,8.63,77.89
STU0074,1,2023-2024,7.03,86.05
STU0074,2,2023-2024,9.61,78.71
STU0074,3,2024-2025,7.94,80.6
STU0074,4,2024-2025,8.0,80.68
STU0075,1,2023-2024,3.09,21.76
STU0075,2,2023-2024,0.0,18.89
STU0075,3,2024-2025,2.95,26.99
STU0075,4,2024-2025,1.52,19.85
STU0076,1,2023-2024,7.41,74.3
STU0076,2,2023-2024,7.16,61.17
STU0076,3,2024-2025,5.27,64.6
STU0076,4,2024-2025,7.56,66.56
STU0077,1,2023-2024,5.61,59.19
STU0077,2,2023-2024,5.2,65.78
STU0077,3,2024-2025,6.07,68.47
STU0077,4,2024-2025,6.93,61.26
STU0078,1,2023-2024,8.27,85.28
STU0078,2,2023-2024,7.53,84.3
STU0078,3,2024-2025,9.65,85.48
STU0078,4,2024-2025,6.78,90.89
STU0079,1,2023-2024,8.27,93.51
STU0079,2,2023-2024,10.0,94.16
STU0079,3,2024-2025,9.12,92.92
STU0079,4,2024-2025,10.0,100.0
STU0080,1,2023-2024,6.98,51.7
STU0080,2,2023-2024,5.37,53.09
STU0080,3,2024-2025,5.17,58.62
STU0080,4,2024-2025,3.49,60.37
STU0081,1,2023-2024,9.38,83.38
STU0081,2,2023-2024,8.49,82.49
STU0081,3,2024-2025,7.94,91.89
STU0081,4,2024-2025,6.54,85.71
STU0082,1,2023-2024,9.94,93.64
STU0082,2,2023-2024,9.24,87.9
STU0082,3,2024-2025,8.38,85.61
STU0082,4,2024-2025,5.88,80.9
STU0083,1,2023-2024,5.76,58.09
STU0083,2,2023-2024,6.2,41.65
STU0083,3,2024-2025,4.93,50.76
STU0083,4,2024-2025,5.93,51.66
STU0084,1,2023-2024,8.26,96.09
STU0084,2,2023-2024,5.96,87.17
STU0084,3,2024-2025,7.94,91.68
STU0084,4,2024-2025,10.0,89.12
STU0085,1,2023-2024,7.75,72.15
STU0085,2,2023-2024,7.04,71.0
STU0085,3,2024-2025,7.8,87.55
STU0085,4,2024-2025,9.63,81.74
STU0086,1,2023-2024,10.0,90.84
STU0086,2,2023-2024,9.21,92.31
STU0086,3,2024-2025,9.81,90.14
STU0086,4,2024-2025,8.18,93.97
STU0087,1,2023-2024,7.35,60.66
STU0087,2,2023-2024,8.63,64.17
STU0087,3,2024-2025,6.33,66.34
STU0087,4,2024-2025,7.5,69.08
STU0088,1,2023-2024,9.7,95.1
STU0088,2,2023-2024,7.97,87.05
STU0088,3,2024-2025,9.87,85.06
STU0088,4,2024-2025,8.52,71.72
STU0089,1,2023-2024,8.45,81.51
STU0089,2,2023-2024,7.93,88.33
STU0089,3,2024-2025,8.16,92.83
STU0089,4,2024-2025,9.21,81.49
STU0090,1,2023-2024,3.59,41.19
STU0090,2,2023-2024,5.25,45.27
STU0090,3,2024-2025,6.31,47.75
STU0090,4,2024-2025,3.02,43.15
STU0091,1,2023-2024,9.57,88.95
STU0091,2,2023-2024,8.39,98.05
STU0091,3,2024-2025,7.48,95.38
STU0091,4,2024-2025,8.5,87.62
STU0092,1,2023-2024,4.41,61.05
STU0092,2,2023-2024,5.61,55.1
STU0092,3,2024-2025,6.49,68.49
STU0092,4,2024-2025,4.67,60.08
STU0093,1,2023-2024,6.38,51.2
STU0093,2,2023-2024,5.1,49.39
STU0093,3,2024-2025,4.6,47.91
STU0093,4,2024-2025,4.36,53.21
STU0094,1,2023-2024,10.0,97.88
STU0094,2,2023-2024,9.51,85.8
STU0094,3,2024-2025,10.0,96.03
STU0094,4,2024-2025,8.61,99.3
STU0095,1,2023-2024,9.15,88.67
STU0095,2,2023-2024,6.68,87.56
STU0095,3,2024-2025,10.0,95.49
STU0095,4,2024-2025,8.73,95.31
STU0096,1,2023-2024,6.65,65.23
STU0096,2,2023-2024,7.89,62.15
STU0096,3,2024-2025,4.87,66.39
STU0096,4,2024-2025,6.6,69.03
STU0097,1,2023-2024,10.0,96.48
STU0097,2,2023-2024,8.72,89.58
STU0097,3,2024-2025,9.67,94.76
STU0097,4,2024-2025,8.5,100.0
STU0098,1,2023-2024,7.34,86.36
STU0098,2,2023-2024,6.89,81.1
STU0098,3,2024-2025,10.0,82.15
STU0098,4,2024-2025,8.31,68.86
STU0099,1,2023-2024,9.68,100.0
STU0099,2,2023-2024,8.38,90.33
STU0099,3,2024-2025,9.22,95.73
STU0099,4,2024-2025,9.25,98.33
STU0100,1,2023-2024,6.67,75.4
STU0100,2,2023-2024,8.57,68.45
STU0100,3,2024-2025,8.12,68.9
STU0100,4,2024-2025,7.63,84.46
STU0101,1,2023-2024,10.0,96.87
STU0101,2,2023-2024,10.0,92.14
STU0101,3,2024-2025,7.6,85.65
STU0101,4,2024-2025,9.09,93.38
STU0102,1,2023-2024,8.63,86.4
STU0102,2,2023-2024,10.0,87.4
STU0102,3,2024-2025,9.33,92.9
STU0102,4,2024-2025,10.0,88.12
STU0103,1,2023-2024,8.15,84.55
STU0103,2,2023-2024,6.31,83.74
STU0103,3,2024-2025,8.28,88.35
STU0103,4,2024-2025,8.67,73.72
STU0104,1,2023-2024,9.07,92.17
STU0104,2,2023-2024,10.0,85.15
STU0104,3,2024-2025,10.0,100.0
STU0104,4,2024-2025,9.49,94.16
STU0105,1,2023-2024,8.05,61.35
STU0105,2,2023-2024,5.95,63.23
STU0105,3,2024-2025,7.13,66.18
STU0105,4,2024-2025,5.17,66.39
STU0106,1,2023-2024,7.4,70.12
STU0106,2,2023-2024,7.73,76.83
STU0106,3,2024-2025,6.82,75.14
STU0106,4,2024-2025,7.96,82.78
STU0107,1,2023-2024,8.08,72.14
STU0107,2,2023-2024,5.82,73.92
STU0107,3,2024-2025,7.61,73.55
STU0107,4,2024-2025,7.87,73.11
STU0108,1,2023-2024,8.23,76.18
STU0108,2,2023-2024,7.51,65.68
STU0108,3,2024-2025,8.27,60.66
STU0108,4,2024-2025,6.56,65.7
STU0109,1,2023-2024,5.48,40.3
STU0109,2,2023-2024,3.47,41.06
STU0109,3,2024-2025,4.85,41.49
STU0109,4,2024-2025,5.77,52.09
STU0110,1,2023-2024,7.17,84.35
STU0110,2,2023-2024,9.74,77.88
STU0110,3,2024-2025,8.96,80.72
STU0110,4,2024-2025,5.7,62.97
STU0111,1,2023-2024,5.69,67.27
STU0111,2,2023-2024,5.89,76.02
STU0111,3,2024-2025,7.2,64.6
STU0111,4,2024-2025,6.17,64.87
STU0112,1,2023-2024,7.31,72.12
STU0112,2,2023-2024,8.14,74.73
STU0112,3,2024-2025,7.16,81.22
STU0112,4,2024-2025,6.62,74.28
STU0113,1,2023-2024,7.59,86.17
STU0113,2,2023-2024,6.76,78.2
STU0113,3,2024-2025,8.14,84.11
STU0113,4,2024-2025,6.27,74.7
STU0114,1,2023-2024,9.86,93.25
STU0114,2,2023-2024,9.72,85.9
STU0114,3,2024-2025,9.22,81.56
STU0114,4,2024-2025,8.45,99.71
STU0115,1,2023-2024,9.2,92.9
STU0115,2,2023-2024,10.0,98.64
STU0115,3,2024-2025,10.0,100.0
STU0115,4,2024-2025,9.12,91.86
STU0116,1,2023-2024,6.07,72.36
STU0116,2,2023-2024,8.07,72.03
STU0116,3,2024-2025,6.19,63.61
STU0116,4,2024-2025,5.54,61.96
STU0117,1,2023-2024,10.0,100.0
STU0117,2,2023-2024,8.24,94.63
STU0117,3,2024-2025,10.0,99.67
STU0117,4,2024-2025,9.63,89.4
STU0118,1,2023-2024,8.21,87.47
STU0118,2,2023-2024,6.67,74.59
STU0118,3,2024-2025,9.29,95.46
STU0118,4,2024-2025,8.86,92.6
STU0119,1,2023-2024,5.58,87.03
STU0119,2,2023-2024,5.51,78.56
STU0119,3,2024-2025,8.01,82.29
STU0119,4,2024-2025,7.58,89.33
STU0120,1,2023-2024,9.56,84.25
STU0120,2,2023-2024,9.19,99.58
STU0120,3,2024-2025,8.95,88.0
STU0120,4,2024-2025,9.34,87.22
STU0121,1,2023-2024,8.94,78.3
STU0121,2,2023-2024,8.49,82.81
STU0121,3,2024-2025,8.81,81.51
STU0121,4,2024-2025,7.27,71.26
STU0122,1,2023-2024,9.62,83.79
STU0122,2,2023-2024,10.0,80.93
STU0122,3,2024-2025,9.11,87.32
STU0122,4,2024-2025,7.11,83.84
STU0123,1,2023-2024,9.99,87.92
STU0123,2,2023-2024,10.0,97.34
STU0123,3,2024-2025,8.2,93.77
STU0123,4,2024-2025,10.0,87.37
STU0124,1,2023-2024,9.05,96.09
STU0124,2,2023-2024,7.19,84.63
STU0124,3,2024-2025,9.15,88.37
STU0124,4,2024-2025,9.5,96.22
STU0125,1,2023-2024,8.13,67.19
STU0125,2,2023-2024,7.03,67.3
STU0125,3,2024-2025,6.48,70.05
STU0125,4,2024-2025,7.8,68.25
STU0126,1,2023-2024,5.32,54.42
STU0126,2,2023-2024,4.21,33.83
STU0126,3,2024-2025,4.33,53.13
STU0126,4,2024-2025,4.73,42.07
STU0127,1,2023-2024,10.0,73.34
STU0127,2,2023-2024,8.6,78.4
STU0127,3,2024-2025,6.45,66.94
STU0127,4,2024-2025,7.53,82.6
STU0128,1,2023-2024,8.36,93.88
STU0128,2,2023-2024,5.61,90.73
STU0128,3,2024-2025,7.58,79.62
STU0128,4,2024-2025,6.31,86.48
STU0129,1,2023-2024,6.65,71.43
STU0129,2,2023-2024,4.67,66.27
STU0129,3,2024-2025,6.54,75.3
STU0129,4,2024-2025,7.08,70.16
STU0130,1,2023-2024,10.0,93.09
STU0130,2,2023-2024,10.0,100.0
STU0130,3,2024-2025,9.19,100.0
STU0130,4,2024-2025,8.96,95.1
STU0131,1,2023-2024,10.0,83.12
STU0131,2,2023-2024,9.38,87.17
STU0131,3,2024-2025,9.51,98.2
STU0131,4,2024-2025,8.77,86.87
STU0132,1,2023-2024,7.81,87.53
STU0132,2,2023-2024,9.33,86.81
STU0132,3,2024-2025,9.42,85.43
STU0132,4,2024-2025,8.15,73.89
STU0133,1,2023-2024,8.23,71.65
STU0133,2,2023-2024,7.48,76.98
STU0133,3,2024-2025,7.12,67.12
STU0133,4,2024-2025,7.76,79.65
STU0134,1,2023-2024,5.43,66.23
STU0134,2,2023-2024,6.25,68.05
STU0134,3,2024-2025,7.0,63.96
STU0134,4,2024-2025,6.42,70.22
STU0135,1,2023-2024,6.82,59.82
STU0135,2,2023-2024,5.86,53.89
STU0135,3,2024-2025,6.57,58.3
STU0135,4,2024-2025,6.08,58.11
STU0136,1,2023-2024,6.08,65.14
STU0136,2,2023-2024,6.39,61.61
STU0136,3,2024-2025,7.03,70.0
STU0136,4,2024-2025,5.2,66.57
STU0137,1,2023-2024,5.47,59.86
STU0137,2,2023-2024,3.26,58.91
STU0137,3,2024-2025,5.38,43.85
STU0137,4,2024-2025,4.87,45.35
STU0138,1,2023-2024,9.42,80.05
STU0138,2,2023-2024,6.18,84.95
STU0138,3,2024-2025,6.65,73.17
STU0138,4,2024-2025,8.37,71.75
STU0139,1,2023-2024,8.24,76.39
STU0139,2,2023-2024,8.55,74.64
STU0139,3,2024-2025,8.91,68.92
STU0139,4,2024-2025,7.2,83.82
STU0140,1,2023-2024,8.61,95.15
STU0140,2,2023-2024,9.97,86.32
STU0140,3,2024-2025,7.54,83.62
STU0140,4,2024-2025,8.45,75.27
STU0141,1,2023-2024,9.33,99.59
STU0141,2,2023-2024,9.42,92.57
STU0141,3,2024-2025,9.38,94.88
STU0141,4,2024-2025,9.43,100.0
STU0142,1,2023-2024,9.09,87.75
STU0142,2,2023-2024,7.4,91.06
STU0142,3,2024-2025,9.51,83.58
STU0142,4,2024-2025,8.03,85.53
STU0143,1,2023-2024,7.5,66.06
STU0143,2,2023-2024,5.81,71.17
STU0143,3,2024-2025,7.95,76.32
STU0143,4,2024-2025,6.77,81.9
STU0144,1,2023-2024,6.05,56.97
STU0144,2,2023-2024,7.06,65.65
STU0144,3,2024-2025,4.12,65.01
STU0144,4,2024-2025,6.15,71.05
STU0145,1,2023-2024,7.34,70.27
STU0145,2,2023-2024,8.28,66.6
STU0145,3,2024-2025,5.34,65.32
STU0145,4,2024-2025,8.78,74.2
STU0146,1,2023-2024,7.66,75.93
STU0146,2,2023-2024,7.34,84.43
STU0146,3,2024-2025,7.95,77.01
STU0146,4,2024-2025,8.6,80.09
STU0147,1,2023-2024,10.0,83.14
STU0147,2,2023-2024,8.02,78.69
STU0147,3,2024-2025,7.68,89.18
STU0147,4,2024-2025,7.99,89.66
STU0148,1,2023-2024,7.78,63.8
STU0148,2,2023-2024,6.65,75.74
STU0148,3,2024-2025,7.82,76.49
STU0148,4,2024-2025,7.16,62.51
STU0149,1,2023-2024,9.55,88.94
STU0149,2,2023-2024,8.99,88.3
STU0149,3,2024-2025,9.49,88.35
STU0149,4,2024-2025,7.24,78.51
STU0150,1,2023-2024,4.98,64.67
STU0150,2,2023-2024,5.03,62.85
STU0150,3,2024-2025,4.88,59.1
STU0150,4,2024-2025,7.42,54.19
STU0151,1,2023-2024,9.0,77.69
STU0151,2,2023-2024,9.34,77.53
STU0151,3,2024-2025,6.51,80.49
STU0151,4,2024-2025,6.58,84.11
STU0152,1,2023-2024,5.96,67.16
STU0152,2,2023-2024,6.29,68.94
STU0152,3,2024-2025,9.72,70.1
STU0152,4,2024-2025,7.76,60.57
STU0153,1,2023-2024,10.0,89.48
STU0153,2,2023-2024,9.58,100.0
STU0153,3,2024-2025,8.15,98.33
STU0153,4,2024-2025,7.0,98.73
STU0154,1,2023-2024,5.16,49.49
STU0154,2,2023-2024,4.43,28.12
STU0154,3,2024-2025,4.92,39.83
STU0154,4,2024-2025,3.58,42.44
STU0155,1,2023-2024,8.97,87.53
STU0155,2,2023-2024,8.78,76.32
STU0155,3,2024-2025,9.73,72.53
STU0155,4,2024-2025,8.15,91.02
STU0156,1,2023-2024,8.31,85.29
STU0156,2,2023-2024,7.33,69.6
STU0156,3,2024-2025,6.56,83.57
STU0156,4,2024-2025,8.26,72.22
STU0157,1,2023-2024,8.9,82.15
STU0157,2,2023-2024,9.15,80.06
STU0157,3,2024-2025,6.7,78.47
STU0157,4,2024-2025,9.21,86.58
STU0158,1,2023-2024,5.92,76.16
STU0158,2,2023-2024,8.01,55.95
STU0158,3,2024-2025,9.07,77.82
STU0158,4,2024-2025,7.8,62.22
STU0159,1,2023-2024,7.02,85.37
STU0159,2,2023-2024,9.12,86.68
STU0159,3,2024-2025,8.55,89.95
STU0159,4,2024-2025,10.0,97.45
STU0160,1,2023-2024,3.72,53.49
STU0160,2,2023-2024,6.84,59.38
STU0160,3,2024-2025,6.53,56.33
STU0160,4,2024-2025,6.04,59.02
STU0161,1,2023-2024,7.35,71.32
STU0161,2,2023-2024,10.0,93.69
STU0161,3,2024-2025,8.44,83.94
STU0161,4,2024-2025,7.13,92.84
STU0162,1,2023-2024,7.68,60.03
STU0162,2,2023-2024,5.57,73.24
STU0162,3,2024-2025,5.74,68.79
STU0162,4,2024-2025,5.33,62.32
STU0163,1,2023-2024,8.16,77.96
STU0163,2,2023-2024,7.83,80.73
STU0163,3,2024-2025,8.11,85.1
STU0163,4,2024-2025,8.62,83.94
STU0164,1,2023-2024,9.42,88.59
STU0164,2,2023-2024,8.26,76.76
STU0164,3,2024-2025,7.84,87.05
STU0164,4,2024-2025,9.84,79.02
STU0165,1,2023-2024,6.63,64.63
STU0165,2,2023-2024,8.23,68.98
STU0165,3,2024-2025,6.45,63.89
STU0165,4,2024-2025,6.9,67.95
STU0166,1,2023-2024,7.19,64.02
STU0166,2,2023-2024,5.77,53.79
STU0166,3,2024-2025,5.33,50.05
STU0166,4,2024-2025,4.83,59.33
STU0167,1,2023-2024,9.76,79.55
STU0167,2,2023-2024,9.32,91.96
STU0167,3,2024-2025,9.95,73.07
STU0167,4,2024-2025,8.57,88.42
STU0168,1,2023-2024,6.44,49.04
STU0168,2,2023-2024,5.77,59.26
STU0168,3,2024-2025,4.02,65.6
STU0168,4,2024-2025,5.91,66.34
STU0169,1,2023-2024,9.05,89.01
STU0169,2,2023-2024,8.65,85.79
STU0169,3,2024-2025,9.84,95.22
STU0169,4,2024-2025,7.76,84.12
STU0170,1,2023-2024,8.08,79.27
STU0170,2,2023-2024,8.44,78.46
STU0170,3,2024-2025,9.07,78.22
STU0170,4,2024-2025,7.58,78.47
STU0171,1,2023-2024,9.54,96.62
STU0171,2,2023-2024,7.94,83.77
STU0171,3,2024-2025,9.3,82.85
STU0171,4,2024-2025,8.69,79.83
STU0172,1,2023-2024,9.85,96.72
STU0172,2,2023-2024,10.0,98.6
STU0172,3,2024-2025,10.0,98.35
STU0172,4,2024-2025,10.0,100.0
STU0173,1,2023-2024,7.68,76.79
STU0173,2,2023-2024,6.19,77.42
STU0173,3,2024-2025,7.41,83.85
STU0173,4,2024-2025,8.36,82.73
STU0174,1,2023-2024,7.76,68.76
STU0174,2,2023-2024,5.39,54.49
STU0174,3,2024-2025,7.7,55.01
STU0174,4,2024-2025,6.52,62.16
STU0175,1,2023-2024,3.47,41.96
STU0175,2,2023-2024,5.78,26.1
STU0175,3,2024-2025,2.12,37.69
STU0175,4,2024-2025,4.06,33.05
STU0176,1,2023-2024,4.06,53.49
STU0176,2,2023-2024,4.7,40.08
STU0176,3,2024-2025,4.7,48.43
STU0176,4,2024-2025,5.29,57.15
STU0177,1,2023-2024,6.75,75.59
STU0177,2,2023-2024,9.51,78.43
STU0177,3,2024-2025,6.25,81.8
STU0177,4,2024-2025,6.49,79.03
STU0178,1,2023-2024,5.7,71.38
STU0178,2,2023-2024,8.46,77.23
STU0178,3,2024-2025,7.52,70.79
STU0178,4,2024-2025,6.35,71.09
STU0179,1,2023-2024,5.5,76.41
STU0179,2,2023-2024,9.15,80.74
STU0179,3,2024-2025,7.5,82.08
STU0179,4,2024-2025,7.33,81.26
STU0180,1,2023-2024,3.2,37.46
STU0180,2,2023-2024,5.24,43.79
STU0180,3,2024-2025,4.59,39.76
STU0180,4,2024-2025,5.21,28.57
STU0181,1,2023-2024,9.91,87.49
STU0181,2,2023-2024,8.75,82.73
STU0181,3,2024-2025,9.7,91.39
STU0181,4,2024-2025,10.0,99.22
STU0182,1,2023-2024,5.8,62.95
STU0182,2,2023-2024,5.91,72.15
STU0182,3,2024-2025,5.88,80.88
STU0182,4,2024-2025,7.22,64.67
STU0183,1,2023-2024,6.68,85.21
STU0183,2,2023-2024,9.17,81.8
STU0183,3,2024-2025,8.25,90.62
STU0183,4,2024-2025,8.98,84.68
STU0184,1,2023-2024,3.86,63.19
STU0184,2,2023-2024,5.02,55.88
STU0184,3,2024-2025,5.61,55.59
STU0184,4,2024-2025,5.86,50.82
STU0185,1,2023-2024,9.42,93.34
STU0185,2,2023-2024,6.04,91.62
STU0185,3,2024-2025,9.68,95.05
STU0185,4,2024-2025,8.46,92.13
STU0186,1,2023-2024,2.14,28.29
STU0186,2,2023-2024,1.64,27.38
STU0186,3,2024-2025,3.92,30.08
STU0186,4,2024-2025,3.11,20.2
STU0187,1,2023-2024,9.33,93.99
STU0187,2,2023-2024,5.72,78.33
STU0187,3,2024-2025,8.47,88.13
STU0187,4,2024-2025,8.66,91.91
STU0188,1,2023-2024,10.0,100.0
STU0188,2,2023-2024,8.79,90.92
STU0188,3,2024-2025,9.01,99.24
STU0188,4,2024-2025,9.85,100.0
STU0189,1,2023-2024,9.65,80.15
STU0189,2,2023-2024,6.57,77.37
STU0189,3,2024-2025,5.76,77.89
STU0189,4,2024-2025,8.04,80.34
STU0190,1,2023-2024,7.78,97.76
STU0190,2,2023-2024,10.0,94.62
STU0190,3,2024-2025,10.0,90.49
STU0190,4,2024-2025,8.59,79.73
STU0191,1,2023-2024,8.69,91.33
STU0191,2,2023-2024,8.26,94.4
STU0191,3,2024-2025,8.98,97.57
STU0191,4,2024-2025,9.67,93.05
STU0192,1,2023-2024,6.6,65.48
STU0192,2,2023-2024,4.37,56.81
STU0192,3,2024-2025,7.22,64.19
STU0192,4,2024-2025,5.63,63.18
STU0193,1,2023-2024,4.54,59.76
STU0193,2,2023-2024,8.33,61.65
STU0193,3,2024-2025,5.23,53.5
STU0193,4,2024-2025,6.1,57.31
STU0194,1,2023-2024,8.94,80.12
STU0194,2,2023-2024,9.13,84.65
STU0194,3,2024-2025,7.21,87.13
STU0194,4,2024-2025,8.04,79.2
STU0195,1,2023-2024,5.1,37.3
STU0195,2,2023-2024,5.09,42.73
STU0195,3,2024-2025,3.81,52.47
STU0195,4,2024-2025,3.73,30.63
STU0196,1,2023-2024,7.81,80.85
STU0196,2,2023-2024,5.9,81.55
STU0196,3,2024-2025,6.45,70.26
STU0196,4,2024-2025,7.37,74.12
STU0197,1,2023-2024,7.07,83.01
STU0197,2,2023-2024,7.67,82.6
STU0197,3,2024-2025,7.28,73.59
STU0197,4,2024-2025,9.39,79.42
STU0198,1,2023-2024,8.33,89.75
STU0198,2,2023-2024,8.75,84.62
STU0198,3,2024-2025,8.75,74.7
STU0198,4,2024-2025,7.84,93.37
STU0199,1,2023-2024,6.01,76.71
STU0199,2,2023-2024,7.36,74.56
STU0199,3,2024-2025,6.38,66.34
STU0199,4,2024-2025,6.79,74.74
STU0200,1,2023-2024,7.78,92.54
STU0200,2,2023-2024,8.67,81.2
STU0200,3,2024-2025,7.74,80.78
STU0200,4,2024-2025,8.71,74.79
STU0201,1,2023-2024,7.24,75.18
STU0201,2,2023-2024,7.02,84.48
STU0201,3,2024-2025,8.56,75.89
STU0201,4,2024-2025,6.6,72.04
STU0202,1,2023-2024,6.02,69.36
STU0202,2,2023-2024,5.14,60.99
STU0202,3,2024-2025,6.87,57.25
STU0202,4,2024-2025,6.14,48.55
STU0203,1,2023-2024,9.89,89.44
STU0203,2,2023-2024,9.89,78.87
STU0203,3,2024-2025,7.03,84.0
STU0203,4,2024-2025,8.13,92.74
STU0204,1,2023-2024,8.75,90.15
STU0204,2,2023-2024,9.97,92.42
STU0204,3,2024-2025,7.91,91.62
STU0204,4,2024-2025,10.0,99.2
STU0205,1,2023-2024,7.66,82.57
STU0205,2,2023-2024,7.84,75.1
STU0205,3,2024-2025,8.41,87.19
STU0205,4,2024-2025,8.35,66.79
STU0206,1,2023-2024,5.02,61.82
STU0206,2,2023-2024,6.29,57.74
STU0206,3,2024-2025,7.27,55.06
STU0206,4,2024-2025,5.48,68.52
STU0207,1,2023-2024,7.45,83.06
STU0207,2,2023-2024,9.43,90.83
STU0207,3,2024-2025,9.01,91.73
STU0207,4,2024-2025,9.82,75.26
STU0208,1,2023-2024,7.42,71.92
STU0208,2,2023-2024,6.59,79.8
STU0208,3,2024-2025,7.36,74.84
STU0208,4,2024-2025,7.43,78.29
STU0209,1,2023-2024,8.2,82.37
STU0209,2,2023-2024,8.1,78.59
STU0209,3,2024-2025,8.87,80.66
STU0209,4,2024-2025,8.24,86.98
STU0210,1,2023-2024,7.43,95.59
STU0210,2,2023-2024,9.93,88.29
STU0210,3,2024-2025,10.0,96.01
STU0210,4,2024-2025,8.87,100.0
STU0211,1,2023-2024,8.7,88.13
STU0211,2,2023-2024,9.84,96.1
STU0211,3,2024-2025,9.43,97.01
STU0211,4,2024-2025,8.03,86.86
STU0212,1,2023-2024,5.76,70.87
STU0212,2,2023-2024,7.55,67.73
STU0212,3,2024-2025,5.48,48.63
STU0212,4,2024-2025,7.06,68.77
STU0213,1,2023-2024,6.4,43.64
STU0213,2,2023-2024,5.88,37.48
STU0213,3,2024-2025,4.03,49.39
STU0213,4,2024-2025,3.68,43.66
STU0214,1,2023-2024,4.35,51.68
STU0214,2,2023-2024,5.36,57.65
STU0214,3,2024-2025,5.27,49.71
STU0214,4,2024-2025,5.05,45.16
STU0215,1,2023-2024,9.55,91.1
STU0215,2,2023-2024,9.56,86.58
STU0215,3,2024-2025,10.0,100.0
STU0215,4,2024-2025,10.0,93.77
STU0216,1,2023-2024,8.72,99.21
STU0216,2,2023-2024,9.06,90.96
STU0216,3,2024-2025,8.78,100.0
STU0216,4,2024-2025,8.38,86.47
STU0217,1,2023-2024,7.72,79.03
STU0217,2,2023-2024,8.54,89.16
STU0217,3,2024-2025,10.0,90.44
STU0217,4,2024-2025,7.64,83.73
STU0218,1,2023-2024,7.08,72.43
STU0218,2,2023-2024,5.75,72.71
STU0218,3,2024-2025,7.64,74.42
STU0218,4,2024-2025,6.86,72.63
STU0219,1,2023-2024,7.86,76.51
STU0219,2,2023-2024,6.68,83.07
STU0219,3,2024-2025,8.17,79.43
STU0219,4,2024-2025,8.89,89.37
STU0220,1,2023-2024,8.02,61.56
STU0220,2,2023-2024,6.17,62.45
STU0220,3,2024-2025,4.41,65.25
STU0220,4,2024-2025,6.89,77.64
STU0221,1,2023-2024,3.74,47.21
STU0221,2,2023-2024,4.27,43.7
STU0221,3,2024-2025,4.49,42.61
STU0221,4,2024-2025,4.47,53.57
STU0222,1,2023-2024,6.27,81.69
STU0222,2,2023-2024,7.59,76.18
STU0222,3,2024-2025,7.61,83.56
STU0222,4,2024-2025,8.5,88.75
STU0223,1,2023-2024,8.86,96.27
STU0223,2,2023-2024,9.57,90.85
STU0223,3,2024-2025,8.71,78.28
STU0223,4,2024-2025,9.49,78.99
STU0224,1,2023-2024,6.13,58.92
STU0224,2,2023-2024,7.81,63.38
STU0224,3,2024-2025,6.41,67.62
STU0224,4,2024-2025,5.97,58.86
STU0225,1,2023-2024,9.07,89.77
STU0225,2,2023-2024,6.19,78.6
STU0225,3,2024-2025,7.26,79.27
STU0225,4,2024-2025,8.58,86.11
STU0226,1,2023-2024,3.58,42.35
STU0226,2,2023-2024,4.76,41.45
STU0226,3,2024-2025,4.57,55.91
STU0226,4,2024-2025,4.27,42.19
STU0227,1,2023-2024,5.68,63.27
STU0227,2,2023-2024,7.51,61.68
STU0227,3,2024-2025,6.45,69.13
STU0227,4,2024-2025,6.13,61.41
STU0228,1,2023-2024,4.34,54.6
STU0228,2,2023-2024,5.07,60.04
STU0228,3,2024-2025,6.34,54.05
STU0228,4,2024-2025,7.53,58.25
STU0229,1,2023-2024,6.49,83.48
STU0229,2,2023-2024,6.89,76.38
STU0229,3,2024-2025,6.62,78.83
STU0229,4,2024-2025,8.74,77.2
STU0230,1,2023-2024,5.93,70.3
STU0230,2,2023-2024,5.45,67.24
STU0230,3,2024-2025,6.69,71.33
STU0230,4,2024-2025,6.32,58.46
STU0231,1,2023-2024,8.15,80.39
STU0231,2,2023-2024,7.66,70.72
STU0231,3,2024-2025,7.28,75.55
STU0231,4,2024-2025,6.47,73.29
STU0232,1,2023-2024,8.08,79.48
STU0232,2,2023-2024,7.13,70.62
STU0232,3,2024-2025,8.09,82.88
STU0232,4,2024-2025,7.82,77.89
STU0233,1,2023-2024,7.38,84.79
STU0233,2,2023-2024,10.0,97.93
STU0233,3,2024-2025,9.28,87.73
STU0233,4,2024-2025,7.39,85.31
STU0234,1,2023-2024,4.83,68.94
STU0234,2,2023-2024,5.51,48.13
STU0234,3,2024-2025,6.39,69.82
STU0234,4,2024-2025,6.78,58.74
STU0235,1,2023-2024,10.0,95.63
STU0235,2,2023-2024,8.1,91.2
STU0235,3,2024-2025,8.56,80.45
STU0235,4,2024-2025,8.32,94.02
STU0236,1,2023-2024,6.35,59.92
STU0236,2,2023-2024,6.96,61.53
STU0236,3,2024-2025,6.34,71.01
STU0236,4,2024-2025,4.09,57.57
STU0237,1,2023-2024,6.0,60.07
STU0237,2,2023-2024,4.37,56.95
STU0237,3,2024-2025,5.35,70.57
STU0237,4,2024-2025,5.29,55.42
STU0238,1,2023-2024,8.64,86.19
STU0238,2,2023-2024,8.23,82.26
STU0238,3,2024-2025,7.01,79.13
STU0238,4,2024-2025,7.98,96.06
STU0239,1,2023-2024,6.73,79.34
STU0239,2,2023-2024,7.49,74.29
STU0239,3,2024-2025,8.23,65.6
STU0239,4,2024-2025,8.27,78.54
STU0240,1,2023-2024,7.13,76.95
STU0240,2,2023-2024,7.29,80.21
STU0240,3,2024-2025,8.85,83.35
STU0240,4,2024-2025,7.25,68.92
STU0241,1,2023-2024,8.41,87.55
STU0241,2,2023-2024,10.0,95.95
STU0241,3,2024-2025,10.0,91.97
STU0241,4,2024-2025,9.95,91.29
STU0242,1,2023-2024,6.75,68.27
STU0242,2,2023-2024,7.42,64.99
STU0242,3,2024-2025,5.82,60.28
STU0242,4,2024-2025,6.78,73.42
STU0243,1,2023-2024,7.13,76.37
STU0243,2,2023-2024,8.73,66.76
STU0243,3,2024-2025,7.2,75.88
STU0243,4,2024-2025,7.37,74.41
STU0244,1,2023-2024,8.32,80.58
STU0244,2,2023-2024,9.77,70.18
STU0244,3,2024-2025,6.49,74.94
STU0244,4,2024-2025,6.95,82.34
STU0245,1,2023-2024,8.56,95.31
STU0245,2,2023-2024,9.12,97.55
STU0245,3,2024-2025,8.47,96.87
STU0245,4,2024-2025,8.35,90.75
STU0246,1,2023-2024,6.31,65.09
STU0246,2,2023-2024,5.62,56.66
STU0246,3,2024-2025,7.82,64.48
STU0246,4,2024-2025,5.82,60.51
STU0247,1,2023-2024,8.45,76.97
STU0247,2,2023-2024,8.29,70.95
STU0247,3,2024-2025,5.46,71.07
STU0247,4,2024-2025,5.81,65.58
STU0248,1,2023-2024,8.75,81.36
STU0248,2,2023-2024,6.07,79.3
STU0248,3,2024-2025,6.85,78.68
STU0248,4,2024-2025,8.41,80.45
STU0249,1,2023-2024,4.98,48.65
STU0249,2,2023-2024,5.55,46.88
STU0249,3,2024-2025,4.9,48.48
STU0249,4,2024-2025,4.47,38.48
STU0250,1,2023-2024,8.35,80.49
STU0250,2,2023-2024,6.78,74.23
STU0250,3,2024-2025,8.48,84.57
STU0250,4,2024-2025,7.58,69.1
STU0251,1,2023-2024,9.22,79.37
STU0251,2,2023-2024,7.63,74.5
STU0251,3,2024-2025,8.61,73.53
STU0251,4,2024-2025,6.27,77.83
STU0252,1,2023-2024,5.34,80.79
STU0252,2,2023-2024,10.0,88.7
STU0252,3,2024-2025,7.31,70.06
STU0252,4,2024-2025,6.81,61.8
STU0253,1,2023-2024,6.43,61.87
STU0253,2,2023-2024,6.82,73.99
STU0253,3,2024-2025,6.14,72.61
STU0253,4,2024-2025,8.44,79.95
STU0254,1,2023-2024,9.27,99.38
STU0254,2,2023-2024,9.82,88.31
STU0254,3,2024-2025,10.0,89.29
STU0254,4,2024-2025,8.06,86.33
STU0255,1,2023-2024,6.23,67.42
STU0255,2,2023-2024,8.16,63.95
STU0255,3,2024-2025,5.03,61.59
STU0255,4,2024-2025,7.18,64.66
STU0256,1,2023-2024,4.59,54.47
STU0256,2,2023-2024,5.64,54.02
STU0256,3,2024-2025,7.06,58.26
STU0256,4,2024-2025,5.38,50.04
STU0257,1,2023-2024,4.74,59.04
STU0257,2,2023-2024,4.95,53.68
STU0257,3,2024-2025,5.88,61.29
STU0257,4,2024-2025,7.57,52.66
STU0258,1,2023-2024,5.34,59.35
STU0258,2,2023-2024,7.32,57.33
STU0258,3,2024-2025,7.34,54.49
STU0258,4,2024-2025,6.85,56.97
STU0259,1,2023-2024,10.0,95.6
STU0259,2,2023-2024,9.99,100.0
STU0259,3,2024-2025,8.89,100.0
STU0259,4,2024-2025,10.0,81.31
STU0260,1,2023-2024,9.05,93.82
STU0260,2,2023-2024,10.0,93.94
STU0260,3,2024-2025,10.0,92.23
STU0260,4,2024-2025,8.69,96.66
STU0261,1,2023-2024,6.51,56.19
STU0261,2,2023-2024,4.4,60.25
STU0261,3,2024-2025,6.49,67.41
STU0261,4,2024-2025,6.16,52.07
STU0262,1,2023-2024,9.72,92.42
STU0262,2,2023-2024,10.0,90.89
STU0262,3,2024-2025,7.48,94.24
STU0262,4,2024-2025,10.0,81.78
STU0263,1,2023-2024,7.12,100.0
STU0263,2,2023-2024,9.64,87.2
STU0263,3,2024-2025,9.72,91.9
STU0263,4,2024-2025,8.77,87.19
STU0264,1,2023-2024,7.51,81.17
STU0264,2,2023-2024,9.64,95.64
STU0264,3,2024-2025,7.58,83.64
STU0264,4,2024-2025,8.55,87.23
STU0265,1,2023-2024,5.54,60.08
STU0265,2,2023-2024,6.63,64.24
STU0265,3,2024-2025,6.24,52.73
STU0265,4,2024-2025,7.12,56.57
STU0266,1,2023-2024,7.05,81.9
STU0266,2,2023-2024,7.19,89.53
STU0266,3,2024-2025,8.18,88.67
STU0266,4,2024-2025,6.58,83.02
STU0267,1,2023-2024,3.93,36.48
STU0267,2,2023-2024,4.23,42.32
STU0267,3,2024-2025,2.09,41.08
STU0267,4,2024-2025,3.47,32.94
STU0268,1,2023-2024,10.0,91.75
STU0268,2,2023-2024,8.73,92.8
STU0268,3,2024-2025,8.63,82.6
STU0268,4,2024-2025,8.75,82.16
STU0269,1,2023-2024,3.5,43.06
STU0269,2,2023-2024,3.72,35.21
STU0269,3,2024-2025,4.22,38.56
STU0269,4,2024-2025,4.06,37.8
STU0270,1,2023-2024,9.32,86.99
STU0270,2,2023-2024,7.41,84.84
STU0270,3,2024-2025,8.35,91.05
STU0270,4,2024-2025,8.02,81.75
STU0271,1,2023-2024,7.24,84.13
STU0271,2,2023-2024,7.67,70.13
STU0271,3,2024-2025,7.3,82.02
STU0271,4,2024-2025,8.17,78.3
STU0272,1,2023-2024,6.22,76.34
STU0272,2,2023-2024,9.23,82.18
STU0272,3,2024-2025,8.69,73.91
STU0272,4,2024-2025,7.56,68.14
STU0273,1,2023-2024,6.42,64.04
STU0273,2,2023-2024,5.46,52.9
STU0273,3,2024-2025,5.26,57.91
STU0273,4,2024-2025,6.9,49.65
STU0274,1,2023-2024,8.17,90.45
STU0274,2,2023-2024,6.22,93.3
STU0274,3,2024-2025,8.73,92.47
STU0274,4,2024-2025,8.15,94.86
STU0275,1,2023-2024,7.84,87.53
STU0275,2,2023-2024,8.49,62.84
STU0275,3,2024-2025,7.44,72.39
STU0275,4,2024-2025,8.91,86.57
STU0276,1,2023-2024,3.39,22.38
STU0276,2,2023-2024,3.49,29.35
STU0276,3,2024-2025,2.68,37.82
STU0276,4,2024-2025,2.87,25.86
STU0277,1,2023-2024,8.86,77.46
STU0277,2,2023-2024,6.79,91.22
STU0277,3,2024-2025,8.41,87.48
STU0277,4,2024-2025,6.02,83.05
STU0278,1,2023-2024,10.0,94.81
STU0278,2,2023-2024,6.78,82.63
STU0278,3,2024-2025,8.75,83.94
STU0278,4,2024-2025,8.15,92.17
STU0279,1,2023-2024,7.65,78.47
STU0279,2,2023-2024,6.81,72.0
STU0279,3,2024-2025,6.62,67.98
STU0279,4,2024-2025,6.52,55.91
STU0280,1,2023-2024,9.56,83.36
STU0280,2,2023-2024,8.62,84.41
STU0280,3,2024-2025,8.5,89.68
STU0280,4,2024-2025,8.37,99.0
STU0281,1,2023-2024,5.54,50.99
STU0281,2,2023-2024,4.57,61.51
STU0281,3,2024-2025,4.5,59.7
STU0281,4,2024-2025,3.74,52.7
STU0282,1,2023-2024,4.86,37.35
STU0282,2,2023-2024,4.14,31.5
STU0282,3,2024-2025,6.41,46.09
STU0282,4,2024-2025,5.74,46.53
STU0283,1,2023-2024,6.47,53.41
STU0283,2,2023-2024,6.7,59.38
STU0283,3,2024-2025,4.3,59.43
STU0283,4,2024-2025,6.85,45.83
STU0284,1,2023-2024,7.23,73.8
STU0284,2,2023-2024,6.38,74.82
STU0284,3,2024-2025,7.05,74.66
STU0284,4,2024-2025,7.29,74.93
STU0285,1,2023-2024,8.43,71.87
STU0285,2,2023-2024,9.86,82.16
STU0285,3,2024-2025,8.02,87.29
STU0285,4,2024-2025,9.16,88.9
STU0286,1,2023-2024,5.65,66.25
STU0286,2,2023-2024,6.85,65.4
STU0286,3,2024-2025,6.24,66.78
STU0286,4,2024-2025,6.04,52.21
STU0287,1,2023-2024,6.66,84.27
STU0287,2,2023-2024,9.7,85.54
STU0287,3,2024-2025,7.03,80.06
STU0287,4,2024-2025,8.56,81.78
STU0288,1,2023-2024,4.41,47.46
STU0288,2,2023-2024,5.51,53.53
STU0288,3,2024-2025,5.01,49.67
STU0288,4,2024-2025,5.92,57.3
STU0289,1,2023-2024,7.9,86.38
STU0289,2,2023-2024,8.45,74.94
STU0289,3,2024-2025,7.42,69.89
STU0289,4,2024-2025,7.25,76.94
STU0290,1,2023-2024,8.65,87.79
STU0290,2,2023-2024,10.0,100.0
STU0290,3,2024-2025,6.42,74.73
STU0290,4,2024-2025,9.03,85.96
STU0291,1,2023-2024,7.5,73.85
STU0291,2,2023-2024,9.58,76.17
STU0291,3,2024-2025,7.21,85.2
STU0291,4,2024-2025,9.0,86.08
STU0292,1,2023-2024,8.29,81.59
STU0292,2,2023-2024,7.51,72.13
STU0292,3,2024-2025,5.02,73.44
STU0292,4,2024-2025,6.81,81.83
STU0293,1,2023-2024,5.71,63.67
STU0293,2,2023-2024,5.3,68.34
STU0293,3,2024-2025,6.35,59.79
STU0293,4,2024-2025,7.12,60.88
STU0294,1,2023-2024,5.82,62.3
STU0294,2,2023-2024,6.42,60.06
STU0294,3,2024-2025,8.27,69.94
STU0294,4,2024-2025,6.66,69.9
STU0295,1,2023-2024,9.2,89.3
STU0295,2,2023-2024,9.09,78.26
STU0295,3,2024-2025,10.0,89.45
STU0295,4,2024-2025,8.31,86.6
STU0296,1,2023-2024,6.11,52.11
STU0296,2,2023-2024,5.81,51.04
STU0296,3,2024-2025,5.67,43.55
STU0296,4,2024-2025,5.2,60.98
STU0297,1,2023-2024,10.0,99.39
STU0297,2,2023-2024,7.95,100.0
STU0297,3,2024-2025,10.0,100.0
STU0297,4,2024-2025,9.23,99.23
STU0298,1,2023-2024,10.0,86.01
STU0298,2,2023-2024,8.51,93.41
STU0298,3,2024-2025,10.0,97.59
STU0298,4,2024-2025,8.44,90.36
STU0299,1,2023-2024,8.69,81.18
STU0299,2,2023-2024,10.0,94.44
STU0299,3,2024-2025,7.55,83.26
STU0299,4,2024-2025,9.97,90.87
STU0300,1,2023-2024,5.04,53.53
STU0300,2,2023-2024,7.59,62.59
STU0300,3,2024-2025,6.57,51.61
STU0300,4,2024-2025,4.68,63.9
STU0301,1,2023-2024,8.83,83.62
STU0301,2,2023-2024,7.55,83.92
STU0301,3,2024-2025,7.6,86.26
STU0301,4,2024-2025,6.41,94.71
STU0302,1,2023-2024,7.81,64.39
STU0302,2,2023-2024,5.39,56.03
STU0302,3,2024-2025,6.6,55.67
STU0302,4,2024-2025,4.81,55.68
STU0303,1,2023-2024,3.48,39.08
STU0303,2,2023-2024,3.94,42.79
STU0303,3,2024-2025,4.69,48.42
STU0303,4,2024-2025,5.13,37.56
STU0304,1,2023-2024,9.02,77.95
STU0304,2,2023-2024,10.0,70.29
STU0304,3,2024-2025,6.86,86.82
STU0304,4,2024-2025,5.28,75.22
STU0305,1,2023-2024,6.61,70.02
STU0305,2,2023-2024,5.1,67.06
STU0305,3,2024-2025,4.94,72.02
STU0305,4,2024-2025,7.29,56.24
STU0306,1,2023-2024,5.62,48.65
STU0306,2,2023-2024,3.92,35.74
STU0306,3,2024-2025,3.03,31.29
STU0306,4,2024-2025,1.87,44.06
STU0307,1,2023-2024,4.41,50.92
STU0307,2,2023-2024,2.99,52.73
STU0307,3,2024-2025,5.3,56.97
STU0307,4,2024-2025,5.5,51.9
STU0308,1,2023-2024,7.33,82.14
STU0308,2,2023-2024,8.08,81.93
STU0308,3,2024-2025,8.1,84.9
STU0308,4,2024-2025,9.07,83.18
STU0309,1,2023-2024,9.63,85.25
STU0309,2,2023-2024,7.42,83.29
STU0309,3,2024-2025,8.92,95.48
STU0309,4,2024-2025,7.57,91.32
STU0310,1,2023-2024,6.02,58.42
STU0310,2,2023-2024,5.4,53.09
STU0310,3,2024-2025,5.27,44.59
STU0310,4,2024-2025,6.54,56.75
STU0311,1,2023-2024,8.4,69.9
STU0311,2,2023-2024,8.55,85.33
STU0311,3,2024-2025,8.03,72.92
STU0311,4,2024-2025,8.24,86.65
STU0312,1,2023-2024,6.99,93.4
STU0312,2,2023-2024,10.0,92.2
STU0312,3,2024-2025,9.14,93.48
STU0312,4,2024-2025,8.36,85.46
STU0313,1,2023-2024,8.67,79.54
STU0313,2,2023-2024,6.84,64.02
STU0313,3,2024-2025,6.26,73.03
STU0313,4,2024-2025,6.84,77.23
STU0314,1,2023-2024,8.6,79.37
STU0314,2,2023-2024,7.55,78.03
STU0314,3,2024-2025,5.83,75.06
STU0314,4,2024-2025,7.41,75.54
STU0315,1,2023-2024,8.35,82.57
STU0315,2,2023-2024,8.31,84.98
STU0315,3,2024-2025,9.12,97.38
STU0315,4,2024-2025,8.8,85.13
STU0316,1,2023-2024,6.32,61.68
STU0316,2,2023-2024,7.65,75.84
STU0316,3,2024-2025,5.56,65.98
STU0316,4,2024-2025,6.77,61.24
STU0317,1,2023-2024,8.26,86.39
STU0317,2,2023-2024,7.56,75.61
STU0317,3,2024-2025,8.63,80.88
STU0317,4,2024-2025,7.89,76.41
STU0318,1,2023-2024,7.56,73.4
STU0318,2,2023-2024,7.32,73.19
STU0318,3,2024-2025,9.6,66.21
STU0318,4,2024-2025,7.81,65.98
STU0319,1,2023-2024,6.64,82.47
STU0319,2,2023-2024,6.34,77.3
STU0319,3,2024-2025,6.6,69.49
STU0319,4,2024-2025,6.62,77.18
STU0320,1,2023-2024,8.1,89.12
STU0320,2,2023-2024,8.7,89.01
STU0320,3,2024-2025,10.0,93.72
STU0320,4,2024-2025,8.34,78.66
STU0321,1,2023-2024,2.92,15.83
STU0321,2,2023-2024,1.35,23.01
STU0321,3,2024-2025,1.26,21.16
STU0321,4,2024-2025,2.43,29.28
STU0322,1,2023-2024,7.7,84.32
STU0322,2,2023-2024,6.78,65.26
STU0322,3,2024-2025,8.55,81.87
STU0322,4,2024-2025,6.18,71.84
STU0323,1,2023-2024,9.04,84.98
STU0323,2,2023-2024,10.0,85.04
STU0323,3,2024-2025,9.06,86.64
STU0323,4,2024-2025,8.1,84.55
STU0324,1,2023-2024,6.95,68.21
STU0324,2,2023-2024,7.33,77.44
STU0324,3,2024-2025,7.6,72.82
STU0324,4,2024-2025,5.86,68.86
STU0325,1,2023-2024,9.83,90.7
STU0325,2,2023-2024,9.53,91.11
STU0325,3,2024-2025,10.0,94.21
STU0325,4,2024-2025,9.33,89.7
STU0326,1,2023-2024,7.1,62.08
STU0326,2,2023-2024,7.77,74.42
STU0326,3,2024-2025,4.63,69.56
STU0326,4,2024-2025,4.62,70.67
STU0327,1,2023-2024,5.98,58.91
STU0327,2,2023-2024,5.88,55.85
STU0327,3,2024-2025,8.75,63.13
STU0327,4,2024-2025,3.83,61.14
STU0328,1,2023-2024,8.55,79.95
STU0328,2,2023-2024,10.0,95.7
STU0328,3,2024-2025,7.9,87.43
STU0328,4,2024-2025,9.36,86.94
STU0329,1,2023-2024,8.51,87.83
STU0329,2,2023-2024,9.72,91.08
STU0329,3,2024-2025,8.62,100.0
STU0329,4,2024-2025,8.46,87.68
STU0330,1,2023-2024,4.76,61.08
STU0330,2,2023-2024,6.85,63.1
STU0330,3,2024-2025,5.53,58.34
STU0330,4,2024-2025,7.01,51.42
STU0331,1,2023-2024,5.98,59.9
STU0331,2,2023-2024,5.66,65.53
STU0331,3,2024-2025,5.71,56.44
STU0331,4,2024-2025,5.97,57.53
STU0332,1,2023-2024,9.76,91.16
STU0332,2,2023-2024,5.89,86.34
STU0332,3,2024-2025,8.66,78.61
STU0332,4,2024-2025,6.79,89.3
STU0333,1,2023-2024,5.5,66.97
STU0333,2,2023-2024,6.66,76.81
STU0333,3,2024-2025,7.66,75.1
STU0333,4,2024-2025,6.21,82.32
STU0334,1,2023-2024,9.63,93.61
STU0334,2,2023-2024,10.0,93.01
STU0334,3,2024-2025,8.93,100.0
STU0334,4,2024-2025,9.71,94.97
STU0335,1,2023-2024,8.82,83.03
STU0335,2,2023-2024,9.43,88.24
STU0335,3,2024-2025,8.63,85.03
STU0335,4,2024-2025,8.95,78.02
STU0336,1,2023-2024,9.35,76.55
STU0336,2,2023-2024,7.63,86.28
STU0336,3,2024-2025,8.66,83.19
STU0336,4,2024-2025,8.99,88.55
STU0337,1,2023-2024,4.61,30.39
STU0337,2,2023-2024,4.6,37.31
STU0337,3,2024-2025,5.02,30.39
STU0337,4,2024-2025,3.88,35.43
STU0338,1,2023-2024,6.36,67.0
STU0338,2,2023-2024,8.27,84.31
STU0338,3,2024-2025,7.25,83.98
STU0338,4,2024-2025,7.24,78.5
STU0339,1,2023-2024,5.95,82.65
STU0339,2,2023-2024,7.02,81.14
STU0339,3,2024-2025,8.95,75.26
STU0339,4,2024-2025,8.78,87.26
STU0340,1,2023-2024,6.12,78.3
STU0340,2,2023-2024,8.51,83.04
STU0340,3,2024-2025,9.12,79.82
STU0340,4,2024-2025,7.2,82.8
STU0341,1,2023-2024,8.19,89.46
STU0341,2,2023-2024,8.03,74.37
STU0341,3,2024-2025,6.84,73.68
STU0341,4,2024-2025,9.78,92.21
STU0342,1,2023-2024,8.14,61.81
STU0342,2,2023-2024,5.88,72.82
STU0342,3,2024-2025,8.47,63.41
STU0342,4,2024-2025,5.68,68.96
STU0343,1,2023-2024,7.51,85.18
STU0343,2,2023-2024,10.0,97.11
STU0343,3,2024-2025,6.82,100.0
STU0343,4,2024-2025,8.79,81.7
STU0344,1,2023-2024,8.07,82.77
STU0344,2,2023-2024,8.7,95.3
STU0344,3,2024-2025,7.37,94.76
STU0344,4,2024-2025,8.94,85.8
STU0345,1,2023-2024,7.84,83.92
STU0345,2,2023-2024,9.94,91.59
STU0345,3,2024-2025,9.13,89.25
STU0345,4,2024-2025,7.66,96.09
STU0346,1,2023-2024,6.48,58.9
STU0346,2,2023-2024,6.43,60.46
STU0346,3,2024-2025,6.12,68.79
STU0346,4,2024-2025,5.89,50.62
STU0347,1,2023-2024,6.77,74.18
STU0347,2,2023-2024,6.83,63.63
STU0347,3,2024-2025,8.51,73.39
STU0347,4,2024-2025,7.25,74.0
STU0348,1,2023-2024,6.09,66.2
STU0348,2,2023-2024,7.32,63.85
STU0348,3,2024-2025,6.42,75.49
STU0348,4,2024-2025,7.22,73.66
STU0349,1,2023-2024,3.95,43.47
STU0349,2,2023-2024,5.58,49.96
STU0349,3,2024-2025,5.18,55.79
STU0349,4,2024-2025,4.87,44.65
STU0350,1,2023-2024,7.44,56.14
STU0350,2,2023-2024,6.32,62.61
STU0350,3,2024-2025,6.45,47.95
STU0350,4,2024-2025,6.9,60.7
STU0351,1,2023-2024,2.99,30.89
STU0351,2,2023-2024,2.89,26.42
STU0351,3,2024-2025,3.84,35.14
STU0351,4,2024-2025,3.4,36.12
STU0352,1,2023-2024,7.87,100.0
STU0352,2,2023-2024,10.0,100.0
STU0352,3,2024-2025,9.96,92.44
STU0352,4,2024-2025,9.45,98.64
STU0353,1,2023-2024,10.0,82.47
STU0353,2,2023-2024,7.98,81.11
STU0353,3,2024-2025,7.25,83.85
STU0353,4,2024-2025,8.27,88.77
STU0354,1,2023-2024,8.53,86.44
STU0354,2,2023-2024,8.96,78.46
STU0354,3,2024-2025,6.54,87.56
STU0354,4,2024-2025,9.93,80.5
STU0355,1,2023-2024,9.79,98.72
STU0355,2,2023-2024,8.78,91.68
STU0355,3,2024-2025,9.28,89.1
STU0355,4,2024-2025,9.62,100.0
STU0356,1,2023-2024,6.53,63.35
STU0356,2,2023-2024,7.54,54.94
STU0356,3,2024-2025,5.92,73.95
STU0356,4,2024-2025,8.96,70.69
STU0357,1,2023-2024,7.26,78.8
STU0357,2,2023-2024,8.74,80.79
STU0357,3,2024-2025,8.52,81.99
STU0357,4,2024-2025,8.31,87.78
STU0358,1,2023-2024,9.04,92.79
STU0358,2,2023-2024,8.41,92.94
STU0358,3,2024-2025,9.21,90.83
STU0358,4,2024-2025,9.68,91.71
STU0359,1,2023-2024,6.23,64.47
STU0359,2,2023-2024,10.0,83.83
STU0359,3,2024-2025,8.35,73.51
STU0359,4,2024-2025,6.04,90.16
STU0360,1,2023-2024,7.6,71.38
STU0360,2,2023-2024,5.56,69.93
STU0360,3,2024-2025,6.19,63.18
STU0360,4,2024-2025,7.55,75.29
STU0361,1,2023-2024,5.44,66.14
STU0361,2,2023-2024,6.67,65.66
STU0361,3,2024-2025,7.88,66.44
STU0361,4,2024-2025,4.98,69.25
STU0362,1,2023-2024,7.72,78.25
STU0362,2,2023-2024,6.72,67.68
STU0362,3,2024-2025,7.87,69.31
STU0362,4,2024-2025,8.32,90.47
STU0363,1,2023-2024,6.01,56.22
STU0363,2,2023-2024,5.28,52.44
STU0363,3,2024-2025,3.49,54.14
STU0363,4,2024-2025,3.91,58.0
STU0364,1,2023-2024,5.93,73.95
STU0364,2,2023-2024,6.47,60.63
STU0364,3,2024-2025,6.92,63.18
STU0364,4,2024-2025,5.51,60.36
STU0365,1,2023-2024,6.87,76.39
STU0365,2,2023-2024,7.18,79.49
STU0365,3,2024-2025,5.87,72.95
STU0365,4,2024-2025,5.04,64.74
STU0366,1,2023-2024,7.61,80.04
STU0366,2,2023-2024,9.86,82.49
STU0366,3,2024-2025,7.1,97.03
STU0366,4,2024-2025,10.0,91.13
STU0367,1,2023-2024,6.3,99.17
STU0367,2,2023-2024,10.0,97.18
STU0367,3,2024-2025,10.0,97.12
STU0367,4,2024-2025,10.0,89.13
STU0368,1,2023-2024,8.72,85.95
STU0368,2,2023-2024,10.0,100.0
STU0368,3,2024-2025,9.65,90.68
STU0368,4,2024-2025,9.12,93.0
STU0369,1,2023-2024,6.42,44.92
STU0369,2,2023-2024,6.55,52.31
STU0369,3,2024-2025,4.79,56.14
STU0369,4,2024-2025,4.82,42.63
STU0370,1,2023-2024,10.0,100.0
STU0370,2,2023-2024,9.14,93.5
STU0370,3,2024-2025,10.0,94.13
STU0370,4,2024-2025,9.19,95.67
STU0371,1,2023-2024,3.44,38.46
STU0371,2,2023-2024,2.14,38.49
STU0371,3,2024-2025,2.25,31.3
STU0371,4,2024-2025,2.81,33.96
STU0372,1,2023-2024,5.77,61.0
STU0372,2,2023-2024,7.01,53.86
STU0372,3,2024-2025,4.23,54.82
STU0372,4,2024-2025,4.97,64.96
STU0373,1,2023-2024,8.41,100.0
STU0373,2,2023-2024,8.06,79.57
STU0373,3,2024-2025,7.54,93.21
STU0373,4,2024-2025,8.01,92.61
STU0374,1,2023-2024,7.89,90.93
STU0374,2,2023-2024,7.34,81.6
STU0374,3,2024-2025,6.92,85.01
STU0374,4,2024-2025,7.58,94.63
STU0375,1,2023-2024,7.97,72.24
STU0375,2,2023-2024,7.04,65.96
STU0375,3,2024-2025,6.88,78.0
STU0375,4,2024-2025,7.3,63.2
STU0376,1,2023-2024,9.59,98.47
STU0376,2,2023-2024,8.45,100.0
STU0376,3,2024-2025,10.0,100.0
STU0376,4,2024-2025,9.66,100.0
STU0377,1,2023-2024,7.99,84.35
STU0377,2,2023-2024,9.31,80.85
STU0377,3,2024-2025,7.55,82.03
STU0377,4,2024-2025,8.66,80.61
STU0378,1,2023-2024,9.87,78.02
STU0378,2,2023-2024,8.5,82.25
STU0378,3,2024-2025,8.46,87.15
STU0378,4,2024-2025,9.49,85.64
STU0379,1,2023-2024,3.59,43.48
STU0379,2,2023-2024,6.35,56.49
STU0379,3,2024-2025,3.44,33.26
STU0379,4,2024-2025,4.36,44.34
STU0380,1,2023-2024,8.79,85.55
STU0380,2,2023-2024,9.34,90.94
STU0380,3,2024-2025,7.38,86.6
STU0380,4,2024-2025,7.1,87.29
STU0381,1,2023-2024,7.99,87.98
STU0381,2,2023-2024,7.67,94.36
STU0381,3,2024-2025,8.32,84.73
STU0381,4,2024-2025,9.02,79.62
STU0382,1,2023-2024,9.05,81.38
STU0382,2,2023-2024,9.31,81.44
STU0382,3,2024-2025,7.75,75.49
STU0382,4,2024-2025,7.43,74.15
STU0383,1,2023-2024,8.79,63.98
STU0383,2,2023-2024,6.45,57.57
STU0383,3,2024-2025,5.15,73.99
STU0383,4,2024-2025,8.16,72.32
STU0384,1,2023-2024,4.49,56.72
STU0384,2,2023-2024,3.1,47.64
STU0384,3,2024-2025,3.82,44.9
STU0384,4,2024-2025,5.2,60.05
STU0385,1,2023-2024,10.0,98.74
STU0385,2,2023-2024,7.81,98.36
STU0385,3,2024-2025,8.16,95.46
STU0385,4,2024-2025,9.13,100.0
STU0386,1,2023-2024,9.19,100.0
STU0386,2,2023-2024,6.6,100.0
STU0386,3,2024-2025,8.62,94.13
STU0386,4,2024-2025,8.45,87.14
STU0387,1,2023-2024,2.36,32.4
STU0387,2,2023-2024,2.45,38.79
STU0387,3,2024-2025,4.66,43.87
STU0387,4,2024-2025,4.19,33.27
STU0388,1,2023-2024,10.0,100.0
STU0388,2,2023-2024,10.0,99.12
STU0388,3,2024-2025,10.0,99.65
STU0388,4,2024-2025,7.76,92.78
STU0389,1,2023-2024,10.0,96.38
STU0389,2,2023-2024,8.36,100.0
STU0389,3,2024-2025,9.53,85.29
STU0389,4,2024-2025,8.71,100.0
STU0390,1,2023-2024,5.75,68.85
STU0390,2,2023-2024,7.95,70.5
STU0390,3,2024-2025,6.87,71.4
STU0390,4,2024-2025,8.84,62.69
STU0391,1,2023-2024,6.62,79.2
STU0391,2,2023-2024,9.06,74.39
STU0391,3,2024-2025,7.68,68.63
STU0391,4,2024-2025,7.6,76.09
STU0392,1,2023-2024,10.0,71.93
STU0392,2,2023-2024,7.89,84.53
STU0392,3,2024-2025,8.47,84.86
STU0392,4,2024-2025,8.56,79.51
STU0393,1,2023-2024,8.29,83.19
STU0393,2,2023-2024,8.92,82.78
STU0393,3,2024-2025,9.02,83.04
STU0393,4,2024-2025,10.0,93.23
STU0394,1,2023-2024,6.38,68.7
STU0394,2,2023-2024,5.05,62.83
STU0394,3,2024-2025,7.28,76.8
STU0394,4,2024-2025,7.11,74.83
STU0395,1,2023-2024,10.0,87.75
STU0395,2,2023-2024,7.83,81.12
STU0395,3,2024-2025,7.58,81.28
STU0395,4,2024-2025,9.06,78.67
STU0396,1,2023-2024,6.45,62.82
STU0396,2,2023-2024,4.4,63.69
STU0396,3,2024-2025,6.49,58.53
STU0396,4,2024-2025,6.29,52.93
STU0397,1,2023-2024,8.18,89.68
STU0397,2,2023-2024,9.66,93.77
STU0397,3,2024-2025,7.87,82.34
STU0397,4,2024-2025,8.27,89.77
STU0398,1,2023-2024,8.92,82.13
STU0398,2,2023-2024,8.79,90.14
STU0398,3,2024-2025,7.76,88.44
STU0398,4,2024-2025,8.3,92.75
STU0399,1,2023-2024,6.62,81.73
STU0399,2,2023-2024,6.55,79.31
STU0399,3,2024-2025,9.16,81.62
STU0399,4,2024-2025,7.97,84.06
STU0400,1,2023-2024,10.0,94.1
STU0400,2,2023-2024,9.5,93.81
STU0400,3,2024-2025,7.65,91.59
STU0400,4,2024-2025,7.63,91.42
STU0401,1,2023-2024,8.76,71.47
STU0401,2,2023-2024,6.45,64.47
STU0401,3,2024-2025,5.5,64.77
STU0401,4,2024-2025,8.14,65.73
STU0402,1,2023-2024,6.05,67.89
STU0402,2,2023-2024,6.81,69.62
STU0402,3,2024-2025,7.67,55.15
STU0402,4,2024-2025,6.27,61.9
STU0403,1,2023-2024,5.05,53.07
STU0403,2,2023-2024,6.78,60.06
STU0403,3,2024-2025,6.0,69.7
STU0403,4,2024-2025,6.57,65.8
STU0404,1,2023-2024,7.59,63.23
STU0404,2,2023-2024,7.67,67.06
STU0404,3,2024-2025,7.31,78.47
STU0404,4,2024-2025,7.29,80.63
STU0405,1,2023-2024,7.96,87.59
STU0405,2,2023-2024,7.85,90.3
STU0405,3,2024-2025,10.0,93.18
STU0405,4,2024-2025,10.0,84.5
STU0406,1,2023-2024,5.96,76.98
STU0406,2,2023-2024,8.0,75.79
STU0406,3,2024-2025,7.56,78.43
STU0406,4,2024-2025,9.02,83.83
STU0407,1,2023-2024,8.13,87.05
STU0407,2,2023-2024,9.04,83.54
STU0407,3,2024-2025,9.79,91.99
STU0407,4,2024-2025,8.3,95.81
STU0408,1,2023-2024,6.28,64.35
STU0408,2,2023-2024,5.38,56.04
STU0408,3,2024-2025,6.79,55.66
STU0408,4,2024-2025,7.49,62.33
STU0409,1,2023-2024,5.87,50.05
STU0409,2,2023-2024,5.28,56.78
STU0409,3,2024-2025,4.25,55.21
STU0409,4,2024-2025,5.12,52.97
STU0410,1,2023-2024,4.98,59.82
STU0410,2,2023-2024,5.44,49.36
STU0410,3,2024-2025,3.61,51.23
STU0410,4,2024-2025,5.43,58.57
STU0411,1,2023-2024,8.65,89.08
STU0411,2,2023-2024,9.94,100.0
STU0411,3,2024-2025,9.3,88.88
STU0411,4,2024-2025,8.53,82.56
STU0412,1,2023-2024,5.85,65.83
STU0412,2,2023-2024,8.07,72.44
STU0412,3,2024-2025,4.57,73.48
STU0412,4,2024-2025,5.59,66.76
STU0413,1,2023-2024,8.38,80.43
STU0413,2,2023-2024,8.68,85.8
STU0413,3,2024-2025,9.01,73.51
STU0413,4,2024-2025,5.58,70.65
STU0414,1,2023-2024,9.19,90.62
STU0414,2,2023-2024,7.92,90.71
STU0414,3,2024-2025,9.32,87.13
STU0414,4,2024-2025,7.93,85.69
STU0415,1,2023-2024,9.97,87.0
STU0415,2,2023-2024,9.19,91.6
STU0415,3,2024-2025,9.28,89.78
STU0415,4,2024-2025,7.37,85.78
STU0416,1,2023-2024,8.75,77.37
STU0416,2,2023-2024,8.41,68.99
STU0416,3,2024-2025,6.31,80.01
STU0416,4,2024-2025,8.82,78.44
STU0417,1,2023-2024,10.0,99.85
STU0417,2,2023-2024,8.95,100.0
STU0417,3,2024-2025,9.22,96.44
STU0417,4,2024-2025,10.0,100.0
STU0418,1,2023-2024,9.06,94.14
STU0418,2,2023-2024,9.76,100.0
STU0418,3,2024-2025,9.73,99.42
STU0418,4,2024-2025,10.0,100.0
STU0419,1,2023-2024,8.13,59.23
STU0419,2,2023-2024,5.51,63.01
STU0419,3,2024-2025,6.05,48.15
STU0419,4,2024-2025,4.43,45.79
STU0420,1,2023-2024,10.0,93.31
STU0420,2,2023-2024,7.82,90.98
STU0420,3,2024-2025,9.25,97.51
STU0420,4,2024-2025,7.45,83.68
STU0421,1,2023-2024,3.7,51.01
STU0421,2,2023-2024,6.4,61.18
STU0421,3,2024-2025,5.07,49.84
STU0421,4,2024-2025,5.27,51.06
STU0422,1,2023-2024,6.24,47.99
STU0422,2,2023-2024,5.44,59.95
STU0422,3,2024-2025,5.82,61.64
STU0422,4,2024-2025,3.64,51.53
STU0423,1,2023-2024,7.57,77.18
STU0423,2,2023-2024,8.33,67.81
STU0423,3,2024-2025,6.63,71.13
STU0423,4,2024-2025,8.74,85.29
STU0424,1,2023-2024,6.19,54.73
STU0424,2,2023-2024,3.97,51.95
STU0424,3,2024-2025,5.28,52.62
STU0424,4,2024-2025,5.1,57.11
STU0425,1,2023-2024,9.4,75.35
STU0425,2,2023-2024,7.41,73.93
STU0425,3,2024-2025,6.56,79.82
STU0425,4,2024-2025,8.81,82.2
STU0426,1,2023-2024,8.91,79.57
STU0426,2,2023-2024,8.35,83.54
STU0426,3,2024-2025,8.16,88.82
STU0426,4,2024-2025,9.79,89.25
STU0427,1,2023-2024,7.92,88.31
STU0427,2,2023-2024,10.0,71.77
STU0427,3,2024-2025,7.3,83.17
STU0427,4,2024-2025,10.0,90.02
STU0428,1,2023-2024,6.68,57.14
STU0428,2,2023-2024,4.09,49.52
STU0428,3,2024-2025,4.88,61.58
STU0428,4,2024-2025,5.18,52.93
STU0429,1,2023-2024,9.34,94.68
STU0429,2,2023-2024,8.67,96.38
STU0429,3,2024-2025,9.05,85.03
STU0429,4,2024-2025,8.21,87.28
STU0430,1,2023-2024,5.1,61.71
STU0430,2,2023-2024,5.19,65.18
STU0430,3,2024-2025,5.83,62.95
STU0430,4,2024-2025,4.99,61.01
STU0431,1,2023-2024,5.88,54.8
STU0431,2,2023-2024,6.87,58.94
STU0431,3,2024-2025,6.69,57.17
STU0431,4,2024-2025,6.16,64.22
STU0432,1,2023-2024,6.46,64.79
STU0432,2,2023-2024,7.82,73.69
STU0432,3,2024-2025,5.93,68.85
STU0432,4,2024-2025,8.93,68.86
STU0433,1,2023-2024,7.05,74.37
STU0433,2,2023-2024,6.25,72.77
STU0433,3,2024-2025,7.04,72.02
STU0433,4,2024-2025,5.75,64.16
STU0434,1,2023-2024,7.98,76.65
STU0434,2,2023-2024,9.22,75.81
STU0434,3,2024-2025,7.54,70.83
STU0434,4,2024-2025,8.87,82.42
STU0435,1,2023-2024,9.61,99.85
STU0435,2,2023-2024,10.0,100.0
STU0435,3,2024-2025,10.0,100.0
STU0435,4,2024-2025,9.27,81.31
STU0436,1,2023-2024,7.6,57.74
STU0436,2,2023-2024,4.89,67.25
STU0436,3,2024-2025,5.55,64.28
STU0436,4,2024-2025,6.05,58.54
STU0437,1,2023-2024,9.59,100.0
STU0437,2,2023-2024,10.0,96.84
STU0437,3,2024-2025,9.86,82.59
STU0437,4,2024-2025,9.1,92.05
STU0438,1,2023-2024,9.71,100.0
STU0438,2,2023-2024,9.09,92.49
STU0438,3,2024-2025,9.16,88.89
STU0438,4,2024-2025,9.87,86.17
STU0439,1,2023-2024,7.43,82.18
STU0439,2,2023-2024,9.22,83.09
STU0439,3,2024-2025,8.9,84.42
STU0439,4,2024-2025,10.0,88.87
STU0440,1,2023-2024,5.05,47.3
STU0440,2,2023-2024,3.58,40.0
STU0440,3,2024-2025,4.37,48.21
STU0440,4,2024-2025,3.3,36.43
STU0441,1,2023-2024,6.68,81.55
STU0441,2,2023-2024,6.39,75.71
STU0441,3,2024-2025,6.7,86.65
STU0441,4,2024-2025,6.9,81.27
STU0442,1,2023-2024,7.62,78.44
STU0442,2,2023-2024,8.05,63.76
STU0442,3,2024-2025,8.07,68.34
STU0442,4,2024-2025,8.35,75.63
STU0443,1,2023-2024,6.66,59.36
STU0443,2,2023-2024,5.35,46.03
STU0443,3,2024-2025,3.62,42.9
STU0443,4,2024-2025,5.23,52.03
STU0444,1,2023-2024,4.95,53.88
STU0444,2,2023-2024,3.58,48.44
STU0444,3,2024-2025,6.35,59.24
STU0444,4,2024-2025,6.25,51.85
STU0445,1,2023-2024,9.6,86.73
STU0445,2,2023-2024,7.53,84.44
STU0445,3,2024-2025,8.42,89.74
STU0445,4,2024-2025,9.21,94.32
STU0446,1,2023-2024,6.41,61.05
STU0446,2,2023-2024,7.07,74.32
STU0446,3,2024-2025,6.21,66.99
STU0446,4,2024-2025,7.29,72.15
STU0447,1,2023-2024,3.83,37.12
STU0447,2,2023-2024,2.19,37.43
STU0447,3,2024-2025,5.26,39.7
STU0447,4,2024-2025,5.91,49.52
STU0448,1,2023-2024,7.28,80.05
STU0448,2,2023-2024,7.8,81.44
STU0448,3,2024-2025,6.64,76.0
STU0448,4,2024-2025,10.0,92.15
STU0449,1,2023-2024,10.0,86.95
STU0449,2,2023-2024,7.92,89.75
STU0449,3,2024-2025,8.92,79.46
STU0449,4,2024-2025,8.74,83.94
STU0450,1,2023-2024,9.43,90.62
STU0450,2,2023-2024,9.93,81.8
STU0450,3,2024-2025,9.89,100.0
STU0450,4,2024-2025,8.45,82.88
STU0451,1,2023-2024,6.53,71.96
STU0451,2,2023-2024,5.75,77.22
STU0451,3,2024-2025,7.86,79.59
STU0451,4,2024-2025,6.32,72.59
STU0452,1,2023-2024,6.52,80.5
STU0452,2,2023-2024,8.88,66.43
STU0452,3,2024-2025,6.36,77.48
STU0452,4,2024-2025,6.99,74.25
STU0453,1,2023-2024,10.0,100.0
STU0453,2,2023-2024,8.54,95.74
STU0453,3,2024-2025,9.92,100.0
STU0453,4,2024-2025,9.33,100.0
STU0454,1,2023-2024,10.0,77.91
STU0454,2,2023-2024,7.96,89.07
STU0454,3,2024-2025,8.35,81.05
STU0454,4,2024-2025,9.14,76.99
STU0455,1,2023-2024,7.76,71.14
STU0455,2,2023-2024,8.16,82.1
STU0455,3,2024-2025,7.81,70.83
STU0455,4,2024-2025,8.54,73.29
STU0456,1,2023-2024,7.44,71.02
STU0456,2,2023-2024,6.74,66.54
STU0456,3,2024-2025,7.32,77.74
STU0456,4,2024-2025,7.49,74.46
STU0457,1,2023-2024,6.31,69.3
STU0457,2,2023-2024,6.82,73.46
STU0457,3,2024-2025,6.51,66.34
STU0457,4,2024-2025,7.29,63.13
STU0458,1,2023-2024,7.25,65.51
STU0458,2,2023-2024,6.84,66.91
STU0458,3,2024-2025,7.21,63.52
STU0458,4,2024-2025,8.47,80.23
STU0459,1,2023-2024,10.0,95.29
STU0459,2,2023-2024,10.0,100.0
STU0459,3,2024-2025,9.6,89.78
STU0459,4,2024-2025,7.83,98.85
STU0460,1,2023-2024,2.75,44.98
STU0460,2,2023-2024,4.4,49.62
STU0460,3,2024-2025,2.08,28.76
STU0460,4,2024-2025,3.28,43.66
STU0461,1,2023-2024,6.39,59.57
STU0461,2,2023-2024,4.8,60.04
STU0461,3,2024-2025,5.27,50.58
STU0461,4,2024-2025,7.13,68.89
STU0462,1,2023-2024,8.79,92.1
STU0462,2,2023-2024,8.8,82.71
STU0462,3,2024-2025,7.98,82.26
STU0462,4,2024-2025,8.63,85.84
STU0463,1,2023-2024,7.64,92.03
STU0463,2,2023-2024,8.95,100.0
STU0463,3,2024-2025,9.52,84.07
STU0463,4,2024-2025,9.26,94.34
STU0464,1,2023-2024,7.17,81.87
STU0464,2,2023-2024,7.55,95.26
STU0464,3,2024-2025,8.88,92.21
STU0464,4,2024-2025,9.42,90.36
STU0465,1,2023-2024,6.39,52.5
STU0465,2,2023-2024,5.45,42.62
STU0465,3,2024-2025,7.73,56.32
STU0465,4,2024-2025,6.04,65.62
STU0466,1,2023-2024,5.93,53.32
STU0466,2,2023-2024,4.21,50.96
STU0466,3,2024-2025,5.04,54.86
STU0466,4,2024-2025,4.72,53.09
STU0467,1,2023-2024,5.42,49.61
STU0467,2,2023-2024,5.25,55.07
STU0467,3,2024-2025,5.52,55.11
STU0467,4,2024-2025,6.2,55.55
STU0468,1,2023-2024,10.0,95.17
STU0468,2,2023-2024,10.0,87.49
STU0468,3,2024-2025,8.58,84.46
STU0468,4,2024-2025,9.9,90.04
STU0469,1,2023-2024,7.52,74.9
STU0469,2,2023-2024,9.23,84.81
STU0469,3,2024-2025,9.64,82.8
STU0469,4,2024-2025,7.35,70.06
STU0470,1,2023-2024,7.54,83.52
STU0470,2,2023-2024,9.0,78.64
STU0470,3,2024-2025,7.95,83.25
STU0470,4,2024-2025,7.45,82.34
STU0471,1,2023-2024,6.09,65.56
STU0471,2,2023-2024,4.99,68.5
STU0471,3,2024-2025,7.03,68.22
STU0471,4,2024-2025,5.55,68.63
STU0472,1,2023-2024,10.0,89.58
STU0472,2,2023-2024,9.17,90.91
STU0472,3,2024-2025,8.09,86.42
STU0472,4,2024-2025,7.55,82.89
STU0473,1,2023-2024,8.82,82.42
STU0473,2,2023-2024,7.82,76.66
STU0473,3,2024-2025,8.77,91.12
STU0473,4,2024-2025,8.31,89.92
STU0474,1,2023-2024,3.21,47.21
STU0474,2,2023-2024,6.47,49.87
STU0474,3,2024-2025,5.28,48.74
STU0474,4,2024-2025,5.16,45.31
STU0475,1,2023-2024,9.17,91.99
STU0475,2,2023-2024,7.59,71.64
STU0475,3,2024-2025,8.97,82.35
STU0475,4,2024-2025,9.31,90.51
STU0476,1,2023-2024,6.3,58.74
STU0476,2,2023-2024,5.89,61.05
STU0476,3,2024-2025,3.93,52.42
STU0476,4,2024-2025,7.33,69.9
STU0477,1,2023-2024,6.36,78.24
STU0477,2,2023-2024,7.97,78.56
STU0477,3,2024-2025,8.91,85.54
STU0477,4,2024-2025,6.1,73.28
STU0478,1,2023-2024,5.1,69.13
STU0478,2,2023-2024,6.05,63.82
STU0478,3,2024-2025,6.64,68.53
STU0478,4,2024-2025,6.2,59.82
STU0479,1,2023-2024,7.42,53.95
STU0479,2,2023-2024,6.94,66.8
STU0479,3,2024-2025,7.6,67.73
STU0479,4,2024-2025,5.05,60.43
STU0480,1,2023-2024,4.61,51.96
STU0480,2,2023-2024,5.69,61.7
STU0480,3,2024-2025,5.14,44.04
STU0480,4,2024-2025,2.26,49.77
STU0481,1,2023-2024,6.73,84.93
STU0481,2,2023-2024,7.44,80.83
STU0481,3,2024-2025,8.27,79.81
STU0481,4,2024-2025,8.83,90.31
STU0482,1,2023-2024,6.05,57.02
STU0482,2,2023-2024,4.98,49.69
STU0482,3,2024-2025,3.89,52.03
STU0482,4,2024-2025,6.63,50.45
STU0483,1,2023-2024,8.09,67.99
STU0483,2,2023-2024,5.86,71.14
STU0483,3,2024-2025,7.1,72.91
STU0483,4,2024-2025,5.83,64.02
STU0484,1,2023-2024,8.91,76.59
STU0484,2,2023-2024,7.55,80.3
STU0484,3,2024-2025,8.99,76.3
STU0484,4,2024-2025,8.4,88.42
STU0485,1,2023-2024,5.66,58.77
STU0485,2,2023-2024,8.31,73.15
STU0485,3,2024-2025,6.84,63.2
STU0485,4,2024-2025,5.18,64.8
STU0486,1,2023-2024,6.83,49.31
STU0486,2,2023-2024,3.84,43.89
STU0486,3,2024-2025,4.0,52.01
STU0486,4,2024-2025,5.55,42.11
STU0487,1,2023-2024,9.65,86.31
STU0487,2,2023-2024,9.34,87.08
STU0487,3,2024-2025,8.58,94.03
STU0487,4,2024-2025,8.36,88.11
STU0488,1,2023-2024,10.0,87.73
STU0488,2,2023-2024,9.74,90.26
STU0488,3,2024-2025,10.0,100.0
STU0488,4,2024-2025,8.53,88.87
STU0489,1,2023-2024,9.49,85.97
STU0489,2,2023-2024,9.86,86.17
STU0489,3,2024-2025,9.2,87.84
STU0489,4,2024-2025,8.33,81.93
STU0490,1,2023-2024,7.19,74.12
STU0490,2,2023-2024,8.09,68.53
STU0490,3,2024-2025,7.31,74.45
STU0490,4,2024-2025,7.49,85.53
STU0491,1,2023-2024,6.48,60.68
STU0491,2,2023-2024,5.77,52.11
STU0491,3,2024-2025,5.22,53.94
STU0491,4,2024-2025,6.31,51.81
STU0492,1,2023-2024,6.19,65.49
STU0492,2,2023-2024,7.89,70.09
STU0492,3,2024-2025,6.05,74.48
STU0492,4,2024-2025,7.71,57.97
STU0493,1,2023-2024,6.91,61.76
STU0493,2,2023-2024,5.78,56.12
STU0493,3,2024-2025,3.17,68.01
STU0493,4,2024-2025,6.66,62.76
STU0494,1,2023-2024,4.46,56.17
STU0494,2,2023-2024,4.98,59.19
STU0494,3,2024-2025,6.35,57.1
STU0494,4,2024-2025,2.8,53.52
STU0495,1,2023-2024,2.86,30.82
STU0495,2,2023-2024,2.16,32.5
STU0495,3,2024-2025,4.62,37.37
STU0495,4,2024-2025,4.02,30.22
STU0496,1,2023-2024,8.09,84.1
STU0496,2,2023-2024,8.04,75.94
STU0496,3,2024-2025,7.08,85.89
STU0496,4,2024-2025,8.87,85.71
STU0497,1,2023-2024,10.0,83.04
STU0497,2,2023-2024,9.64,82.98
STU0497,3,2024-2025,8.19,80.86
STU0497,4,2024-2025,9.43,84.13
STU0498,1,2023-2024,9.44,86.91
STU0498,2,2023-2024,10.0,100.0
STU0498,3,2024-2025,9.28,93.06
STU0498,4,2024-2025,10.0,97.65
STU0499,1,2023-2024,8.23,82.2
STU0499,2,2023-2024,9.21,94.23
STU0499,3,2024-2025,10.0,93.11
STU0499,4,2024-2025,9.3,89.01
STU0500,1,2023-2024,4.87,42.87
STU0500,2,2023-2024,4.38,52.56
STU0500,3,2024-2025,3.32,55.6
STU0500,4,2024-2025,6.14,66.05
STU0501,1,2023-2024,2.48,22.4
STU0501,2,2023-2024,2.5,28.75
STU0501,3,2024-2025,0.94,25.01
STU0501,4,2024-2025,1.61,27.64
STU0502,1,2023-2024,4.95,50.27
STU0502,2,2023-2024,4.44,36.53
STU0502,3,2024-2025,4.57,37.23
STU0502,4,2024-2025,6.04,51.38
STU0503,1,2023-2024,7.99,86.07
STU0503,2,2023-2024,10.0,82.18
STU0503,3,2024-2025,9.84,100.0
STU0503,4,2024-2025,8.17,80.1
STU0504,1,2023-2024,6.14,69.02
STU0504,2,2023-2024,8.13,59.92
STU0504,3,2024-2025,5.09,60.73
STU0504,4,2024-2025,6.2,56.29
STU0505,1,2023-2024,3.56,45.53
STU0505,2,2023-2024,5.68,64.03
STU0505,3,2024-2025,5.75,55.36
STU0505,4,2024-2025,7.62,48.68
STU0506,1,2023-2024,10.0,84.28
STU0506,2,2023-2024,10.0,87.05
STU0506,3,2024-2025,10.0,79.81
STU0506,4,2024-2025,7.44,75.97
STU0507,1,2023-2024,10.0,94.02
STU0507,2,2023-2024,10.0,90.48
STU0507,3,2024-2025,10.0,88.34
STU0507,4,2024-2025,9.91,93.24
STU0508,1,2023-2024,9.16,88.87
STU0508,2,2023-2024,8.58,93.5
STU0508,3,2024-2025,10.0,93.27
STU0508,4,2024-2025,9.99,93.13
STU0509,1,2023-2024,6.38,64.87
STU0509,2,2023-2024,7.86,78.34
STU0509,3,2024-2025,8.61,82.0
STU0509,4,2024-2025,9.02,85.45
STU0510,1,2023-2024,6.37,76.27
STU0510,2,2023-2024,8.31,80.17
STU0510,3,2024-2025,6.77,82.48
STU0510,4,2024-2025,9.96,83.52
STU0511,1,2023-2024,7.8,81.88
STU0511,2,2023-2024,7.97,87.96
STU0511,3,2024-2025,8.82,83.28
STU0511,4,2024-2025,7.71,90.5
STU0512,1,2023-2024,8.37,89.27
STU0512,2,2023-2024,7.78,86.75
STU0512,3,2024-2025,8.47,85.73
STU0512,4,2024-2025,9.9,86.1
STU0513,1,2023-2024,8.85,88.46
STU0513,2,2023-2024,9.02,73.68
STU0513,3,2024-2025,7.4,87.17
STU0513,4,2024-2025,8.54,93.01
STU0514,1,2023-2024,8.72,85.86
STU0514,2,2023-2024,7.47,77.34
STU0514,3,2024-2025,8.54,88.19
STU0514,4,2024-2025,9.1,86.28
STU0515,1,2023-2024,7.57,77.82
STU0515,2,2023-2024,6.77,77.46
STU0515,3,2024-2025,7.51,85.0
STU0515,4,2024-2025,7.69,96.88
STU0516,1,2023-2024,7.04,66.19
STU0516,2,2023-2024,7.89,70.63
STU0516,3,2024-2025,5.2,57.45
STU0516,4,2024-2025,8.42,65.46
STU0517,1,2023-2024,7.42,69.86
STU0517,2,2023-2024,8.17,79.39
STU0517,3,2024-2025,8.5,82.69
STU0517,4,2024-2025,6.31,76.12
STU0518,1,2023-2024,3.41,43.31
STU0518,2,2023-2024,4.97,49.93
STU0518,3,2024-2025,5.0,53.36
STU0518,4,2024-2025,5.29,49.61
STU0519,1,2023-2024,7.86,92.55
STU0519,2,2023-2024,7.62,88.43
STU0519,3,2024-2025,7.55,88.28
STU0519,4,2024-2025,6.96,80.92
STU0520,1,2023-2024,5.93,72.29
STU0520,2,2023-2024,6.28,61.99
STU0520,3,2024-2025,7.45,72.39
STU0520,4,2024-2025,5.15,56.12
STU0521,1,2023-2024,7.6,69.56
STU0521,2,2023-2024,6.5,80.84
STU0521,3,2024-2025,9.27,80.09
STU0521,4,2024-2025,7.39,78.69
STU0522,1,2023-2024,5.0,58.04
STU0522,2,2023-2024,4.86,60.34
STU0522,3,2024-2025,6.61,63.25
STU0522,4,2024-2025,4.76,70.96
STU0523,1,2023-2024,7.25,76.77
STU0523,2,2023-2024,7.43,87.46
STU0523,3,2024-2025,7.28,76.53
STU0523,4,2024-2025,7.01,77.77
STU0524,1,2023-2024,7.25,92.19
STU0524,2,2023-2024,8.91,92.13
STU0524,3,2024-2025,8.67,92.08
STU0524,4,2024-2025,7.82,89.97
STU0525,1,2023-2024,9.47,80.5
STU0525,2,2023-2024,7.88,68.14
STU0525,3,2024-2025,7.52,76.18
STU0525,4,2024-2025,7.17,75.83
STU0526,1,2023-2024,8.58,86.05
STU0526,2,2023-2024,9.05,76.38
STU0526,3,2024-2025,9.25,85.81
STU0526,4,2024-2025,10.0,97.21
STU0527,1,2023-2024,6.48,76.06
STU0527,2,2023-2024,6.5,66.02
STU0527,3,2024-2025,6.75,60.19
STU0527,4,2024-2025,6.61,62.42
STU0528,1,2023-2024,5.84,52.52
STU0528,2,2023-2024,4.72,50.69
STU0528,3,2024-2025,4.88,45.63
STU0528,4,2024-2025,5.44,44.54
STU0529,1,2023-2024,9.25,95.45
STU0529,2,2023-2024,10.0,100.0
STU0529,3,2024-2025,10.0,93.96
STU0529,4,2024-2025,8.07,90.77
STU0530,1,2023-2024,10.0,80.95
STU0530,2,2023-2024,9.05,78.9
STU0530,3,2024-2025,8.86,89.07
STU0530,4,2024-2025,8.62,90.03
STU0531,1,2023-2024,10.0,86.35
STU0531,2,2023-2024,5.8,92.1
STU0531,3,2024-2025,10.0,94.34
STU0531,4,2024-2025,9.83,79.24
STU0532,1,2023-2024,7.52,67.94
STU0532,2,2023-2024,8.06,75.35
STU0532,3,2024-2025,5.74,76.25
STU0532,4,2024-2025,7.86,73.15
STU0533,1,2023-2024,5.16,47.2
STU0533,2,2023-2024,6.99,60.54
STU0533,3,2024-2025,5.86,56.93
STU0533,4,2024-2025,4.08,53.34
STU0534,1,2023-2024,9.18,81.12
STU0534,2,2023-2024,9.28,85.1
STU0534,3,2024-2025,7.79,80.22
STU0534,4,2024-2025,9.04,87.14
STU0535,1,2023-2024,3.97,23.65
STU0535,2,2023-2024,3.38,27.87
STU0535,3,2024-2025,0.0,21.62
STU0535,4,2024-2025,2.57,27.32
STU0536,1,2023-2024,5.9,64.47
STU0536,2,2023-2024,7.6,60.79
STU0536,3,2024-2025,7.05,68.64
STU0536,4,2024-2025,4.42,68.13
STU0537,1,2023-2024,8.6,99.26
STU0537,2,2023-2024,8.23,84.78
STU0537,3,2024-2025,7.31,82.69
STU0537,4,2024-2025,9.73,90.74
STU0538,1,2023-2024,7.74,81.7
STU0538,2,2023-2024,6.39,61.36
STU0538,3,2024-2025,5.05,55.16
STU0538,4,2024-2025,7.97,77.1
STU0539,1,2023-2024,5.02,71.17
STU0539,2,2023-2024,5.22,57.95
STU0539,3,2024-2025,8.43,69.14
STU0539,4,2024-2025,6.23,65.0
STU0540,1,2023-2024,4.61,65.24
STU0540,2,2023-2024,4.92,64.54
STU0540,3,2024-2025,6.34,63.36
STU0540,4,2024-2025,6.72,68.86
STU0541,1,2023-2024,4.97,54.55
STU0541,2,2023-2024,5.28,50.96
STU0541,3,2024-2025,5.85,59.78
STU0541,4,2024-2025,6.63,55.38
STU0542,1,2023-2024,9.29,96.26
STU0542,2,2023-2024,8.1,83.18
STU0542,3,2024-2025,9.33,86.47
STU0542,4,2024-2025,10.0,84.73
STU0543,1,2023-2024,5.84,77.04
STU0543,2,2023-2024,6.89,72.82
STU0543,3,2024-2025,5.91,79.96
STU0543,4,2024-2025,6.83,76.22
STU0544,1,2023-2024,8.86,60.83
STU0544,2,2023-2024,6.18,73.71
STU0544,3,2024-2025,8.02,71.45
STU0544,4,2024-2025,7.28,73.37
STU0545,1,2023-2024,6.82,59.68
STU0545,2,2023-2024,5.56,50.82
STU0545,3,2024-2025,4.35,54.02
STU0545,4,2024-2025,6.14,53.4
STU0546,1,2023-2024,9.69,84.64
STU0546,2,2023-2024,7.68,93.1
STU0546,3,2024-2025,10.0,100.0
STU0546,4,2024-2025,9.59,91.69
STU0547,1,2023-2024,8.34,100.0
STU0547,2,2023-2024,5.7,72.74
STU0547,3,2024-2025,9.49,95.6
STU0547,4,2024-2025,8.65,90.56
STU0548,1,2023-2024,6.29,63.15
STU0548,2,2023-2024,7.0,69.07
STU0548,3,2024-2025,7.56,75.8
STU0548,4,2024-2025,6.96,69.14
STU0549,1,2023-2024,9.9,100.0
STU0549,2,2023-2024,9.22,85.44
STU0549,3,2024-2025,10.0,93.0
STU0549,4,2024-2025,9.75,99.88
STU0550,1,2023-2024,7.71,65.2
STU0550,2,2023-2024,7.77,71.43
STU0550,3,2024-2025,9.72,74.63
STU0550,4,2024-2025,6.42,71.61
STU0551,1,2023-2024,10.0,100.0
STU0551,2,2023-2024,8.78,70.97
STU0551,3,2024-2025,7.47,85.54
STU0551,4,2024-2025,7.92,84.43
STU0552,1,2023-2024,5.43,51.11
STU0552,2,2023-2024,4.78,57.65
STU0552,3,2024-2025,4.54,54.5
STU0552,4,2024-2025,4.91,49.95
STU0553,1,2023-2024,9.88,89.24
STU0553,2,2023-2024,9.83,100.0
STU0553,3,2024-2025,9.2,88.23
STU0553,4,2024-2025,8.68,98.07
STU0554,1,2023-2024,6.39,66.39
STU0554,2,2023-2024,6.05,60.13
STU0554,3,2024-2025,6.53,65.05
STU0554,4,2024-2025,5.65,59.28
STU0555,1,2023-2024,5.38,66.82
STU0555,2,2023-2024,7.49,73.69
STU0555,3,2024-2025,6.02,61.05
STU0555,4,2024-2025,7.46,70.54
STU0556,1,2023-2024,8.92,80.93
STU0556,2,2023-2024,9.2,77.19
STU0556,3,2024-2025,6.92,78.01
STU0556,4,2024-2025,7.47,94.35
STU0557,1,2023-2024,8.9,90.86
STU0557,2,2023-2024,9.13,95.4
STU0557,3,2024-2025,9.28,93.38
STU0557,4,2024-2025,8.65,83.2
STU0558,1,2023-2024,7.6,75.24
STU0558,2,2023-2024,8.3,76.93
STU0558,3,2024-2025,6.44,81.93
STU0558,4,2024-2025,6.67,73.64
STU0559,1,2023-2024,5.67,60.73
STU0559,2,2023-2024,5.57,54.0
STU0559,3,2024-2025,6.59,50.15
STU0559,4,2024-2025,5.82,41.66
STU0560,1,2023-2024,5.54,62.29
STU0560,2,2023-2024,5.99,59.54
STU0560,3,2024-2025,6.61,72.74
STU0560,4,2024-2025,6.15,60.82
STU0561,1,2023-2024,7.52,73.8
STU0561,2,2023-2024,8.44,83.85
STU0561,3,2024-2025,6.68,72.28
STU0561,4,2024-2025,7.9,84.87
STU0562,1,2023-2024,5.47,74.19
STU0562,2,2023-2024,6.78,74.52
STU0562,3,2024-2025,7.6,67.08
STU0562,4,2024-2025,5.72,83.39
STU0563,1,2023-2024,4.38,52.35
STU0563,2,2023-2024,4.07,43.53
STU0563,3,2024-2025,4.14,51.19
STU0563,4,2024-2025,4.94,55.37
STU0564,1,2023-2024,8.87,88.73
STU0564,2,2023-2024,7.59,84.41
STU0564,3,2024-2025,8.82,100.0
STU0564,4,2024-2025,7.41,93.28
STU0565,1,2023-2024,8.83,78.64
STU0565,2,2023-2024,10.0,87.65
STU0565,3,2024-2025,7.52,81.23
STU0565,4,2024-2025,9.66,94.64
STU0566,1,2023-2024,8.13,74.52
STU0566,2,2023-2024,7.3,76.84
STU0566,3,2024-2025,7.58,70.53
STU0566,4,2024-2025,7.3,72.95
STU0567,1,2023-2024,9.81,90.96
STU0567,2,2023-2024,9.33,89.39
STU0567,3,2024-2025,10.0,83.85
STU0567,4,2024-2025,8.6,85.8
STU0568,1,2023-2024,5.13,54.59
STU0568,2,2023-2024,5.16,52.58
STU0568,3,2024-2025,5.07,54.74
STU0568,4,2024-2025,4.43,52.35
STU0569,1,2023-2024,6.31,65.38
STU0569,2,2023-2024,7.68,69.33
STU0569,3,2024-2025,7.65,65.76
STU0569,4,2024-2025,6.86,63.89
STU0570,1,2023-2024,10.0,84.58
STU0570,2,2023-2024,9.43,87.02
STU0570,3,2024-2025,8.01,95.16
STU0570,4,2024-2025,8.11,85.6
STU0571,1,2023-2024,9.17,78.59
STU0571,2,2023-2024,9.01,91.03
STU0571,3,2024-2025,10.0,86.42
STU0571,4,2024-2025,9.07,82.48
STU0572,1,2023-2024,5.98,68.05
STU0572,2,2023-2024,7.28,72.26
STU0572,3,2024-2025,7.23,59.84
STU0572,4,2024-2025,7.47,79.33
STU0573,1,2023-2024,4.87,55.35
STU0573,2,2023-2024,6.38,46.23
STU0573,3,2024-2025,5.94,59.63
STU0573,4,2024-2025,4.66,50.28
STU0574,1,2023-2024,6.94,73.87
STU0574,2,2023-2024,6.09,76.05
STU0574,3,2024-2025,6.91,61.72
STU0574,4,2024-2025,6.97,78.04
STU0575,1,2023-2024,9.82,98.07
STU0575,2,2023-2024,10.0,100.0
STU0575,3,2024-2025,10.0,100.0
STU0575,4,2024-2025,8.9,80.25
STU0576,1,2023-2024,10.0,78.62
STU0576,2,2023-2024,9.7,89.95
STU0576,3,2024-2025,8.4,84.52
STU0576,4,2024-2025,9.03,81.38
STU0577,1,2023-2024,5.67,52.41
STU0577,2,2023-2024,5.56,58.96
STU0577,3,2024-2025,3.12,43.64
STU0577,4,2024-2025,4.93,55.19
STU0578,1,2023-2024,9.37,74.48
STU0578,2,2023-2024,8.13,64.79
STU0578,3,2024-2025,8.91,62.04
STU0578,4,2024-2025,6.76,59.19
STU0579,1,2023-2024,7.12,58.83
STU0579,2,2023-2024,6.23,70.28
STU0579,3,2024-2025,9.0,60.08
STU0579,4,2024-2025,6.36,76.52
STU0580,1,2023-2024,7.99,72.61
STU0580,2,2023-2024,6.65,59.82
STU0580,3,2024-2025,6.95,69.65
STU0580,4,2024-2025,5.65,53.94
STU0581,1,2023-2024,8.43,81.81
STU0581,2,2023-2024,7.52,83.56
STU0581,3,2024-2025,6.14,66.31
STU0581,4,2024-2025,7.32,76.05
STU0582,1,2023-2024,7.5,67.01
STU0582,2,2023-2024,4.97,56.13
STU0582,3,2024-2025,7.06,63.49
STU0582,4,2024-2025,5.67,59.39
STU0583,1,2023-2024,4.39,52.07
STU0583,2,2023-2024,5.39,43.76
STU0583,3,2024-2025,2.23,37.31
STU0583,4,2024-2025,3.18,42.02
STU0584,1,2023-2024,5.95,64.03
STU0584,2,2023-2024,5.11,58.66
STU0584,3,2024-2025,7.65,71.33
STU0584,4,2024-2025,7.59,62.28
STU0585,1,2023-2024,7.17,70.67
STU0585,2,2023-2024,6.33,71.21
STU0585,3,2024-2025,6.08,70.73
STU0585,4,2024-2025,6.63,70.9
STU0586,1,2023-2024,5.62,48.91
STU0586,2,2023-2024,6.02,54.58
STU0586,3,2024-2025,7.33,56.73
STU0586,4,2024-2025,6.01,64.35
STU0587,1,2023-2024,7.68,80.97
STU0587,2,2023-2024,7.98,83.49
STU0587,3,2024-2025,10.0,86.2
STU0587,4,2024-2025,7.45,89.84
STU0588,1,2023-2024,5.99,70.77
STU0588,2,2023-2024,10.0,84.51
STU0588,3,2024-2025,7.32,74.67
STU0588,4,2024-2025,9.34,80.18
STU0589,1,2023-2024,7.31,79.01
STU0589,2,2023-2024,5.88,72.53
STU0589,3,2024-2025,7.12,72.43
STU0589,4,2024-2025,6.26,67.99
STU0590,1,2023-2024,8.82,85.52
STU0590,2,2023-2024,8.05,84.78
STU0590,3,2024-2025,6.83,80.37
STU0590,4,2024-2025,7.46,83.65
STU0591,1,2023-2024,5.12,39.57
STU0591,2,2023-2024,6.92,59.8
STU0591,3,2024-2025,5.99,51.79
STU0591,4,2024-2025,5.05,38.34
STU0592,1,2023-2024,6.74,56.66
STU0592,2,2023-2024,6.17,53.03
STU0592,3,2024-2025,4.0,53.74
STU0592,4,2024-2025,4.34,63.86
STU0593,1,2023-2024,7.83,79.69
STU0593,2,2023-2024,7.56,76.68
STU0593,3,2024-2025,8.19,76.68
STU0593,4,2024-2025,8.1,84.28
STU0594,1,2023-2024,5.49,52.3
STU0594,2,2023-2024,4.9,40.98
STU0594,3,2024-2025,4.43,55.42
STU0594,4,2024-2025,6.27,56.2
STU0595,1,2023-2024,5.24,58.7
STU0595,2,2023-2024,6.2,57.69
STU0595,3,2024-2025,4.71,66.41
STU0595,4,2024-2025,6.37,60.21
STU0596,1,2023-2024,5.89,53.83
STU0596,2,2023-2024,6.76,67.2
STU0596,3,2024-2025,5.3,52.18
STU0596,4,2024-2025,6.31,53.34
STU0597,1,2023-2024,8.35,100.0
STU0597,2,2023-2024,8.62,100.0
STU0597,3,2024-2025,9.12,100.0
STU0597,4,2024-2025,10.0,94.09
STU0598,1,2023-2024,4.34,55.88
STU0598,2,2023-2024,6.87,65.38
STU0598,3,2024-2025,6.51,66.25
STU0598,4,2024-2025,6.14,62.96
STU0599,1,2023-2024,4.23,35.7
STU0599,2,2023-2024,4.07,45.32
STU0599,3,2024-2025,5.87,44.89
STU0599,4,2024-2025,5.14,40.59
STU0600,1,2023-2024,6.32,52.15
STU0600,2,2023-2024,4.67,64.94
STU0600,3,2024-2025,3.53,45.13
STU0600,4,2024-2025,5.63,58.87
STU0601,1,2023-2024,9.54,82.46
STU0601,2,2023-2024,8.2,85.05
STU0601,3,2024-2025,8.43,90.73
STU0601,4,2024-2025,10.0,96.83
STU0602,1,2023-2024,7.44,74.66
STU0602,2,2023-2024,7.23,86.47
STU0602,3,2024-2025,10.0,88.91
STU0602,4,2024-2025,8.16,68.22
STU0603,1,2023-2024,7.0,58.79
STU0603,2,2023-2024,5.98,67.48
STU0603,3,2024-2025,7.43,75.95
STU0603,4,2024-2025,8.69,65.79
STU0604,1,2023-2024,10.0,89.31
STU0604,2,2023-2024,7.92,96.22
STU0604,3,2024-2025,9.95,83.67
STU0604,4,2024-2025,10.0,87.78
STU0605,1,2023-2024,7.35,84.63
STU0605,2,2023-2024,8.63,77.36
STU0605,3,2024-2025,8.46,90.39
STU0605,4,2024-2025,8.04,84.73
STU0606,1,2023-2024,10.0,95.94
STU0606,2,2023-2024,9.67,88.95
STU0606,3,2024-2025,9.14,89.34
STU0606,4,2024-2025,8.91,81.51
STU0607,1,2023-2024,8.47,83.3
STU0607,2,2023-2024,7.59,88.37
STU0607,3,2024-2025,7.12,80.31
STU0607,4,2024-2025,7.84,79.11
STU0608,1,2023-2024,5.92,55.81
STU0608,2,2023-2024,3.57,57.71
STU0608,3,2024-2025,6.63,60.14
STU0608,4,2024-2025,5.01,56.64
STU0609,1,2023-2024,7.88,83.09
STU0609,2,2023-2024,8.64,85.99
STU0609,3,2024-2025,6.96,77.1
STU0609,4,2024-2025,7.33,77.41
STU0610,1,2023-2024,9.76,93.28
STU0610,2,2023-2024,8.74,93.14
STU0610,3,2024-2025,7.91,97.79
STU0610,4,2024-2025,9.67,85.73
STU0611,1,2023-2024,6.06,83.35
STU0611,2,2023-2024,6.46,65.11
STU0611,3,2024-2025,6.63,76.26
STU0611,4,2024-2025,7.41,77.56
STU0612,1,2023-2024,9.06,72.32
STU0612,2,2023-2024,6.4,53.23
STU0612,3,2024-2025,4.85,58.23
STU0612,4,2024-2025,5.74,63.48
STU0613,1,2023-2024,7.59,93.36
STU0613,2,2023-2024,10.0,95.89
STU0613,3,2024-2025,8.43,98.81
STU0613,4,2024-2025,9.07,85.88
STU0614,1,2023-2024,9.35,91.4
STU0614,2,2023-2024,10.0,99.9
STU0614,3,2024-2025,8.73,94.92
STU0614,4,2024-2025,9.24,98.53
STU0615,1,2023-2024,7.73,91.17
STU0615,2,2023-2024,8.35,85.3
STU0615,3,2024-2025,10.0,85.24
STU0615,4,2024-2025,9.53,83.55
STU0616,1,2023-2024,7.74,80.62
STU0616,2,2023-2024,10.0,90.17
STU0616,3,2024-2025,8.8,84.75
STU0616,4,2024-2025,10.0,79.01
STU0617,1,2023-2024,8.08,61.09
STU0617,2,2023-2024,4.53,52.5
STU0617,3,2024-2025,5.02,55.68
STU0617,4,2024-2025,4.57,49.74
STU0618,1,2023-2024,7.76,69.14
STU0618,2,2023-2024,5.75,53.9
STU0618,3,2024-2025,5.13,57.38
STU0618,4,2024-2025,6.35,67.46
STU0619,1,2023-2024,3.75,46.19
STU0619,2,2023-2024,4.7,47.74
STU0619,3,2024-2025,5.94,42.67
STU0619,4,2024-2025,5.78,37.97
STU0620,1,2023-2024,6.32,67.32
STU0620,2,2023-2024,6.23,66.6
STU0620,3,2024-2025,6.11,75.71
STU0620,4,2024-2025,6.84,68.12
STU0621,1,2023-2024,10.0,95.07
STU0621,2,2023-2024,8.13,85.98
STU0621,3,2024-2025,9.31,77.48
STU0621,4,2024-2025,9.52,83.73
STU0622,1,2023-2024,6.65,68.29
STU0622,2,2023-2024,7.23,68.42
STU0622,3,2024-2025,6.32,75.46
STU0622,4,2024-2025,6.59,68.65
STU0623,1,2023-2024,5.78,69.7
STU0623,2,2023-2024,7.36,74.51
STU0623,3,2024-2025,7.65,91.15
STU0623,4,2024-2025,10.0,79.04
STU0624,1,2023-2024,10.0,82.17
STU0624,2,2023-2024,9.56,85.51
STU0624,3,2024-2025,8.91,92.83
STU0624,4,2024-2025,8.27,85.19
STU0625,1,2023-2024,9.56,88.17
STU0625,2,2023-2024,10.0,100.0
STU0625,3,2024-2025,9.24,85.81
STU0625,4,2024-2025,10.0,100.0
STU0626,1,2023-2024,4.21,56.3
STU0626,2,2023-2024,3.69,41.22
STU0626,3,2024-2025,2.53,50.89
STU0626,4,2024-2025,5.16,46.83
STU0627,1,2023-2024,9.38,87.34
STU0627,2,2023-2024,9.93,94.78
STU0627,3,2024-2025,9.95,93.44
STU0627,4,2024-2025,9.06,96.35
STU0628,1,2023-2024,6.25,55.43
STU0628,2,2023-2024,4.18,61.75
STU0628,3,2024-2025,4.28,55.51
STU0628,4,2024-2025,4.26,52.96
STU0629,1,2023-2024,7.38,88.45
STU0629,2,2023-2024,8.6,72.92
STU0629,3,2024-2025,6.69,75.49
STU0629,4,2024-2025,8.05,76.12
STU0630,1,2023-2024,6.51,55.43
STU0630,2,2023-2024,5.75,74.83
STU0630,3,2024-2025,4.42,68.16
STU0630,4,2024-2025,6.83,57.52
STU0631,1,2023-2024,4.41,53.17
STU0631,2,2023-2024,5.81,51.17
STU0631,3,2024-2025,6.72,53.87
STU0631,4,2024-2025,6.02,47.13
STU0632,1,2023-2024,9.58,83.09
STU0632,2,2023-2024,10.0,88.78
STU0632,3,2024-2025,7.14,92.22
STU0632,4,2024-2025,9.55,90.17
STU0633,1,2023-2024,7.38,79.28
STU0633,2,2023-2024,6.47,64.97
STU0633,3,2024-2025,6.51,68.4
STU0633,4,2024-2025,6.45,67.99
STU0634,1,2023-2024,8.65,86.12
STU0634,2,2023-2024,8.83,83.26
STU0634,3,2024-2025,8.58,84.5
STU0634,4,2024-2025,8.25,85.34
STU0635,1,2023-2024,6.89,60.0
STU0635,2,2023-2024,4.53,54.44
STU0635,3,2024-2025,7.7,65.77
STU0635,4,2024-2025,6.0,76.09
STU0636,1,2023-2024,8.65,90.62
STU0636,2,2023-2024,7.75,79.49
STU0636,3,2024-2025,7.94,85.27
STU0636,4,2024-2025,9.62,87.89
STU0637,1,2023-2024,4.62,55.56
STU0637,2,2023-2024,6.88,56.51
STU0637,3,2024-2025,6.56,62.54
STU0637,4,2024-2025,5.32,58.41
STU0638,1,2023-2024,8.46,85.24
STU0638,2,2023-2024,7.96,88.95
STU0638,3,2024-2025,8.53,74.58
STU0638,4,2024-2025,6.51,78.11
STU0639,1,2023-2024,5.05,48.6
STU0639,2,2023-2024,5.2,52.79
STU0639,3,2024-2025,5.33,54.99
STU0639,4,2024-2025,6.76,51.48
STU0640,1,2023-2024,7.66,80.61
STU0640,2,2023-2024,7.45,87.88
STU0640,3,2024-2025,7.95,76.98
STU0640,4,2024-2025,7.39,77.62
STU0641,1,2023-2024,6.84,53.89
STU0641,2,2023-2024,5.55,62.01
STU0641,3,2024-2025,4.6,60.06
STU0641,4,2024-2025,4.57,53.21
STU0642,1,2023-2024,3.05,47.26
STU0642,2,2023-2024,4.42,49.09
STU0642,3,2024-2025,5.16,49.25
STU0642,4,2024-2025,4.17,36.75
STU0643,1,2023-2024,8.09,75.39
STU0643,2,2023-2024,6.43,73.72
STU0643,3,2024-2025,8.21,65.24
STU0643,4,2024-2025,7.53,77.13
STU0644,1,2023-2024,4.35,46.15
STU0644,2,2023-2024,3.24,37.79
STU0644,3,2024-2025,5.11,47.63
STU0644,4,2024-2025,4.31,40.48
STU0645,1,2023-2024,8.37,77.64
STU0645,2,2023-2024,6.93,75.23
STU0645,3,2024-2025,9.3,80.62
STU0645,4,2024-2025,5.35,72.58
STU0646,1,2023-2024,7.82,82.73
STU0646,2,2023-2024,7.96,69.83
STU0646,3,2024-2025,7.95,77.81
STU0646,4,2024-2025,7.05,68.53
STU0647,1,2023-2024,6.4,64.46
STU0647,2,2023-2024,6.94,61.7
STU0647,3,2024-2025,5.87,70.83
STU0647,4,2024-2025,6.0,73.05
STU0648,1,2023-2024,8.72,72.63
STU0648,2,2023-2024,7.03,76.68
STU0648,3,2024-2025,9.03,75.94
STU0648,4,2024-2025,6.96,77.72
STU0649,1,2023-2024,8.87,80.08
STU0649,2,2023-2024,8.49,73.25
STU0649,3,2024-2025,9.27,99.56
STU0649,4,2024-2025,9.23,93.6
STU0650,1,2023-2024,9.95,86.77
STU0650,2,2023-2024,10.0,84.43
STU0650,3,2024-2025,9.89,81.42
STU0650,4,2024-2025,7.47,84.05
STU0651,1,2023-2024,3.81,66.07
STU0651,2,2023-2024,6.0,66.31
STU0651,3,2024-2025,5.55,74.75
STU0651,4,2024-2025,8.33,65.12
STU0652,1,2023-2024,8.3,75.91
STU0652,2,2023-2024,5.68,61.06
STU0652,3,2024-2025,7.21,67.54
STU0652,4,2024-2025,6.54,60.25
STU0653,1,2023-2024,4.14,53.4
STU0653,2,2023-2024,4.6,58.8
STU0653,3,2024-2025,4.83,53.36
STU0653,4,2024-2025,8.8,59.53
STU0654,1,2023-2024,8.98,80.72
STU0654,2,2023-2024,8.81,93.27
STU0654,3,2024-2025,10.0,90.95
STU0654,4,2024-2025,10.0,78.96
STU0655,1,2023-2024,6.02,78.21
STU0655,2,2023-2024,7.3,76.86
STU0655,3,2024-2025,7.53,80.54
STU0655,4,2024-2025,8.38,86.1
STU0656,1,2023-2024,4.78,46.51
STU0656,2,2023-2024,4.86,44.42
STU0656,3,2024-2025,6.4,38.27
STU0656,4,2024-2025,4.16,42.83
STU0657,1,2023-2024,10.0,98.35
STU0657,2,2023-2024,10.0,85.01
STU0657,3,2024-2025,9.82,89.99
STU0657,4,2024-2025,9.61,100.0
STU0658,1,2023-2024,5.71,63.05
STU0658,2,2023-2024,6.48,65.16
STU0658,3,2024-2025,7.03,70.59
STU0658,4,2024-2025,6.71,59.61
STU0659,1,2023-2024,7.28,72.58
STU0659,2,2023-2024,7.53,75.34
STU0659,3,2024-2025,6.51,79.86
STU0659,4,2024-2025,7.06,74.24
STU0660,1,2023-2024,6.41,74.5
STU0660,2,2023-2024,7.4,73.38
STU0660,3,2024-2025,7.92,70.47
STU0660,4,2024-2025,6.57,56.58
STU0661,1,2023-2024,5.97,59.12
STU0661,2,2023-2024,4.61,59.49
STU0661,3,2024-2025,5.4,57.23
STU0661,4,2024-2025,5.04,58.4
STU0662,1,2023-2024,8.27,87.51
STU0662,2,2023-2024,8.97,86.52
STU0662,3,2024-2025,9.44,98.89
STU0662,4,2024-2025,9.72,92.11
STU0663,1,2023-2024,10.0,99.56
STU0663,2,2023-2024,10.0,97.28
STU0663,3,2024-2025,9.63,100.0
STU0663,4,2024-2025,9.21,92.95
STU0664,1,2023-2024,8.91,80.83
STU0664,2,2023-2024,7.6,82.33
STU0664,3,2024-2025,7.75,85.05
STU0664,4,2024-2025,8.31,82.48
STU0665,1,2023-2024,8.66,92.91
STU0665,2,2023-2024,7.3,81.55
STU0665,3,2024-2025,8.68,83.29
STU0665,4,2024-2025,9.87,79.55
STU0666,1,2023-2024,9.09,89.17
STU0666,2,2023-2024,7.76,81.46
STU0666,3,2024-2025,10.0,93.28
STU0666,4,2024-2025,9.02,80.85
STU0667,1,2023-2024,8.06,83.4
STU0667,2,2023-2024,8.86,83.4
STU0667,3,2024-2025,9.01,75.15
STU0667,4,2024-2025,6.98,85.34
STU0668,1,2023-2024,8.31,91.14
STU0668,2,2023-2024,10.0,100.0
STU0668,3,2024-2025,10.0,95.83
STU0668,4,2024-2025,9.94,93.55
STU0669,1,2023-2024,7.87,82.19
STU0669,2,2023-2024,8.72,75.47
STU0669,3,2024-2025,8.96,78.6
STU0669,4,2024-2025,7.91,74.68
STU0670,1,2023-2024,8.58,72.26
STU0670,2,2023-2024,7.4,76.44
STU0670,3,2024-2025,7.61,76.78
STU0670,4,2024-2025,7.51,80.62
STU0671,1,2023-2024,7.72,65.68
STU0671,2,2023-2024,6.29,68.3
STU0671,3,2024-2025,6.37,71.14
STU0671,4,2024-2025,6.15,68.66
STU0672,1,2023-2024,8.78,89.02
STU0672,2,2023-2024,10.0,85.83
STU0672,3,2024-2025,7.85,90.48
STU0672,4,2024-2025,8.03,95.11
STU0673,1,2023-2024,5.78,65.75
STU0673,2,2023-2024,7.03,64.78
STU0673,3,2024-2025,6.07,63.12
STU0673,4,2024-2025,5.68,65.27
STU0674,1,2023-2024,9.38,77.68
STU0674,2,2023-2024,8.88,100.0
STU0674,3,2024-2025,9.8,94.71
STU0674,4,2024-2025,9.97,95.26
STU0675,1,2023-2024,6.96,59.48
STU0675,2,2023-2024,6.01,63.51
STU0675,3,2024-2025,4.47,66.58
STU0675,4,2024-2025,6.99,73.45
STU0676,1,2023-2024,7.37,80.82
STU0676,2,2023-2024,7.67,78.7
STU0676,3,2024-2025,8.84,74.83
STU0676,4,2024-2025,8.8,86.89
STU0677,1,2023-2024,5.77,54.99
STU0677,2,2023-2024,4.4,64.78
STU0677,3,2024-2025,5.88,50.14
STU0677,4,2024-2025,7.43,58.65
STU0678,1,2023-2024,6.08,69.55
STU0678,2,2023-2024,7.23,62.02
STU0678,3,2024-2025,7.78,74.43
STU0678,4,2024-2025,7.1,68.99
STU0679,1,2023-2024,6.79,62.23
STU0679,2,2023-2024,5.91,58.17
STU0679,3,2024-2025,8.66,62.62
STU0679,4,2024-2025,2.27,59.18
STU0680,1,2023-2024,8.15,91.25
STU0680,2,2023-2024,7.43,71.81
STU0680,3,2024-2025,9.59,77.64
STU0680,4,2024-2025,8.38,85.63
STU0681,1,2023-2024,10.0,94.87
STU0681,2,2023-2024,7.47,81.75
STU0681,3,2024-2025,7.78,87.37
STU0681,4,2024-2025,6.83,85.99
STU0682,1,2023-2024,7.2,69.86
STU0682,2,2023-2024,5.65,72.38
STU0682,3,2024-2025,6.71,59.78
STU0682,4,2024-2025,6.85,75.19
STU0683,1,2023-2024,1.54,14.09
STU0683,2,2023-2024,2.42,34.32
STU0683,3,2024-2025,1.69,20.31
STU0683,4,2024-2025,3.43,18.08
STU0684,1,2023-2024,5.49,55.39
STU0684,2,2023-2024,6.22,43.31
STU0684,3,2024-2025,5.61,52.89
STU0684,4,2024-2025,5.43,54.02
STU0685,1,2023-2024,5.59,56.43
STU0685,2,2023-2024,5.47,64.67
STU0685,3,2024-2025,5.75,58.18
STU0685,4,2024-2025,5.82,69.12
STU0686,1,2023-2024,9.69,91.95
STU0686,2,2023-2024,9.78,90.49
STU0686,3,2024-2025,9.29,90.33
STU0686,4,2024-2025,10.0,91.13
STU0687,1,2023-2024,8.1,76.86
STU0687,2,2023-2024,7.98,88.85
STU0687,3,2024-2025,9.51,88.86
STU0687,4,2024-2025,9.46,99.37
STU0688,1,2023-2024,9.02,95.24
STU0688,2,2023-2024,8.45,84.19
STU0688,3,2024-2025,8.75,85.83
STU0688,4,2024-2025,9.58,84.15
STU0689,1,2023-2024,4.67,62.88
STU0689,2,2023-2024,5.46,59.09
STU0689,3,2024-2025,7.23,67.03
STU0689,4,2024-2025,5.99,56.61
STU0690,1,2023-2024,8.72,95.42
STU0690,2,2023-2024,8.92,90.29
STU0690,3,2024-2025,10.0,97.82
STU0690,4,2024-2025,10.0,100.0
STU0691,1,2023-2024,7.77,71.97
STU0691,2,2023-2024,6.53,68.49
STU0691,3,2024-2025,5.78,67.94
STU0691,4,2024-2025,9.08,76.74
STU0692,1,2023-2024,8.32,81.5
STU0692,2,2023-2024,7.6,82.96
STU0692,3,2024-2025,6.93,82.29
STU0692,4,2024-2025,9.08,76.35
STU0693,1,2023-2024,6.17,55.29
STU0693,2,2023-2024,5.78,64.53
STU0693,3,2024-2025,5.69,67.89
STU0693,4,2024-2025,5.69,56.74
STU0694,1,2023-2024,6.72,67.71
STU0694,2,2023-2024,6.82,66.8
STU0694,3,2024-2025,7.86,71.47
STU0694,4,2024-2025,7.87,61.49
STU0695,1,2023-2024,6.31,63.98
STU0695,2,2023-2024,7.67,78.64
STU0695,3,2024-2025,5.05,75.35
STU0695,4,2024-2025,7.59,71.17
STU0696,1,2023-2024,5.93,63.56
STU0696,2,2023-2024,5.44,64.46
STU0696,3,2024-2025,7.79,52.95
STU0696,4,2024-2025,5.98,49.68
STU0697,1,2023-2024,8.5,77.48
STU0697,2,2023-2024,6.74,85.71
STU0697,3,2024-2025,6.61,77.55
STU0697,4,2024-2025,8.67,70.2
STU0698,1,2023-2024,10.0,91.97
STU0698,2,2023-2024,9.54,92.98
STU0698,3,2024-2025,6.71,86.34
STU0698,4,2024-2025,6.67,84.2
STU0699,1,2023-2024,7.92,85.39
STU0699,2,2023-2024,8.04,81.38
STU0699,3,2024-2025,8.84,74.16
STU0699,4,2024-2025,9.53,89.41
STU0700,1,2023-2024,6.96,75.91
STU0700,2,2023-2024,9.31,73.95
STU0700,3,2024-2025,7.1,75.57
STU0700,4,2024-2025,7.48,76.38
STU0701,1,2023-2024,7.38,91.08
STU0701,2,2023-2024,8.89,85.96
STU0701,3,2024-2025,8.26,92.38
STU0701,4,2024-2025,8.94,91.99
STU0702,1,2023-2024,7.65,57.29
STU0702,2,2023-2024,3.98,54.04
STU0702,3,2024-2025,5.47,54.18
STU0702,4,2024-2025,4.09,47.0
STU0703,1,2023-2024,6.87,79.37
STU0703,2,2023-2024,9.09,97.65
STU0703,3,2024-2025,7.93,85.02
STU0703,4,2024-2025,7.32,84.09
STU0704,1,2023-2024,9.69,94.09
STU0704,2,2023-2024,10.0,86.07
STU0704,3,2024-2025,9.95,85.85
STU0704,4,2024-2025,8.76,73.72
STU0705,1,2023-2024,9.86,100.0
STU0705,2,2023-2024,10.0,93.65
STU0705,3,2024-2025,10.0,90.19
STU0705,4,2024-2025,8.57,88.31
STU0706,1,2023-2024,9.9,80.85
STU0706,2,2023-2024,7.51,81.79
STU0706,3,2024-2025,7.81,87.59
STU0706,4,2024-2025,8.86,70.69
STU0707,1,2023-2024,8.52,81.77
STU0707,2,2023-2024,9.25,90.11
STU0707,3,2024-2025,6.08,75.36
STU0707,4,2024-2025,7.95,72.59
STU0708,1,2023-2024,6.31,40.98
STU0708,2,2023-2024,4.51,40.41
STU0708,3,2024-2025,5.31,37.26
STU0708,4,2024-2025,3.01,46.29
STU0709,1,2023-2024,7.3,62.74
STU0709,2,2023-2024,6.46,60.89
STU0709,3,2024-2025,6.01,62.06
STU0709,4,2024-2025,5.5,50.23
STU0710,1,2023-2024,6.79,61.51
STU0710,2,2023-2024,6.62,65.85
STU0710,3,2024-2025,6.64,60.27
STU0710,4,2024-2025,6.1,60.09
STU0711,1,2023-2024,5.68,58.3
STU0711,2,2023-2024,6.48,61.29
STU0711,3,2024-2025,6.26,60.94
STU0711,4,2024-2025,6.01,63.76
STU0712,1,2023-2024,7.27,76.97
STU0712,2,2023-2024,7.37,62.72
STU0712,3,2024-2025,7.85,73.9
STU0712,4,2024-2025,7.22,70.66
STU0713,1,2023-2024,6.16,81.76
STU0713,2,2023-2024,8.4,66.33
STU0713,3,2024-2025,3.34,67.35
STU0713,4,2024-2025,6.53,63.16
STU0714,1,2023-2024,8.04,89.89
STU0714,2,2023-2024,7.89,75.22
STU0714,3,2024-2025,8.58,81.74
STU0714,4,2024-2025,8.51,76.7
STU0715,1,2023-2024,8.8,82.67
STU0715,2,2023-2024,9.77,86.14
STU0715,3,2024-2025,7.95,82.73
STU0715,4,2024-2025,9.05,70.77
STU0716,1,2023-2024,7.31,63.42
STU0716,2,2023-2024,6.4,52.19
STU0716,3,2024-2025,6.65,61.65
STU0716,4,2024-2025,7.34,58.9
STU0717,1,2023-2024,6.14,64.12
STU0717,2,2023-2024,5.54,55.19
STU0717,3,2024-2025,5.55,45.1
STU0717,4,2024-2025,5.5,59.67
STU0718,1,2023-2024,4.1,44.03
STU0718,2,2023-2024,3.36,36.03
STU0718,3,2024-2025,3.72,47.51
STU0718,4,2024-2025,3.45,35.39
STU0719,1,2023-2024,8.99,95.58
STU0719,2,2023-2024,8.61,95.26
STU0719,3,2024-2025,8.31,82.42
STU0719,4,2024-2025,9.71,94.46
STU0720,1,2023-2024,1.01,16.99
STU0720,2,2023-2024,2.02,11.83
STU0720,3,2024-2025,2.37,12.33
STU0720,4,2024-2025,0.73,7.94
STU0721,1,2023-2024,5.96,87.23
STU0721,2,2023-2024,10.0,88.24
STU0721,3,2024-2025,8.77,87.8
STU0721,4,2024-2025,9.21,88.01
STU0722,1,2023-2024,9.27,68.47
STU0722,2,2023-2024,8.0,78.63
STU0722,3,2024-2025,7.91,63.7
STU0722,4,2024-2025,7.83,68.71
STU0723,1,2023-2024,4.82,65.39
STU0723,2,2023-2024,5.91,72.03
STU0723,3,2024-2025,6.54,56.6
STU0723,4,2024-2025,6.13,57.37
STU0724,1,2023-2024,3.11,28.78
STU0724,2,2023-2024,3.2,24.37
STU0724,3,2024-2025,3.44,44.01
STU0724,4,2024-2025,2.8,28.04
STU0725,1,2023-2024,5.49,56.73
STU0725,2,2023-2024,6.97,55.58
STU0725,3,2024-2025,3.74,56.81
STU0725,4,2024-2025,5.76,64.59
STU0726,1,2023-2024,5.79,59.29
STU0726,2,2023-2024,7.44,67.54
STU0726,3,2024-2025,7.04,74.81
STU0726,4,2024-2025,8.82,61.82
STU0727,1,2023-2024,10.0,89.88
STU0727,2,2023-2024,8.8,91.92
STU0727,3,2024-2025,6.95,90.72
STU0727,4,2024-2025,9.08,88.63
STU0728,1,2023-2024,8.59,91.75
STU0728,2,2023-2024,8.87,89.52
STU0728,3,2024-2025,7.68,83.16
STU0728,4,2024-2025,8.19,95.25
STU0729,1,2023-2024,10.0,98.33
STU0729,2,2023-2024,10.0,98.39
STU0729,3,2024-2025,9.03,100.0
STU0729,4,2024-2025,9.75,100.0
STU0730,1,2023-2024,5.21,67.28
STU0730,2,2023-2024,5.73,66.33
STU0730,3,2024-2025,8.13,69.11
STU0730,4,2024-2025,7.87,61.87
STU0731,1,2023-2024,5.92,69.39
STU0731,2,2023-2024,6.65,63.51
STU0731,3,2024-2025,6.32,66.82
STU0731,4,2024-2025,6.76,64.7
STU0732,1,2023-2024,7.69,78.69
STU0732,2,2023-2024,8.93,89.36
STU0732,3,2024-2025,8.6,85.59
STU0732,4,2024-2025,8.31,87.54
STU0733,1,2023-2024,8.85,85.54
STU0733,2,2023-2024,9.59,72.22
STU0733,3,2024-2025,7.04,86.2
STU0733,4,2024-2025,8.56,86.8
STU0734,1,2023-2024,9.22,94.17
STU0734,2,2023-2024,8.42,91.93
STU0734,3,2024-2025,8.76,86.63
STU0734,4,2024-2025,9.61,97.89
STU0735,1,2023-2024,6.85,65.07
STU0735,2,2023-2024,5.82,69.84
STU0735,3,2024-2025,6.15,63.8
STU0735,4,2024-2025,7.0,59.45
STU0736,1,2023-2024,7.0,65.67
STU0736,2,2023-2024,4.39,56.85
STU0736,3,2024-2025,7.67,64.14
STU0736,4,2024-2025,6.52,67.16
STU0737,1,2023-2024,6.77,60.82
STU0737,2,2023-2024,5.61,60.9
STU0737,3,2024-2025,6.07,59.38
STU0737,4,2024-2025,6.18,45.15
STU0738,1,2023-2024,8.96,91.68
STU0738,2,2023-2024,10.0,88.38
STU0738,3,2024-2025,8.35,79.1
STU0738,4,2024-2025,9.25,94.28
STU0739,1,2023-2024,5.52,57.84
STU0739,2,2023-2024,6.73,63.91
STU0739,3,2024-2025,6.22,60.53
STU0739,4,2024-2025,5.3,65.41
STU0740,1,2023-2024,5.85,60.66
STU0740,2,2023-2024,6.61,64.35
STU0740,3,2024-2025,6.83,72.59
STU0740,4,2024-2025,6.99,66.79
STU0741,1,2023-2024,3.63,43.82
STU0741,2,2023-2024,5.32,39.55
STU0741,3,2024-2025,3.66,36.92
STU0741,4,2024-2025,4.13,41.2
STU0742,1,2023-2024,8.33,71.0
STU0742,2,2023-2024,7.88,79.24
STU0742,3,2024-2025,7.86,76.23
STU0742,4,2024-2025,7.33,81.27
STU0743,1,2023-2024,6.89,78.4
STU0743,2,2023-2024,8.73,80.53
STU0743,3,2024-2025,5.67,73.68
STU0743,4,2024-2025,7.53,80.84
STU0744,1,2023-2024,9.08,82.76
STU0744,2,2023-2024,7.0,89.59
STU0744,3,2024-2025,8.26,82.43
STU0744,4,2024-2025,9.2,87.87
STU0745,1,2023-2024,2.73,31.82
STU0745,2,2023-2024,2.18,35.89
STU0745,3,2024-2025,3.42,43.75
STU0745,4,2024-2025,2.26,37.85
STU0746,1,2023-2024,8.1,70.56
STU0746,2,2023-2024,9.25,87.48
STU0746,3,2024-2025,7.96,77.28
STU0746,4,2024-2025,7.69,80.29
STU0747,1,2023-2024,8.89,96.34
STU0747,2,2023-2024,10.0,90.13
STU0747,3,2024-2025,8.68,91.0
STU0747,4,2024-2025,8.45,83.71
STU0748,1,2023-2024,5.73,65.34
STU0748,2,2023-2024,6.63,55.8
STU0748,3,2024-2025,7.26,69.03
STU0748,4,2024-2025,5.66,62.63
STU0749,1,2023-2024,6.89,63.52
STU0749,2,2023-2024,8.79,73.26
STU0749,3,2024-2025,5.29,61.75
STU0749,4,2024-2025,7.58,67.88
STU0750,1,2023-2024,6.87,54.76
STU0750,2,2023-2024,6.02,65.88
STU0750,3,2024-2025,6.37,48.56
STU0750,4,2024-2025,6.63,56.98
STU0751,1,2023-2024,9.69,93.83
STU0751,2,2023-2024,8.98,90.59
STU0751,3,2024-2025,8.55,99.5
STU0751,4,2024-2025,9.86,87.28
STU0752,1,2023-2024,7.95,59.59
STU0752,2,2023-2024,6.22,81.31
STU0752,3,2024-2025,7.06,67.74
STU0752,4,2024-2025,8.5,67.72
STU0753,1,2023-2024,9.64,82.37
STU0753,2,2023-2024,8.94,84.89
STU0753,3,2024-2025,7.96,75.57
STU0753,4,2024-2025,7.22,81.93
STU0754,1,2023-2024,6.46,75.23
STU0754,2,2023-2024,5.56,72.72
STU0754,3,2024-2025,4.25,73.62
STU0754,4,2024-2025,7.1,85.16
STU0755,1,2023-2024,6.12,86.51
STU0755,2,2023-2024,8.85,73.14
STU0755,3,2024-2025,5.54,74.04
STU0755,4,2024-2025,6.95,82.33
STU0756,1,2023-2024,9.83,84.75
STU0756,2,2023-2024,8.31,93.71
STU0756,3,2024-2025,9.89,86.77
STU0756,4,2024-2025,7.75,79.07
STU0757,1,2023-2024,10.0,86.65
STU0757,2,2023-2024,9.59,98.12
STU0757,3,2024-2025,10.0,97.48
STU0757,4,2024-2025,8.08,98.33
STU0758,1,2023-2024,7.38,82.79
STU0758,2,2023-2024,6.39,75.67
STU0758,3,2024-2025,8.52,85.23
STU0758,4,2024-2025,8.24,87.71
STU0759,1,2023-2024,7.27,86.08
STU0759,2,2023-2024,7.24,80.21
STU0759,3,2024-2025,6.56,78.13
STU0759,4,2024-2025,7.71,85.99
STU0760,1,2023-2024,4.86,41.09
STU0760,2,2023-2024,4.45,43.23
STU0760,3,2024-2025,4.3,42.02
STU0760,4,2024-2025,4.85,36.19
STU0761,1,2023-2024,5.35,70.7
STU0761,2,2023-2024,5.77,60.75
STU0761,3,2024-2025,6.45,60.85
STU0761,4,2024-2025,6.31,67.63
STU0762,1,2023-2024,8.39,78.94
STU0762,2,2023-2024,7.88,78.67
STU0762,3,2024-2025,7.12,84.33
STU0762,4,2024-2025,7.23,62.75
STU0763,1,2023-2024,8.48,79.96
STU0763,2,2023-2024,8.46,86.56
STU0763,3,2024-2025,7.94,77.24
STU0763,4,2024-2025,8.7,71.03
STU0764,1,2023-2024,7.42,47.27
STU0764,2,2023-2024,8.34,66.44
STU0764,3,2024-2025,5.33,53.57
STU0764,4,2024-2025,3.31,59.27
STU0765,1,2023-2024,9.71,86.68
STU0765,2,2023-2024,8.87,90.37
STU0765,3,2024-2025,8.86,95.7
STU0765,4,2024-2025,8.2,91.61
STU0766,1,2023-2024,10.0,83.02
STU0766,2,2023-2024,8.95,75.88
STU0766,3,2024-2025,9.86,90.98
STU0766,4,2024-2025,7.61,94.23
STU0767,1,2023-2024,7.49,80.72
STU0767,2,2023-2024,10.0,79.66
STU0767,3,2024-2025,8.06,81.75
STU0767,4,2024-2025,8.83,90.01
STU0768,1,2023-2024,5.84,74.48
STU0768,2,2023-2024,6.0,68.3
STU0768,3,2024-2025,6.11,71.07
STU0768,4,2024-2025,7.17,71.71
STU0769,1,2023-2024,6.65,67.36
STU0769,2,2023-2024,5.44,59.09
STU0769,3,2024-2025,6.52,62.56
STU0769,4,2024-2025,7.17,71.07
STU0770,1,2023-2024,8.05,69.84
STU0770,2,2023-2024,7.4,80.32
STU0770,3,2024-2025,6.08,78.34
STU0770,4,2024-2025,8.74,83.3
STU0771,1,2023-2024,9.06,81.79
STU0771,2,2023-2024,7.82,87.05
STU0771,3,2024-2025,9.43,89.48
STU0771,4,2024-2025,8.59,77.26
STU0772,1,2023-2024,10.0,100.0
STU0772,2,2023-2024,9.07,100.0
STU0772,3,2024-2025,8.09,99.89
STU0772,4,2024-2025,9.94,100.0
STU0773,1,2023-2024,3.42,40.86
STU0773,2,2023-2024,5.75,46.99
STU0773,3,2024-2025,3.23,31.62
STU0773,4,2024-2025,4.34,33.38
STU0774,1,2023-2024,5.61,52.85
STU0774,2,2023-2024,3.95,50.35
STU0774,3,2024-2025,3.22,58.14
STU0774,4,2024-2025,3.82,42.78
STU0775,1,2023-2024,7.39,74.25
STU0775,2,2023-2024,5.74,66.53
STU0775,3,2024-2025,9.31,76.69
STU0775,4,2024-2025,6.47,66.57
STU0776,1,2023-2024,6.99,78.44
STU0776,2,2023-2024,7.04,75.62
STU0776,3,2024-2025,6.79,82.5
STU0776,4,2024-2025,7.62,73.55
STU0777,1,2023-2024,5.81,86.17
STU0777,2,2023-2024,7.02,88.66
STU0777,3,2024-2025,8.31,90.51
STU0777,4,2024-2025,9.27,78.67
STU0778,1,2023-2024,6.49,64.37
STU0778,2,2023-2024,6.31,62.31
STU0778,3,2024-2025,6.44,61.0
STU0778,4,2024-2025,5.1,64.29
STU0779,1,2023-2024,8.25,81.69
STU0779,2,2023-2024,8.03,83.56
STU0779,3,2024-2025,9.18,77.33
STU0779,4,2024-2025,7.78,69.79
STU0780,1,2023-2024,8.18,93.42
STU0780,2,2023-2024,9.91,97.25
STU0780,3,2024-2025,10.0,87.55
STU0780,4,2024-2025,9.82,90.61
STU0781,1,2023-2024,9.95,85.33
STU0781,2,2023-2024,10.0,99.23
STU0781,3,2024-2025,10.0,100.0
STU0781,4,2024-2025,8.14,91.08
STU0782,1,2023-2024,10.0,98.61
STU0782,2,2023-2024,9.82,100.0
STU0782,3,2024-2025,8.12,100.0
STU0782,4,2024-2025,10.0,100.0
STU0783,1,2023-2024,7.23,82.2
STU0783,2,2023-2024,8.77,70.21
STU0783,3,2024-2025,8.1,86.45
STU0783,4,2024-2025,7.77,80.05
STU0784,1,2023-2024,8.73,85.68
STU0784,2,2023-2024,7.88,81.92
STU0784,3,2024-2025,6.81,83.01
STU0784,4,2024-2025,8.06,88.02
STU0785,1,2023-2024,9.47,94.67
STU0785,2,2023-2024,9.52,93.55
STU0785,3,2024-2025,10.0,100.0
STU0785,4,2024-2025,9.56,91.14
STU0786,1,2023-2024,5.32,52.43
STU0786,2,2023-2024,4.33,53.66
STU0786,3,2024-2025,6.74,55.62
STU0786,4,2024-2025,7.73,59.69
STU0787,1,2023-2024,3.61,48.97
STU0787,2,2023-2024,2.99,50.07
STU0787,3,2024-2025,5.69,40.74
STU0787,4,2024-2025,3.82,45.54
STU0788,1,2023-2024,5.82,58.79
STU0788,2,2023-2024,7.47,50.0
STU0788,3,2024-2025,5.09,48.85
STU0788,4,2024-2025,6.16,49.15
STU0789,1,2023-2024,7.98,89.2
STU0789,2,2023-2024,9.44,91.12
STU0789,3,2024-2025,8.01,85.62
STU0789,4,2024-2025,8.87,82.97
STU0790,1,2023-2024,8.08,93.89
STU0790,2,2023-2024,9.34,92.38
STU0790,3,2024-2025,6.89,93.6
STU0790,4,2024-2025,7.8,91.98
STU0791,1,2023-2024,7.63,57.82
STU0791,2,2023-2024,7.12,66.05
STU0791,3,2024-2025,6.99,72.39
STU0791,4,2024-2025,7.43,60.85
STU0792,1,2023-2024,7.55,83.28
STU0792,2,2023-2024,8.54,85.7
STU0792,3,2024-2025,8.79,89.58
STU0792,4,2024-2025,8.01,87.87
STU0793,1,2023-2024,8.41,85.04
STU0793,2,2023-2024,7.05,79.87
STU0793,3,2024-2025,6.19,73.09
STU0793,4,2024-2025,7.6,78.85
STU0794,1,2023-2024,6.17,71.3
STU0794,2,2023-2024,6.8,68.83
STU0794,3,2024-2025,8.67,48.49
STU0794,4,2024-2025,4.8,63.13
STU0795,1,2023-2024,7.91,95.46
STU0795,2,2023-2024,10.0,100.0
STU0795,3,2024-2025,9.57,95.89
STU0795,4,2024-2025,7.92,96.37
STU0796,1,2023-2024,5.64,49.28
STU0796,2,2023-2024,5.37,45.72
STU0796,3,2024-2025,6.21,56.35
STU0796,4,2024-2025,5.1,57.35
STU0797,1,2023-2024,5.92,75.0
STU0797,2,2023-2024,6.52,72.47
STU0797,3,2024-2025,5.47,79.18
STU0797,4,2024-2025,6.22,75.05
STU0798,1,2023-2024,5.43,36.11
STU0798,2,2023-2024,5.64,45.93
STU0798,3,2024-2025,4.48,43.17
STU0798,4,2024-2025,3.65,44.34
STU0799,1,2023-2024,7.98,83.86
STU0799,2,2023-2024,9.18,94.56
STU0799,3,2024-2025,9.47,92.25
STU0799,4,2024-2025,8.94,81.83
STU0800,1,2023-2024,3.68,54.9
STU0800,2,2023-2024,5.71,60.47
STU0800,3,2024-2025,6.99,59.15
STU0800,4,2024-2025,6.79,57.49
STU0801,1,2023-2024,7.9,99.9
STU0801,2,2023-2024,9.62,99.13
STU0801,3,2024-2025,10.0,95.67
STU0801,4,2024-2025,8.86,96.64
STU0802,1,2023-2024,7.27,73.27
STU0802,2,2023-2024,8.83,88.07
STU0802,3,2024-2025,8.65,100.0
STU0802,4,2024-2025,9.7,83.53
STU0803,1,2023-2024,7.47,77.69
STU0803,2,2023-2024,7.26,82.44
STU0803,3,2024-2025,7.82,77.86
STU0803,4,2024-2025,7.52,82.26
STU0804,1,2023-2024,6.29,88.58
STU0804,2,2023-2024,9.25,79.94
STU0804,3,2024-2025,8.82,92.39
STU0804,4,2024-2025,6.74,85.92
STU0805,1,2023-2024,9.25,92.03
STU0805,2,2023-2024,10.0,86.74
STU0805,3,2024-2025,8.2,87.07
STU0805,4,2024-2025,8.36,95.1
STU0806,1,2023-2024,5.33,56.13
STU0806,2,2023-2024,4.68,55.94
STU0806,3,2024-2025,3.92,56.0
STU0806,4,2024-2025,2.12,47.88
STU0807,1,2023-2024,8.95,75.1
STU0807,2,2023-2024,10.0,93.51
STU0807,3,2024-2025,6.89,85.36
STU0807,4,2024-2025,8.73,90.64
STU0808,1,2023-2024,9.97,88.26
STU0808,2,2023-2024,9.19,85.3
STU0808,3,2024-2025,8.25,89.24
STU0808,4,2024-2025,7.63,88.57
STU0809,1,2023-2024,9.95,82.88
STU0809,2,2023-2024,7.85,85.44
STU0809,3,2024-2025,8.06,82.57
STU0809,4,2024-2025,10.0,79.84
STU0810,1,2023-2024,8.37,90.6
STU0810,2,2023-2024,8.02,91.29
STU0810,3,2024-2025,8.14,85.16
STU0810,4,2024-2025,8.84,86.43
STU0811,1,2023-2024,9.72,80.4
STU0811,2,2023-2024,8.85,72.32
STU0811,3,2024-2025,9.09,91.36
STU0811,4,2024-2025,8.61,79.86
STU0812,1,2023-2024,5.41,62.99
STU0812,2,2023-2024,5.32,47.91
STU0812,3,2024-2025,6.3,46.53
STU0812,4,2024-2025,4.72,51.66
STU0813,1,2023-2024,4.22,72.29
STU0813,2,2023-2024,6.83,64.96
STU0813,3,2024-2025,6.4,59.88
STU0813,4,2024-2025,4.46,56.82
STU0814,1,2023-2024,3.86,47.29
STU0814,2,2023-2024,5.0,50.29
STU0814,3,2024-2025,2.98,56.62
STU0814,4,2024-2025,3.32,44.14
STU0815,1,2023-2024,6.5,59.29
STU0815,2,2023-2024,7.33,60.57
STU0815,3,2024-2025,7.32,63.64
STU0815,4,2024-2025,4.73,55.65
STU0816,1,2023-2024,8.29,89.21
STU0816,2,2023-2024,9.44,91.35
STU0816,3,2024-2025,9.94,93.59
STU0816,4,2024-2025,9.52,94.68
STU0817,1,2023-2024,8.61,86.34
STU0817,2,2023-2024,6.39,90.5
STU0817,3,2024-2025,9.77,94.35
STU0817,4,2024-2025,9.24,100.0
STU0818,1,2023-2024,5.53,55.07
STU0818,2,2023-2024,4.62,49.88
STU0818,3,2024-2025,5.01,52.49
STU0818,4,2024-2025,4.37,53.03
STU0819,1,2023-2024,9.66,76.04
STU0819,2,2023-2024,6.96,70.07
STU0819,3,2024-2025,5.89,73.32
STU0819,4,2024-2025,6.25,61.3
STU0820,1,2023-2024,5.01,59.47
STU0820,2,2023-2024,4.64,72.47
STU0820,3,2024-2025,6.48,65.68
STU0820,4,2024-2025,4.85,70.22
STU0821,1,2023-2024,9.72,100.0
STU0821,2,2023-2024,10.0,100.0
STU0821,3,2024-2025,10.0,100.0
STU0821,4,2024-2025,10.0,100.0
STU0822,1,2023-2024,9.42,87.69
STU0822,2,2023-2024,8.3,80.16
STU0822,3,2024-2025,9.57,83.98
STU0822,4,2024-2025,8.75,92.22
STU0823,1,2023-2024,8.93,85.49
STU0823,2,2023-2024,10.0,85.26
STU0823,3,2024-2025,8.46,85.97
STU0823,4,2024-2025,8.62,79.42
STU0824,1,2023-2024,7.62,94.29
STU0824,2,2023-2024,10.0,79.44
STU0824,3,2024-2025,9.4,84.62
STU0824,4,2024-2025,9.11,83.99
STU0825,1,2023-2024,7.77,81.51
STU0825,2,2023-2024,5.02,72.5
STU0825,3,2024-2025,7.76,80.04
STU0825,4,2024-2025,5.7,69.93
STU0826,1,2023-2024,9.58,88.98
STU0826,2,2023-2024,9.29,91.23
STU0826,3,2024-2025,9.18,82.48
STU0826,4,2024-2025,9.12,85.27
STU0827,1,2023-2024,6.81,62.17
STU0827,2,2023-2024,6.32,66.2
STU0827,3,2024-2025,5.59,52.52
STU0827,4,2024-2025,4.79,55.23
STU0828,1,2023-2024,6.79,67.09
STU0828,2,2023-2024,6.85,56.12
STU0828,3,2024-2025,7.09,67.61
STU0828,4,2024-2025,7.18,68.01
STU0829,1,2023-2024,9.6,81.82
STU0829,2,2023-2024,8.37,74.57
STU0829,3,2024-2025,8.74,80.42
STU0829,4,2024-2025,6.77,83.0
STU0830,1,2023-2024,7.07,81.53
STU0830,2,2023-2024,6.49,88.27
STU0830,3,2024-2025,7.97,88.31
STU0830,4,2024-2025,8.66,70.54
STU0831,1,2023-2024,5.18,64.79
STU0831,2,2023-2024,3.24,60.9
STU0831,3,2024-2025,6.21,57.55
STU0831,4,2024-2025,5.59,56.73
STU0832,1,2023-2024,5.9,48.36
STU0832,2,2023-2024,5.53,41.29
STU0832,3,2024-2025,5.25,57.02
STU0832,4,2024-2025,5.08,49.3
STU0833,1,2023-2024,7.94,76.45
STU0833,2,2023-2024,8.45,92.81
STU0833,3,2024-2025,8.24,100.0
STU0833,4,2024-2025,9.85,89.01
STU0834,1,2023-2024,6.98,81.01
STU0834,2,2023-2024,8.01,71.05
STU0834,3,2024-2025,5.59,80.07
STU0834,4,2024-2025,9.1,70.56
STU0835,1,2023-2024,8.22,87.2
STU0835,2,2023-2024,10.0,88.35
STU0835,3,2024-2025,8.32,76.29
STU0835,4,2024-2025,7.85,87.22
STU0836,1,2023-2024,7.92,91.07
STU0836,2,2023-2024,10.0,100.0
STU0836,3,2024-2025,10.0,96.21
STU0836,4,2024-2025,8.65,90.03
STU0837,1,2023-2024,7.43,66.29
STU0837,2,2023-2024,6.85,67.47
STU0837,3,2024-2025,6.68,64.35
STU0837,4,2024-2025,6.27,56.81
STU0838,1,2023-2024,3.49,50.02
STU0838,2,2023-2024,3.45,49.44
STU0838,3,2024-2025,5.22,53.54
STU0838,4,2024-2025,6.07,42.93
STU0839,1,2023-2024,7.43,79.17
STU0839,2,2023-2024,7.44,85.46
STU0839,3,2024-2025,8.46,79.5
STU0839,4,2024-2025,8.33,85.36
STU0840,1,2023-2024,3.52,51.47
STU0840,2,2023-2024,6.14,64.26
STU0840,3,2024-2025,3.3,57.04
STU0840,4,2024-2025,5.8,50.04
STU0841,1,2023-2024,5.37,45.95
STU0841,2,2023-2024,6.46,44.54
STU0841,3,2024-2025,5.09,46.09
STU0841,4,2024-2025,4.19,48.38
STU0842,1,2023-2024,9.56,90.69
STU0842,2,2023-2024,7.89,68.21
STU0842,3,2024-2025,9.74,73.08
STU0842,4,2024-2025,7.48,85.91
STU0843,1,2023-2024,7.82,83.45
STU0843,2,2023-2024,9.12,89.05
STU0843,3,2024-2025,7.06,81.91
STU0843,4,2024-2025,10.0,84.75
STU0844,1,2023-2024,8.33,76.2
STU0844,2,2023-2024,7.93,81.05
STU0844,3,2024-2025,5.03,76.56
STU0844,4,2024-2025,7.54,76.16
STU0845,1,2023-2024,5.6,62.02
STU0845,2,2023-2024,6.91,58.04
STU0845,3,2024-2025,5.55,56.65
STU0845,4,2024-2025,5.04,58.86
STU0846,1,2023-2024,7.01,79.43
STU0846,2,2023-2024,6.51,81.03
STU0846,3,2024-2025,7.91,77.83
STU0846,4,2024-2025,9.49,84.17
STU0847,1,2023-2024,9.5,68.97
STU0847,2,2023-2024,6.5,63.77
STU0847,3,2024-2025,7.1,69.72
STU0847,4,2024-2025,6.14,65.12
STU0848,1,2023-2024,9.48,70.37
STU0848,2,2023-2024,7.6,74.88
STU0848,3,2024-2025,6.66,66.47
STU0848,4,2024-2025,6.58,73.25
STU0849,1,2023-2024,10.0,93.55
STU0849,2,2023-2024,7.36,94.62
STU0849,3,2024-2025,7.68,91.61
STU0849,4,2024-2025,9.99,93.04
STU0850,1,2023-2024,5.06,59.2
STU0850,2,2023-2024,5.84,63.94
STU0850,3,2024-2025,8.04,71.89
STU0850,4,2024-2025,6.3,74.62
STU0851,1,2023-2024,10.0,89.74
STU0851,2,2023-2024,8.05,89.26
STU0851,3,2024-2025,6.62,82.95
STU0851,4,2024-2025,7.84,95.24
STU0852,1,2023-2024,7.3,78.0
STU0852,2,2023-2024,7.5,81.03
STU0852,3,2024-2025,8.44,71.85
STU0852,4,2024-2025,6.65,79.15
STU0853,1,2023-2024,8.92,95.2
STU0853,2,2023-2024,7.69,84.35
STU0853,3,2024-2025,9.4,89.36
STU0853,4,2024-2025,8.23,90.97
STU0854,1,2023-2024,10.0,90.93
STU0854,2,2023-2024,8.06,83.68
STU0854,3,2024-2025,10.0,95.82
STU0854,4,2024-2025,8.5,100.0
STU0855,1,2023-2024,4.6,58.92
STU0855,2,2023-2024,5.84,64.14
STU0855,3,2024-2025,5.85,71.77
STU0855,4,2024-2025,6.37,55.99
STU0856,1,2023-2024,7.27,74.9
STU0856,2,2023-2024,8.97,68.38
STU0856,3,2024-2025,8.43,72.14
STU0856,4,2024-2025,8.45,81.91
STU0857,1,2023-2024,9.51,82.43
STU0857,2,2023-2024,7.88,88.36
STU0857,3,2024-2025,7.78,69.61
STU0857,4,2024-2025,9.12,79.91
STU0858,1,2023-2024,6.32,79.39
STU0858,2,2023-2024,6.85,80.24
STU0858,3,2024-2025,9.64,81.21
STU0858,4,2024-2025,6.63,76.91
STU0859,1,2023-2024,7.74,81.8
STU0859,2,2023-2024,7.47,72.34
STU0859,3,2024-2025,8.19,77.72
STU0859,4,2024-2025,10.0,83.66
STU0860,1,2023-2024,7.26,88.3
STU0860,2,2023-2024,7.74,84.06
STU0860,3,2024-2025,8.42,100.0
STU0860,4,2024-2025,10.0,90.9
STU0861,1,2023-2024,8.76,85.25
STU0861,2,2023-2024,7.08,79.25
STU0861,3,2024-2025,9.25,87.47
STU0861,4,2024-2025,7.25,83.85
STU0862,1,2023-2024,2.48,36.94
STU0862,2,2023-2024,3.63,27.71
STU0862,3,2024-2025,4.71,39.52
STU0862,4,2024-2025,3.05,43.48
STU0863,1,2023-2024,7.68,70.06
STU0863,2,2023-2024,6.74,66.83
STU0863,3,2024-2025,8.19,66.21
STU0863,4,2024-2025,6.29,75.29
STU0864,1,2023-2024,6.42,62.64
STU0864,2,2023-2024,6.11,61.89
STU0864,3,2024-2025,5.62,57.42
STU0864,4,2024-2025,7.87,56.79
STU0865,1,2023-2024,4.74,49.18
STU0865,2,2023-2024,5.95,59.56
STU0865,3,2024-2025,5.3,59.24
STU0865,4,2024-2025,5.78,47.84
STU0866,1,2023-2024,2.65,40.76
STU0866,2,2023-2024,4.01,42.42
STU0866,3,2024-2025,5.13,41.26
STU0866,4,2024-2025,3.97,37.99
STU0867,1,2023-2024,10.0,89.64
STU0867,2,2023-2024,9.64,95.31
STU0867,3,2024-2025,8.37,96.34
STU0867,4,2024-2025,7.49,90.05
STU0868,1,2023-2024,8.82,68.38
STU0868,2,2023-2024,7.95,70.24
STU0868,3,2024-2025,8.61,76.09
STU0868,4,2024-2025,7.21,69.3
STU0869,1,2023-2024,8.22,80.33
STU0869,2,2023-2024,9.63,84.47
STU0869,3,2024-2025,7.57,83.84
STU0869,4,2024-2025,9.85,83.75
STU0870,1,2023-2024,8.26,95.77
STU0870,2,2023-2024,8.41,92.01
STU0870,3,2024-2025,8.95,84.37
STU0870,4,2024-2025,8.98,94.28
STU0871,1,2023-2024,9.51,100.0
STU0871,2,2023-2024,10.0,100.0
STU0871,3,2024-2025,10.0,96.4
STU0871,4,2024-2025,7.44,89.73
STU0872,1,2023-2024,6.14,62.72
STU0872,2,2023-2024,4.53,73.52
STU0872,3,2024-2025,6.28,60.68
STU0872,4,2024-2025,6.59,62.59
STU0873,1,2023-2024,7.65,90.1
STU0873,2,2023-2024,8.63,84.29
STU0873,3,2024-2025,10.0,86.17
STU0873,4,2024-2025,8.32,80.32
STU0874,1,2023-2024,7.69,89.98
STU0874,2,2023-2024,8.38,94.89
STU0874,3,2024-2025,10.0,88.98
STU0874,4,2024-2025,10.0,85.88
STU0875,1,2023-2024,8.83,87.27
STU0875,2,2023-2024,7.81,100.0
STU0875,3,2024-2025,10.0,98.81
STU0875,4,2024-2025,6.62,91.31
STU0876,1,2023-2024,7.59,68.6
STU0876,2,2023-2024,7.9,76.42
STU0876,3,2024-2025,8.11,81.72
STU0876,4,2024-2025,6.71,61.16
STU0877,1,2023-2024,8.09,77.61
STU0877,2,2023-2024,7.87,77.55
STU0877,3,2024-2025,7.25,88.97
STU0877,4,2024-2025,8.01,81.23
STU0878,1,2023-2024,8.2,87.31
STU0878,2,2023-2024,8.81,87.94
STU0878,3,2024-2025,10.0,99.65
STU0878,4,2024-2025,7.24,86.07
STU0879,1,2023-2024,7.69,84.34
STU0879,2,2023-2024,7.88,77.68
STU0879,3,2024-2025,8.45,81.73
STU0879,4,2024-2025,8.16,84.81
STU0880,1,2023-2024,4.53,52.43
STU0880,2,2023-2024,3.8,57.12
STU0880,3,2024-2025,5.25,60.52
STU0880,4,2024-2025,4.26,53.65
STU0881,1,2023-2024,10.0,100.0
STU0881,2,2023-2024,10.0,100.0
STU0881,3,2024-2025,9.76,100.0
STU0881,4,2024-2025,10.0,97.52
STU0882,1,2023-2024,7.36,79.86
STU0882,2,2023-2024,7.58,77.18
STU0882,3,2024-2025,8.06,74.47
STU0882,4,2024-2025,8.37,82.64
STU0883,1,2023-2024,4.47,46.84
STU0883,2,2023-2024,5.01,45.27
STU0883,3,2024-2025,5.96,47.32
STU0883,4,2024-2025,5.82,53.8
STU0884,1,2023-2024,8.43,75.75
STU0884,2,2023-2024,8.73,73.3
STU0884,3,2024-2025,7.84,80.0
STU0884,4,2024-2025,7.72,77.64
STU0885,1,2023-2024,9.07,75.07
STU0885,2,2023-2024,8.61,78.6
STU0885,3,2024-2025,9.64,74.96
STU0885,4,2024-2025,8.13,84.21
STU0886,1,2023-2024,7.31,80.08
STU0886,2,2023-2024,7.58,78.27
STU0886,3,2024-2025,9.05,79.73
STU0886,4,2024-2025,7.66,84.96
STU0887,1,2023-2024,4.72,45.27
STU0887,2,2023-2024,5.46,48.87
STU0887,3,2024-2025,3.3,53.1
STU0887,4,2024-2025,4.67,56.39
STU0888,1,2023-2024,9.15,72.54
STU0888,2,2023-2024,6.46,81.72
STU0888,3,2024-2025,7.03,77.14
STU0888,4,2024-2025,7.09,79.29
STU0889,1,2023-2024,9.77,100.0
STU0889,2,2023-2024,8.35,85.51
STU0889,3,2024-2025,8.19,89.16
STU0889,4,2024-2025,8.47,98.71
STU0890,1,2023-2024,6.14,70.82
STU0890,2,2023-2024,8.85,86.4
STU0890,3,2024-2025,6.84,83.07
STU0890,4,2024-2025,7.89,79.22
STU0891,1,2023-2024,5.28,61.62
STU0891,2,2023-2024,6.71,47.6
STU0891,3,2024-2025,8.3,67.23
STU0891,4,2024-2025,6.81,55.27
STU0892,1,2023-2024,8.01,75.52
STU0892,2,2023-2024,8.94,99.2
STU0892,3,2024-2025,10.0,80.51
STU0892,4,2024-2025,9.63,74.26
STU0893,1,2023-2024,5.99,72.29
STU0893,2,2023-2024,6.56,71.83
STU0893,3,2024-2025,5.94,72.32
STU0893,4,2024-2025,7.22,69.65
STU0894,1,2023-2024,5.63,60.0
STU0894,2,2023-2024,5.09,57.86
STU0894,3,2024-2025,7.35,53.64
STU0894,4,2024-2025,4.94,60.83
STU0895,1,2023-2024,7.16,53.39
STU0895,2,2023-2024,4.2,56.28
STU0895,3,2024-2025,7.25,61.15
STU0895,4,2024-2025,7.28,67.71
STU0896,1,2023-2024,5.1,78.42
STU0896,2,2023-2024,7.53,78.16
STU0896,3,2024-2025,9.35,84.07
STU0896,4,2024-2025,10.0,73.14
STU0897,1,2023-2024,5.15,57.2
STU0897,2,2023-2024,4.74,53.78
STU0897,3,2024-2025,6.31,60.33
STU0897,4,2024-2025,5.95,65.08
STU0898,1,2023-2024,8.44,78.16
STU0898,2,2023-2024,7.09,72.58
STU0898,3,2024-2025,7.91,81.41
STU0898,4,2024-2025,8.11,84.54
STU0899,1,2023-2024,6.84,77.24
STU0899,2,2023-2024,8.16,75.81
STU0899,3,2024-2025,8.11,77.92
STU0899,4,2024-2025,9.15,79.05
STU0900,1,2023-2024,8.76,63.28
STU0900,2,2023-2024,6.91,62.26
STU0900,3,2024-2025,8.05,69.01
STU0900,4,2024-2025,6.51,66.21
STU0901,1,2023-2024,7.75,73.04
STU0901,2,2023-2024,6.66,69.16
STU0901,3,2024-2025,6.26,76.72
STU0901,4,2024-2025,7.03,77.23
STU0902,1,2023-2024,8.22,79.78
STU0902,2,2023-2024,8.96,84.38
STU0902,3,2024-2025,8.74,85.57
STU0902,4,2024-2025,8.24,89.7
STU0903,1,2023-2024,10.0,78.45
STU0903,2,2023-2024,7.93,78.12
STU0903,3,2024-2025,9.53,84.85
STU0903,4,2024-2025,9.17,80.83
STU0904,1,2023-2024,7.92,77.46
STU0904,2,2023-2024,7.16,83.01
STU0904,3,2024-2025,8.95,96.22
STU0904,4,2024-2025,6.21,78.31
STU0905,1,2023-2024,6.27,85.14
STU0905,2,2023-2024,7.63,84.13
STU0905,3,2024-2025,6.69,91.58
STU0905,4,2024-2025,9.83,82.59
STU0906,1,2023-2024,7.13,82.06
STU0906,2,2023-2024,8.61,78.85
STU0906,3,2024-2025,8.29,86.41
STU0906,4,2024-2025,8.47,90.31
STU0907,1,2023-2024,6.83,61.66
STU0907,2,2023-2024,6.44,69.87
STU0907,3,2024-2025,7.83,67.36
STU0907,4,2024-2025,7.54,65.51
STU0908,1,2023-2024,5.22,55.38
STU0908,2,2023-2024,7.03,59.37
STU0908,3,2024-2025,6.66,46.12
STU0908,4,2024-2025,6.06,50.73
STU0909,1,2023-2024,8.52,81.71
STU0909,2,2023-2024,10.0,83.84
STU0909,3,2024-2025,10.0,77.69
STU0909,4,2024-2025,10.0,86.51
STU0910,1,2023-2024,3.44,42.34
STU0910,2,2023-2024,3.34,45.73
STU0910,3,2024-2025,4.31,35.44
STU0910,4,2024-2025,3.17,41.14
STU0911,1,2023-2024,6.46,63.39
STU0911,2,2023-2024,6.7,47.26
STU0911,3,2024-2025,4.5,59.32
STU0911,4,2024-2025,5.57,56.04
STU0912,1,2023-2024,9.36,84.38
STU0912,2,2023-2024,9.12,90.71
STU0912,3,2024-2025,8.72,85.31
STU0912,4,2024-2025,9.77,96.58
STU0913,1,2023-2024,3.92,33.66
STU0913,2,2023-2024,5.18,36.11
STU0913,3,2024-2025,3.2,46.8
STU0913,4,2024-2025,5.02,50.43
STU0914,1,2023-2024,4.75,52.25
STU0914,2,2023-2024,6.22,55.34
STU0914,3,2024-2025,5.83,55.58
STU0914,4,2024-2025,5.85,43.88
STU0915,1,2023-2024,8.08,100.0
STU0915,2,2023-2024,10.0,98.17
STU0915,3,2024-2025,8.92,80.27
STU0915,4,2024-2025,9.18,89.28
STU0916,1,2023-2024,10.0,92.48
STU0916,2,2023-2024,8.88,85.07
STU0916,3,2024-2025,9.85,93.07
STU0916,4,2024-2025,8.6,87.96
STU0917,1,2023-2024,7.1,86.97
STU0917,2,2023-2024,8.92,75.8
STU0917,3,2024-2025,8.55,79.95
STU0917,4,2024-2025,7.96,76.62
STU0918,1,2023-2024,7.16,58.75
STU0918,2,2023-2024,5.22,64.98
STU0918,3,2024-2025,6.41,64.21
STU0918,4,2024-2025,6.01,58.13
STU0919,1,2023-2024,8.4,97.42
STU0919,2,2023-2024,10.0,97.52
STU0919,3,2024-2025,10.0,98.56
STU0919,4,2024-2025,10.0,100.0
STU0920,1,2023-2024,9.68,85.25
STU0920,2,2023-2024,8.56,91.32
STU0920,3,2024-2025,8.76,87.06
STU0920,4,2024-2025,7.78,79.43
STU0921,1,2023-2024,10.0,91.2
STU0921,2,2023-2024,9.62,83.06
STU0921,3,2024-2025,8.08,87.3
STU0921,4,2024-2025,8.32,80.69
STU0922,1,2023-2024,9.38,85.97
STU0922,2,2023-2024,7.79,94.87
STU0922,3,2024-2025,9.46,96.97
STU0922,4,2024-2025,10.0,85.68
STU0923,1,2023-2024,7.76,86.12
STU0923,2,2023-2024,8.07,87.55
STU0923,3,2024-2025,7.7,79.13
STU0923,4,2024-2025,8.5,84.75
STU0924,1,2023-2024,5.8,64.04
STU0924,2,2023-2024,6.12,56.64
STU0924,3,2024-2025,4.66,63.99
STU0924,4,2024-2025,6.11,61.78
STU0925,1,2023-2024,7.74,76.93
STU0925,2,2023-2024,6.75,70.5
STU0925,3,2024-2025,5.8,68.49
STU0925,4,2024-2025,6.22,59.76
STU0926,1,2023-2024,6.13,60.02
STU0926,2,2023-2024,5.18,68.3
STU0926,3,2024-2025,7.08,73.19
STU0926,4,2024-2025,5.65,62.56
STU0927,1,2023-2024,2.56,53.15
STU0927,2,2023-2024,3.88,52.8
STU0927,3,2024-2025,5.5,57.27
STU0927,4,2024-2025,6.26,45.22
STU0928,1,2023-2024,8.13,89.51
STU0928,2,2023-2024,7.64,91.57
STU0928,3,2024-2025,8.68,76.25
STU0928,4,2024-2025,8.03,86.7
STU0929,1,2023-2024,7.93,62.94
STU0929,2,2023-2024,6.54,58.98
STU0929,3,2024-2025,6.61,54.05
STU0929,4,2024-2025,7.06,58.52
STU0930,1,2023-2024,5.88,59.84
STU0930,2,2023-2024,6.15,61.79
STU0930,3,2024-2025,6.87,55.06
STU0930,4,2024-2025,4.83,63.3
STU0931,1,2023-2024,9.15,90.56
STU0931,2,2023-2024,8.79,98.95
STU0931,3,2024-2025,9.03,90.43
STU0931,4,2024-2025,8.74,87.28
STU0932,1,2023-2024,5.15,46.5
STU0932,2,2023-2024,4.84,58.98
STU0932,3,2024-2025,3.65,49.38
STU0932,4,2024-2025,3.93,42.76
STU0933,1,2023-2024,7.4,84.98
STU0933,2,2023-2024,9.66,81.63
STU0933,3,2024-2025,7.2,85.86
STU0933,4,2024-2025,10.0,84.91
STU0934,1,2023-2024,8.8,78.65
STU0934,2,2023-2024,7.75,78.33
STU0934,3,2024-2025,8.08,74.61
STU0934,4,2024-2025,6.5,71.93
STU0935,1,2023-2024,6.35,69.5
STU0935,2,2023-2024,5.78,70.69
STU0935,3,2024-2025,8.32,75.17
STU0935,4,2024-2025,8.09,74.32
STU0936,1,2023-2024,6.3,66.54
STU0936,2,2023-2024,5.96,57.82
STU0936,3,2024-2025,6.78,53.38
STU0936,4,2024-2025,6.6,62.37
STU0937,1,2023-2024,8.16,85.67
STU0937,2,2023-2024,8.59,87.93
STU0937,3,2024-2025,9.89,88.15
STU0937,4,2024-2025,8.47,85.42
STU0938,1,2023-2024,9.11,73.32
STU0938,2,2023-2024,7.23,61.24
STU0938,3,2024-2025,6.77,72.88
STU0938,4,2024-2025,7.11,68.41
STU0939,1,2023-2024,5.72,74.27
STU0939,2,2023-2024,6.02,71.06
STU0939,3,2024-2025,7.62,63.54
STU0939,4,2024-2025,6.97,54.02
STU0940,1,2023-2024,5.97,49.35
STU0940,2,2023-2024,5.58,51.71
STU0940,3,2024-2025,5.41,59.6
STU0940,4,2024-2025,4.91,48.67
STU0941,1,2023-2024,9.15,81.17
STU0941,2,2023-2024,7.28,68.33
STU0941,3,2024-2025,7.49,84.11
STU0941,4,2024-2025,7.92,67.04
STU0942,1,2023-2024,9.33,81.52
STU0942,2,2023-2024,8.74,78.07
STU0942,3,2024-2025,10.0,95.35
STU0942,4,2024-2025,8.34,75.92
STU0943,1,2023-2024,8.26,59.21
STU0943,2,2023-2024,5.9,61.43
STU0943,3,2024-2025,4.92,59.56
STU0943,4,2024-2025,7.06,52.87
STU0944,1,2023-2024,9.01,87.45
STU0944,2,2023-2024,10.0,95.25
STU0944,3,2024-2025,8.86,95.38
STU0944,4,2024-2025,8.73,97.5
STU0945,1,2023-2024,7.64,88.56
STU0945,2,2023-2024,9.11,83.73
STU0945,3,2024-2025,9.83,94.17
STU0945,4,2024-2025,8.85,96.22
STU0946,1,2023-2024,10.0,96.69
STU0946,2,2023-2024,7.94,92.89
STU0946,3,2024-2025,9.1,87.93
STU0946,4,2024-2025,8.95,86.27
STU0947,1,2023-2024,6.6,57.71
STU0947,2,2023-2024,8.14,76.53
STU0947,3,2024-2025,7.9,81.84
STU0947,4,2024-2025,6.35,82.38
STU0948,1,2023-2024,6.92,62.48
STU0948,2,2023-2024,4.54,52.93
STU0948,3,2024-2025,4.91,53.86
STU0948,4,2024-2025,5.68,54.03
STU0949,1,2023-2024,8.59,77.45
STU0949,2,2023-2024,8.35,86.52
STU0949,3,2024-2025,9.39,86.18
STU0949,4,2024-2025,8.1,73.4
STU0950,1,2023-2024,7.23,80.2
STU0950,2,2023-2024,9.02,85.36
STU0950,3,2024-2025,8.05,77.89
STU0950,4,2024-2025,9.97,83.93
STU0951,1,2023-2024,5.42,54.98
STU0951,2,2023-2024,6.09,53.38
STU0951,3,2024-2025,5.6,55.27
STU0951,4,2024-2025,5.28,41.58
STU0952,1,2023-2024,6.26,56.02
STU0952,2,2023-2024,4.36,60.24
STU0952,3,2024-2025,5.15,64.16
STU0952,4,2024-2025,5.4,57.99
STU0953,1,2023-2024,7.28,78.04
STU0953,2,2023-2024,7.35,74.24
STU0953,3,2024-2025,7.07,73.14
STU0953,4,2024-2025,4.99,73.83
STU0954,1,2023-2024,4.66,32.27
STU0954,2,2023-2024,4.06,40.32
STU0954,3,2024-2025,5.73,31.89
STU0954,4,2024-2025,2.86,41.84
STU0955,1,2023-2024,8.66,92.89
STU0955,2,2023-2024,9.86,100.0
STU0955,3,2024-2025,8.62,81.24
STU0955,4,2024-2025,9.09,91.43
STU0956,1,2023-2024,7.83,67.9
STU0956,2,2023-2024,8.07,74.75
STU0956,3,2024-2025,7.93,81.67
STU0956,4,2024-2025,7.91,75.1
STU0957,1,2023-2024,6.77,76.68
STU0957,2,2023-2024,5.77,71.2
STU0957,3,2024-2025,7.97,69.42
STU0957,4,2024-2025,6.84,69.61
STU0958,1,2023-2024,5.62,74.67
STU0958,2,2023-2024,7.77,73.75
STU0958,3,2024-2025,8.05,72.37
STU0958,4,2024-2025,6.94,69.32
STU0959,1,2023-2024,10.0,100.0
STU0959,2,2023-2024,8.88,100.0
STU0959,3,2024-2025,10.0,100.0
STU0959,4,2024-2025,8.42,100.0
STU0960,1,2023-2024,9.06,72.73
STU0960,2,2023-2024,9.0,74.93
STU0960,3,2024-2025,8.4,83.57
STU0960,4,2024-2025,6.91,74.28
STU0961,1,2023-2024,7.83,77.3
STU0961,2,2023-2024,9.05,83.25
STU0961,3,2024-2025,9.67,86.97
STU0961,4,2024-2025,8.68,84.06
STU0962,1,2023-2024,6.56,81.25
STU0962,2,2023-2024,5.46,72.69
STU0962,3,2024-2025,4.57,67.83
STU0962,4,2024-2025,6.12,71.28
STU0963,1,2023-2024,8.17,83.96
STU0963,2,2023-2024,10.0,88.37
STU0963,3,2024-2025,10.0,80.15
STU0963,4,2024-2025,8.01,79.7
STU0964,1,2023-2024,6.69,62.82
STU0964,2,2023-2024,2.99,56.72
STU0964,3,2024-2025,7.09,48.64
STU0964,4,2024-2025,7.61,57.3
STU0965,1,2023-2024,10.0,100.0
STU0965,2,2023-2024,9.56,96.88
STU0965,3,2024-2025,10.0,100.0
STU0965,4,2024-2025,8.57,98.01
STU0966,1,2023-2024,9.33,90.28
STU0966,2,2023-2024,10.0,89.76
STU0966,3,2024-2025,9.46,90.08
STU0966,4,2024-2025,10.0,83.25
STU0967,1,2023-2024,9.0,82.33
STU0967,2,2023-2024,8.99,92.23
STU0967,3,2024-2025,7.57,76.93
STU0967,4,2024-2025,9.07,82.22
STU0968,1,2023-2024,8.58,83.66
STU0968,2,2023-2024,7.84,83.62
STU0968,3,2024-2025,7.5,80.44
STU0968,4,2024-2025,6.59,86.27
STU0969,1,2023-2024,4.02,50.16
STU0969,2,2023-2024,4.36,65.15
STU0969,3,2024-2025,5.72,46.8
STU0969,4,2024-2025,5.63,53.28
STU0970,1,2023-2024,3.87,32.05
STU0970,2,2023-2024,2.53,19.15
STU0970,3,2024-2025,3.18,19.86
STU0970,4,2024-2025,1.32,24.29
STU0971,1,2023-2024,6.31,73.08
STU0971,2,2023-2024,7.87,63.72
STU0971,3,2024-2025,8.4,72.89
STU0971,4,2024-2025,7.24,68.56
STU0972,1,2023-2024,9.38,83.05
STU0972,2,2023-2024,10.0,91.8
STU0972,3,2024-2025,8.98,91.3
STU0972,4,2024-2025,8.96,87.94
STU0973,1,2023-2024,8.49,91.28
STU0973,2,2023-2024,9.05,89.9
STU0973,3,2024-2025,8.05,88.5
STU0973,4,2024-2025,10.0,93.27
STU0974,1,2023-2024,5.61,61.45
STU0974,2,2023-2024,4.54,54.85
STU0974,3,2024-2025,4.59,54.7
STU0974,4,2024-2025,7.1,47.39
STU0975,1,2023-2024,9.16,81.28
STU0975,2,2023-2024,9.78,92.69
STU0975,3,2024-2025,8.85,90.48
STU0975,4,2024-2025,7.97,89.67
STU0976,1,2023-2024,8.47,95.05
STU0976,2,2023-2024,6.88,99.68
STU0976,3,2024-2025,8.97,87.1
STU0976,4,2024-2025,9.66,97.51
STU0977,1,2023-2024,9.78,88.72
STU0977,2,2023-2024,9.9,85.75
STU0977,3,2024-2025,7.47,89.62
STU0977,4,2024-2025,8.91,89.82
STU0978,1,2023-2024,2.84,43.01
STU0978,2,2023-2024,4.19,30.61
STU0978,3,2024-2025,5.97,46.21
STU0978,4,2024-2025,2.71,43.23
STU0979,1,2023-2024,7.82,58.53
STU0979,2,2023-2024,5.95,71.65
STU0979,3,2024-2025,5.76,71.51
STU0979,4,2024-2025,6.21,70.05
STU0980,1,2023-2024,5.18,59.69
STU0980,2,2023-2024,6.12,53.27
STU0980,3,2024-2025,4.39,53.5
STU0980,4,2024-2025,4.48,51.97
STU0981,1,2023-2024,5.16,47.37
STU0981,2,2023-2024,3.36,40.84
STU0981,3,2024-2025,3.88,46.24
STU0981,4,2024-2025,2.75,42.52
STU0982,1,2023-2024,8.71,79.81
STU0982,2,2023-2024,9.45,86.41
STU0982,3,2024-2025,8.07,87.85
STU0982,4,2024-2025,6.81,78.86
STU0983,1,2023-2024,9.94,100.0
STU0983,2,2023-2024,8.62,83.76
STU0983,3,2024-2025,8.27,86.09
STU0983,4,2024-2025,10.0,98.47
STU0984,1,2023-2024,5.58,60.19
STU0984,2,2023-2024,5.65,51.39
STU0984,3,2024-2025,7.84,61.44
STU0984,4,2024-2025,7.49,60.95
STU0985,1,2023-2024,5.71,66.07
STU0985,2,2023-2024,5.22,76.03
STU0985,3,2024-2025,4.61,69.04
STU0985,4,2024-2025,7.21,81.38
STU0986,1,2023-2024,9.77,92.96
STU0986,2,2023-2024,10.0,100.0
STU0986,3,2024-2025,9.47,100.0
STU0986,4,2024-2025,9.22,94.62
STU0987,1,2023-2024,4.61,51.3
STU0987,2,2023-2024,4.22,27.48
STU0987,3,2024-2025,5.2,41.86
STU0987,4,2024-2025,3.63,40.06
STU0988,1,2023-2024,6.64,56.31
STU0988,2,2023-2024,4.65,68.6
STU0988,3,2024-2025,4.96,58.95
STU0988,4,2024-2025,7.85,69.42
STU0989,1,2023-2024,8.22,91.57
STU0989,2,2023-2024,8.27,96.3
STU0989,3,2024-2025,5.95,88.61
STU0989,4,2024-2025,7.82,80.89
STU0990,1,2023-2024,6.77,45.77
STU0990,2,2023-2024,3.35,48.76
STU0990,3,2024-2025,4.48,57.2
STU0990,4,2024-2025,5.15,55.98
STU0991,1,2023-2024,10.0,92.18
STU0991,2,2023-2024,9.81,99.15
STU0991,3,2024-2025,8.4,94.77
STU0991,4,2024-2025,10.0,97.32
STU0992,1,2023-2024,7.64,78.68
STU0992,2,2023-2024,7.97,77.42
STU0992,3,2024-2025,7.05,79.84
STU0992,4,2024-2025,8.14,77.87
STU0993,1,2023-2024,7.28,93.43
STU0993,2,2023-2024,7.2,84.88
STU0993,3,2024-2025,8.56,81.57
STU0993,4,2024-2025,7.39,83.12
STU0994,1,2023-2024,8.14,88.67
STU0994,2,2023-2024,7.89,74.27
STU0994,3,2024-2025,8.18,89.64
STU0994,4,2024-2025,9.14,85.73
STU0995,1,2023-2024,7.22,69.19
STU0995,2,2023-2024,6.71,75.09
STU0995,3,2024-2025,6.75,65.21
STU0995,4,2024-2025,7.2,69.72
STU0996,1,2023-2024,6.96,78.9
STU0996,2,2023-2024,7.23,82.15
STU0996,3,2024-2025,7.97,89.18
STU0996,4,2024-2025,9.5,79.63
STU0997,1,2023-2024,8.37,100.0
STU0997,2,2023-2024,8.94,97.95
STU0997,3,2024-2025,10.0,94.33
STU0997,4,2024-2025,8.61,100.0
STU0998,1,2023-2024,10.0,100.0
STU0998,2,2023-2024,9.49,92.27
STU0998,3,2024-2025,9.64,97.12
STU0998,4,2024-2025,8.6,98.52
STU0999,1,2023-2024,8.82,98.03
STU0999,2,2023-2024,9.3,95.11
STU0999,3,2024-2025,10.0,88.76
STU0999,4,2024-2025,8.22,78.83
STU1000,1,2023-2024,9.15,85.72
STU1000,2,2023-2024,8.36,96.56
STU1000,3,2024-2025,8.78,85.11
STU1000,4,2024-2025,7.82,82.89
