student_id,semester,academic_year,events_count,clubs_count,hackathons_count,certifications_count
STU0001,1,2023-2024,0,0,0,0
STU0001,2,2023-2024,0,0,0,0
STU0001,3,2024-2025,0,0,0,0
STU0001,4,2024-2025,0,0,0,0
STU0002,1,2023-2024,0,0,0,0
STU0002,2,2023-2024,0,0,0,0
STU0002,3,2024-2025,0,0,0,0
STU0002,4,2024-2025,0,0,0,0
STU0003,1,2023-2024,0,0,0,0
STU0003,2,2023-2024,2,0,0,0
STU0003,3,2024-2025,2,0,0,0
STU0003,4,2024-2025,0,0,0,0
STU0004,1,2023-2024,0,0,0,0
STU0004,2,2023-2024,0,0,0,0
STU0004,3,2024-2025,1,0,0,0
STU0004,4,2024-2025,1,0,0,0
STU0005,1,2023-2024,1,0,0,0
STU0005,2,2023-2024,0,0,0,0
STU0005,3,2024-2025,2,0,0,0
STU0005,4,2024-2025,0,0,0,0
STU0006,1,2023-2024,0,0,0,0
STU0006,2,2023-2024,1,0,0,0
STU0006,3,2024-2025,0,0,0,0
STU0006,4,2024-2025,0,0,0,0
STU0007,1,2023-2024,1,0,0,0
STU0007,2,2023-2024,1,0,0,0
STU0007,3,2024-2025,0,0,0,0
STU0007,4,2024-2025,1,0,0,0
STU0008,1,2023-2024,1,0,0,0
STU0008,2,2023-2024,4,1,1,0
STU0008,3,2024-2025,5,1,1,1
STU0008,4,2024-2025,4,1,1,0
STU0009,1,2023-2024,0,0,0,0
STU0009,2,2023-2024,0,0,0,0
STU0009,3,2024-2025,1,0,0,0
STU0009,4,2024-2025,3,1,0,0
STU0010,1,2023-2024,0,0,0,0
STU0010,2,2023-2024,0,0,0,0
STU0010,3,2024-2025,0,0,0,0
STU0010,4,2024-2025,0,0,0,0
STU0011,1,2023-2024,0,0,0,0
STU0011,2,2023-2024,0,0,0,0
STU0011,3,2024-2025,0,0,0,0
STU0011,4,2024-2025,0,0,0,0
STU0012,1,2023-2024,0,0,0,0
STU0012,2,2023-2024,0,0,0,0
STU0012,3,2024-2025,0,0,0,0
STU0012,4,2024-2025,1,0,0,0
STU0013,1,2023-2024,1,0,0,0
STU0013,2,2023-2024,0,0,0,0
STU0013,3,2024-2025,2,0,0,0
STU0013,4,2024-2025,3,1,0,0
STU0014,1,2023-2024,2,0,0,0
STU0014,2,2023-2024,2,0,0,0
STU0014,3,2024-2025,1,0,0,0
STU0014,4,2024-2025,2,0,0,0
STU0015,1,2023-2024,0,0,0,0
STU0015,2,2023-2024,0,0,0,0
STU0015,3,2024-2025,0,0,0,0
STU0015,4,2024-2025,1,0,0,0
STU0016,1,2023-2024,0,0,0,0
STU0016,2,2023-2024,2,0,0,0
STU0016,3,2024-2025,2,0,0,0
STU0016,4,2024-2025,2,0,0,0
STU0017,1,2023-2024,0,0,0,0
STU0017,2,2023-2024,4,1,1,0
STU0017,3,2024-2025,1,0,0,0
STU0017,4,2024-2025,1,0,0,0
STU0018,1,2023-2024,0,0,0,0
STU0018,2,2023-2024,1,0,0,0
STU0018,3,2024-2025,1,0,0,0
STU0018,4,2024-2025,1,0,0,0
STU0019,1,2023-2024,0,0,0,0
STU0019,2,2023-2024,1,0,0,0
STU0019,3,2024-2025,3,1,0,0
STU0019,4,2024-2025,0,0,0,0
STU0020,1,2023-2024,0,0,0,0
STU0020,2,2023-2024,0,0,0,0
STU0020,3,2024-2025,0,0,0,0
STU0020,4,2024-2025,0,0,0,0
STU0021,1,2023-2024,1,0,0,0
STU0021,2,2023-2024,1,0,0,0
STU0021,3,2024-2025,1,0,0,0
STU0021,4,2024-2025,4,1,1,0
STU0022,1,2023-2024,1,0,0,0
STU0022,2,2023-2024,0,0,0,0
STU0022,3,2024-2025,1,0,0,0
STU0022,4,2024-2025,2,0,0,0
STU0023,1,2023-2024,0,0,0,0
STU0023,2,2023-2024,0,0,0,0
STU0023,3,2024-2025,0,0,0,0
STU0023,4,2024-2025,0,0,0,0
STU0024,1,2023-2024,0,0,0,0
STU0024,2,2023-2024,0,0,0,0
STU0024,3,2024-2025,0,0,0,0
STU0024,4,2024-2025,0,0,0,0
STU0025,1,2023-2024,1,0,0,0
STU0025,2,2023-2024,0,0,0,0
STU0025,3,2024-2025,1,0,0,0
STU0025,4,2024-2025,2,0,0,0
STU0026,1,2023-2024,0,0,0,0
STU0026,2,2023-2024,0,0,0,0
STU0026,3,2024-2025,0,0,0,0
STU0026,4,2024-2025,0,0,0,0
STU0027,1,2023-2024,0,0,0,0
STU0027,2,2023-2024,0,0,0,0
STU0027,3,2024-2025,0,0,0,0
STU0027,4,2024-2025,0,0,0,0
STU0028,1,2023-2024,2,0,0,0
STU0028,2,2023-2024,3,1,0,0
STU0028,3,2024-2025,6,1,1,1
STU0028,4,2024-2025,1,0,0,0
STU0029,1,2023-2024,0,0,0,0
STU0029,2,2023-2024,0,0,0,0
STU0029,3,2024-2025,0,0,0,0
STU0029,4,2024-2025,0,0,0,0
STU0030,1,2023-2024,0,0,0,0
STU0030,2,2023-2024,0,0,0,0
STU0030,3,2024-2025,0,0,0,0
STU0030,4,2024-2025,0,0,0,0
STU0031,1,2023-2024,0,0,0,0
STU0031,2,2023-2024,0,0,0,0
STU0031,3,2024-2025,2,0,0,0
STU0031,4,2024-2025,3,1,0,0
STU0032,1,2023-2024,1,0,0,0
STU0032,2,2023-2024,0,0,0,0
STU0032,3,2024-2025,0,0,0,0
STU0032,4,2024-2025,0,0,0,0
STU0033,1,2023-2024,0,0,0,0
STU0033,2,2023-2024,0,0,0,0
STU0033,3,2024-2025,0,0,0,0
STU0033,4,2024-2025,0,0,0,0
STU0034,1,2023-2024,1,0,0,0
STU0034,2,2023-2024,0,0,0,0
STU0034,3,2024-2025,0,0,0,0
STU0034,4,2024-2025,1,0,0,0
STU0035,1,2023-2024,5,1,1,1
STU0035,2,2023-2024,2,0,0,0
STU0035,3,2024-2025,4,1,1,0
STU0035,4,2024-2025,1,0,0,0
STU0036,1,2023-2024,0,0,0,0
STU0036,2,2023-2024,1,0,0,0
STU0036,3,2024-2025,0,0,0,0
STU0036,4,2024-2025,0,0,0,0
STU0037,1,2023-2024,1,0,0,0
STU0037,2,2023-2024,0,0,0,0
STU0037,3,2024-2025,2,0,0,0
STU0037,4,2024-2025,1,0,0,0
STU0038,1,2023-2024,0,0,0,0
STU0038,2,2023-2024,1,0,0,0
STU0038,3,2024-2025,0,0,0,0
STU0038,4,2024-2025,1,0,0,0
STU0039,1,2023-2024,2,0,0,0
STU0039,2,2023-2024,0,0,0,0
STU0039,3,2024-2025,3,1,0,0
STU0039,4,2024-2025,4,1,1,0
STU0040,1,2023-2024,0,0,0,0
STU0040,2,2023-2024,0,0,0,0
STU0040,3,2024-2025,2,0,0,0
STU0040,4,2024-2025,0,0,0,0
STU0041,1,2023-2024,1,0,0,0
STU0041,2,2023-2024,0,0,0,0
STU0041,3,2024-2025,2,0,0,0
STU0041,4,2024-2025,0,0,0,0
STU0042,1,2023-2024,0,0,0,0
STU0042,2,2023-2024,0,0,0,0
STU0042,3,2024-2025,0,0,0,0
STU0042,4,2024-2025,0,0,0,0
STU0043,1,2023-2024,1,0,0,0
STU0043,2,2023-2024,0,0,0,0
STU0043,3,2024-2025,0,0,0,0
STU0043,4,2024-2025,1,0,0,0
STU0044,1,2023-2024,2,0,0,0
STU0044,2,2023-2024,5,1,1,1
STU0044,3,2024-2025,1,0,0,0
STU0044,4,2024-2025,1,0,0,0
STU0045,1,2023-2024,2,0,0,0
STU0045,2,2023-2024,3,1,0,0
STU0045,3,2024-2025,3,1,0,0
STU0045,4,2024-2025,2,0,0,0
STU0046,1,2023-2024,1,0,0,0
STU0046,2,2023-2024,0,0,0,0
STU0046,3,2024-2025,3,1,0,0
STU0046,4,2024-2025,0,0,0,0
STU0047,1,2023-2024,2,0,0,0
STU0047,2,2023-2024,2,0,0,0
STU0047,3,2024-2025,0,0,0,0
STU0047,4,2024-2025,3,1,0,0
STU0048,1,2023-2024,1,0,0,0
STU0048,2,2023-2024,1,0,0,0
STU0048,3,2024-2025,2,0,0,0
STU0048,4,2024-2025,3,1,0,0
STU0049,1,2023-2024,0,0,0,0
STU0049,2,2023-2024,0,0,0,0
STU0049,3,2024-2025,1,0,0,0
STU0049,4,2024-2025,0,0,0,0
STU0050,1,2023-2024,0,0,0,0
STU0050,2,2023-2024,0,0,0,0
STU0050,3,2024-2025,0,0,0,0
STU0050,4,2024-2025,0,0,0,0
STU0051,1,2023-2024,1,0,0,0
STU0051,2,2023-2024,1,0,0,0
STU0051,3,2024-2025,6,1,1,1
STU0051,4,2024-2025,1,0,0,0
STU0052,1,2023-2024,0,0,0,0
STU0052,2,2023-2024,0,0,0,0
STU0052,3,2024-2025,1,0,0,0
STU0052,4,2024-2025,2,0,0,0
STU0053,1,2023-2024,3,1,0,0
STU0053,2,2023-2024,1,0,0,0
STU0053,3,2024-2025,0,0,0,0
STU0053,4,2024-2025,1,0,0,0
STU0054,1,2023-2024,0,0,0,0
STU0054,2,2023-2024,0,0,0,0
STU0054,3,2024-2025,0,0,0,0
STU0054,4,2024-2025,0,0,0,0
STU0055,1,2023-2024,0,0,0,0
STU0055,2,2023-2024,0,0,0,0
STU0055,3,2024-2025,0,0,0,0
STU0055,4,2024-2025,0,0,0,0
STU0056,1,2023-2024,0,0,0,0
STU0056,2,2023-2024,0,0,0,0
STU0056,3,2024-2025,0,0,0,0
STU0056,4,2024-2025,0,0,0,0
STU0057,1,2023-2024,1,0,0,0
STU0057,2,2023-2024,1,0,0,0
STU0057,3,2024-2025,1,0,0,0
STU0057,4,2024-2025,2,0,0,0
STU0058,1,2023-2024,0,0,0,0
STU0058,2,2023-2024,1,0,0,0
STU0058,3,2024-2025,0,0,0,0
STU0058,4,2024-2025,0,0,0,0
STU0059,1,2023-2024,0,0,0,0
STU0059,2,2023-2024,0,0,0,0
STU0059,3,2024-2025,0,0,0,0
STU0059,4,2024-2025,0,0,0,0
STU0060,1,2023-2024,0,0,0,0
STU0060,2,2023-2024,0,0,0,0
STU0060,3,2024-2025,0,0,0,0
STU0060,4,2024-2025,0,0,0,0
STU0061,1,2023-2024,0,0,0,0
STU0061,2,2023-2024,0,0,0,0
STU0061,3,2024-2025,0,0,0,0
STU0061,4,2024-2025,0,0,0,0
STU0062,1,2023-2024,1,0,0,0
STU0062,2,2023-2024,3,1,0,0
STU0062,3,2024-2025,0,0,0,0
STU0062,4,2024-2025,1,0,0,0
STU0063,1,2023-2024,0,0,0,0
STU0063,2,2023-2024,0,0,0,0
STU0063,3,2024-2025,1,0,0,0
STU0063,4,2024-2025,0,0,0,0
STU0064,1,2023-2024,1,0,0,0
STU0064,2,2023-2024,3,1,0,0
STU0064,3,2024-2025,1,0,0,0
STU0064,4,2024-2025,1,0,0,0
STU0065,1,2023-2024,3,1,0,0
STU0065,2,2023-2024,2,0,0,0
STU0065,3,2024-2025,1,0,0,0
STU0065,4,2024-2025,2,0,0,0
STU0066,1,2023-2024,4,1,1,0
STU0066,2,2023-2024,3,1,0,0
STU0066,3,2024-2025,1,0,0,0
STU0066,4,2024-2025,1,0,0,0
STU0067,1,2023-2024,1,0,0,0
STU0067,2,2023-2024,1,0,0,0
STU0067,3,2024-2025,1,0,0,0
STU0067,4,2024-2025,1,0,0,0
STU0068,1,2023-2024,0,0,0,0
STU0068,2,2023-2024,0,0,0,0
STU0068,3,2024-2025,0,0,0,0
STU0068,4,2024-2025,0,0,0,0
STU0069,1,2023-2024,1,0,0,0
STU0069,2,2023-2024,0,0,0,0
STU0069,3,2024-2025,1,0,0,0
STU0069,4,2024-2025,0,0,0,0
STU0070,1,2023-2024,1,0,0,0
STU0070,2,2023-2024,1,0,0,0
STU0070,3,2024-2025,1,0,0,0
STU0070,4,2024-2025,0,0,0,0
STU0071,1,2023-2024,0,0,0,0
STU0071,2,2023-2024,0,0,0,0
STU0071,3,2024-2025,0,0,0,0
STU0071,4,2024-2025,0,0,0,0
STU0072,1,2023-2024,1,0,0,0
STU0072,2,2023-2024,2,0,0,0
STU0072,3,2024-2025,3,1,0,0
STU0072,4,2024-2025,2,0,0,0
STU0073,1,2023-2024,1,0,0,0
STU0073,2,2023-2024,3,1,0,0
STU0073,3,2024-2025,4,1,1,0
STU0073,4,2024-2025,3,1,0,0
STU0074,1,2023-2024,0,0,0,0
STU0074,2,2023-2024,1,0,0,0
STU0074,3,2024-2025,2,0,0,0
STU0074,4,2024-2025,1,0,0,0
STU0075,1,2023-2024,0,0,0,0
STU0075,2,2023-2024,0,0,0,0
STU0075,3,2024-2025,0,0,0,0
STU0075,4,2024-2025,0,0,0,0
STU0076,1,2023-2024,2,0,0,0
STU0076,2,2023-2024,2,0,0,0
STU0076,3,2024-2025,1,0,0,0
STU0076,4,2024-2025,2,0,0,0
STU0077,1,2023-2024,0,0,0,0
STU0077,2,2023-2024,0,0,0,0
STU0077,3,2024-2025,0,0,0,0
STU0077,4,2024-2025,0,0,0,0
STU0078,1,2023-2024,0,0,0,0
STU0078,2,2023-2024,0,0,0,0
STU0078,3,2024-2025,1,0,0,0
STU0078,4,2024-2025,0,0,0,0
STU0079,1,2023-2024,0,0,0,0
STU0079,2,2023-2024,0,0,0,0
STU0079,3,2024-2025,1,0,0,0
STU0079,4,2024-2025,0,0,0,0
STU0080,1,2023-2024,3,1,0,0
STU0080,2,2023-2024,1,0,0,0
STU0080,3,2024-2025,3,1,0,0
STU0080,4,2024-2025,1,0,0,0
STU0081,1,2023-2024,0,0,0,0
STU0081,2,2023-2024,3,1,0,0
STU0081,3,2024-2025,2,0,0,0
STU0081,4,2024-2025,0,0,0,0
STU0082,1,2023-2024,1,0,0,0
STU0082,2,2023-2024,1,0,0,0
STU0082,3,2024-2025,0,0,0,0
STU0082,4,2024-2025,1,0,0,0
STU0083,1,2023-2024,0,0,0,0
STU0083,2,2023-2024,0,0,0,0
STU0083,3,2024-2025,0,0,0,0
STU0083,4,2024-2025,0,0,0,0
STU0084,1,2023-2024,3,1,0,0
STU0084,2,2023-2024,2,0,0,0
STU0084,3,2024-2025,1,0,0,0
STU0084,4,2024-2025,0,0,0,0
STU0085,1,2023-2024,0,0,0,0
STU0085,2,2023-2024,0,0,0,0
STU0085,3,2024-2025,3,1,0,0
STU0085,4,2024-2025,2,0,0,0
STU0086,1,2023-2024,1,0,0,0
STU0086,2,2023-2024,2,0,0,0
STU0086,3,2024-2025,2,0,0,0
STU0086,4,2024-2025,1,0,0,0
STU0087,1,2023-2024,1,0,0,0
STU0087,2,2023-2024,0,0,0,0
STU0087,3,2024-2025,0,0,0,0
STU0087,4,2024-2025,0,0,0,0
STU0088,1,2023-2024,0,0,0,0
STU0088,2,2023-2024,0,0,0,0
STU0088,3,2024-2025,0,0,0,0
STU0088,4,2024-2025,0,0,0,0
STU0089,1,2023-2024,1,0,0,0
STU0089,2,2023-2024,2,0,0,0
STU0089,3,2024-2025,5,1,1,1
STU0089,4,2024-2025,3,1,0,0
STU0090,1,2023-2024,0,0,0,0
STU0090,2,2023-2024,0,0,0,0
STU0090,3,2024-2025,0,0,0,0
STU0090,4,2024-2025,0,0,0,0
STU0091,1,2023-2024,0,0,0,0
STU0091,2,2023-2024,0,0,0,0
STU0091,3,2024-2025,0,0,0,0
STU0091,4,2024-2025,0,0,0,0
STU0092,1,2023-2024,0,0,0,0
STU0092,2,2023-2024,0,0,0,0
STU0092,3,2024-2025,0,0,0,0
STU0092,4,2024-2025,0,0,0,0
STU0093,1,2023-2024,0,0,0,0
STU0093,2,2023-2024,1,0,0,0
STU0093,3,2024-2025,1,0,0,0
STU0093,4,2024-2025,0,0,0,0
STU0094,1,2023-2024,2,0,0,0
STU0094,2,2023-2024,2,0,0,0
STU0094,3,2024-2025,3,1,0,0
STU0094,4,2024-2025,3,1,0,0
STU0095,1,2023-2024,0,0,0,0
STU0095,2,2023-2024,0,0,0,0
STU0095,3,2024-2025,0,0,0,0
STU0095,4,2024-2025,0,0,0,0
STU0096,1,2023-2024,0,0,0,0
STU0096,2,2023-2024,0,0,0,0
STU0096,3,2024-2025,0,0,0,0
STU0096,4,2024-2025,0,0,0,0
STU0097,1,2023-2024,1,0,0,0
STU0097,2,2023-2024,0,0,0,0
STU0097,3,2024-2025,2,0,0,0
STU0097,4,2024-2025,2,0,0,0
STU0098,1,2023-2024,1,0,0,0
STU0098,2,2023-2024,1,0,0,0
STU0098,3,2024-2025,1,0,0,0
STU0098,4,2024-2025,4,1,1,0
STU0099,1,2023-2024,0,0,0,0
STU0099,2,2023-2024,0,0,0,0
STU0099,3,2024-2025,0,0,0,0
STU0099,4,2024-2025,0,0,0,0
STU0100,1,2023-2024,2,0,0,0
STU0100,2,2023-2024,1,0,0,0
STU0100,3,2024-2025,2,0,0,0
STU0100,4,2024-2025,4,1,1,0
STU0101,1,2023-2024,2,0,0,0
STU0101,2,2023-2024,2,0,0,0
STU0101,3,2024-2025,0,0,0,0
STU0101,4,2024-2025,1,0,0,0
STU0102,1,2023-2024,1,0,0,0
STU0102,2,2023-2024,0,0,0,0
STU0102,3,2024-2025,0,0,0,0
STU0102,4,2024-2025,0,0,0,0
STU0103,1,2023-2024,2,0,0,0
STU0103,2,2023-2024,2,0,0,0
STU0103,3,2024-2025,5,1,1,1
STU0103,4,2024-2025,3,1,0,0
STU0104,1,2023-2024,0,0,0,0
STU0104,2,2023-2024,0,0,0,0
STU0104,3,2024-2025,0,0,0,0
STU0104,4,2024-2025,0,0,0,0
STU0105,1,2023-2024,0,0,0,0
STU0105,2,2023-2024,0,0,0,0
STU0105,3,2024-2025,0,0,0,0
STU0105,4,2024-2025,0,0,0,0
STU0106,1,2023-2024,0,0,0,0
STU0106,2,2023-2024,0,0,0,0
STU0106,3,2024-2025,0,0,0,0
STU0106,4,2024-2025,0,0,0,0
STU0107,1,2023-2024,0,0,0,0
STU0107,2,2023-2024,0,0,0,0
STU0107,3,2024-2025,0,0,0,0
STU0107,4,2024-2025,0,0,0,0
STU0108,1,2023-2024,1,0,0,0
STU0108,2,2023-2024,4,1,1,0
STU0108,3,2024-2025,1,0,0,0
STU0108,4,2024-2025,3,1,0,0
STU0109,1,2023-2024,0,0,0,0
STU0109,2,2023-2024,0,0,0,0
STU0109,3,2024-2025,0,0,0,0
STU0109,4,2024-2025,0,0,0,0
STU0110,1,2023-2024,5,1,1,1
STU0110,2,2023-2024,2,0,0,0
STU0110,3,2024-2025,3,1,0,0
STU0110,4,2024-2025,5,1,1,1
STU0111,1,2023-2024,0,0,0,0
STU0111,2,2023-2024,0,0,0,0
STU0111,3,2024-2025,0,0,0,0
STU0111,4,2024-2025,0,0,0,0
STU0112,1,2023-2024,0,0,0,0
STU0112,2,2023-2024,2,0,0,0
STU0112,3,2024-2025,2,0,0,0
STU0112,4,2024-2025,5,1,1,1
STU0113,1,2023-2024,1,0,0,0
STU0113,2,2023-2024,2,0,0,0
STU0113,3,2024-2025,2,0,0,0
STU0113,4,2024-2025,1,0,0,0
STU0114,1,2023-2024,0,0,0,0
STU0114,2,2023-2024,0,0,0,0
STU0114,3,2024-2025,0,0,0,0
STU0114,4,2024-2025,1,0,0,0
STU0115,1,2023-2024,1,0,0,0
STU0115,2,2023-2024,1,0,0,0
STU0115,3,2024-2025,1,0,0,0
STU0115,4,2024-2025,0,0,0,0
STU0116,1,2023-2024,0,0,0,0
STU0116,2,2023-2024,0,0,0,0
STU0116,3,2024-2025,0,0,0,0
STU0116,4,2024-2025,0,0,0,0
STU0117,1,2023-2024,1,0,0,0
STU0117,2,2023-2024,0,0,0,0
STU0117,3,2024-2025,0,0,0,0
STU0117,4,2024-2025,0,0,0,0
STU0118,1,2023-2024,3,1,0,0
STU0118,2,2023-2024,3,1,0,0
STU0118,3,2024-2025,1,0,0,0
STU0118,4,2024-2025,1,0,0,0
STU0119,1,2023-2024,2,0,0,0
STU0119,2,2023-2024,1,0,0,0
STU0119,3,2024-2025,1,0,0,0
STU0119,4,2024-2025,1,0,0,0
STU0120,1,2023-2024,0,0,0,0
STU0120,2,2023-2024,1,0,0,0
STU0120,3,2024-2025,1,0,0,0
STU0120,4,2024-2025,0,0,0,0
STU0121,1,2023-2024,0,0,0,0
STU0121,2,2023-2024,3,1,0,0
STU0121,3,2024-2025,2,0,0,0
STU0121,4,2024-2025,0,0,0,0
STU0122,1,2023-2024,3,1,0,0
STU0122,2,2023-2024,3,1,0,0
STU0122,3,2024-2025,2,0,0,0
STU0122,4,2024-2025,3,1,0,0
STU0123,1,2023-2024,1,0,0,0
STU0123,2,2023-2024,2,0,0,0
STU0123,3,2024-2025,0,0,0,0
STU0123,4,2024-2025,0,0,0,0
STU0124,1,2023-2024,5,1,1,1
STU0124,2,2023-2024,1,0,0,0
STU0124,3,2024-2025,3,1,0,0
STU0124,4,2024-2025,2,0,0,0
STU0125,1,2023-2024,4,1,1,0
STU0125,2,2023-2024,1,0,0,0
STU0125,3,2024-2025,3,1,0,0
STU0125,4,2024-2025,3,1,0,0
STU0126,1,2023-2024,0,0,0,0
STU0126,2,2023-2024,0,0,0,0
STU0126,3,2024-2025,0,0,0,0
STU0126,4,2024-2025,0,0,0,0
STU0127,1,2023-2024,2,0,0,0
STU0127,2,2023-2024,0,0,0,0
STU0127,3,2024-2025,0,0,0,0
STU0127,4,2024-2025,2,0,0,0
STU0128,1,2023-2024,0,0,0,0
STU0128,2,2023-2024,2,0,0,0
STU0128,3,2024-2025,0,0,0,0
STU0128,4,2024-2025,1,0,0,0
STU0129,1,2023-2024,1,0,0,0
STU0129,2,2023-2024,3,1,0,0
STU0129,3,2024-2025,1,0,0,0
STU0129,4,2024-2025,1,0,0,0
STU0130,1,2023-2024,3,1,0,0
STU0130,2,2023-2024,2,0,0,0
STU0130,3,2024-2025,0,0,0,0
STU0130,4,2024-2025,1,0,0,0
STU0131,1,2023-2024,2,0,0,0
STU0131,2,2023-2024,3,1,0,0
STU0131,3,2024-2025,2,0,0,0
STU0131,4,2024-2025,2,0,0,0
STU0132,1,2023-2024,0,0,0,0
STU0132,2,2023-2024,0,0,0,0
STU0132,3,2024-2025,1,0,0,0
STU0132,4,2024-2025,0,0,0,0
STU0133,1,2023-2024,3,1,0,0
STU0133,2,2023-2024,3,1,0,0
STU0133,3,2024-2025,4,1,1,0
STU0133,4,2024-2025,4,1,1,0
STU0134,1,2023-2024,2,0,0,0
STU0134,2,2023-2024,1,0,0,0
STU0134,3,2024-2025,0,0,0,0
STU0134,4,2024-2025,1,0,0,0
STU0135,1,2023-2024,0,0,0,0
STU0135,2,2023-2024,0,0,0,0
STU0135,3,2024-2025,0,0,0,0
STU0135,4,2024-2025,2,0,0,0
STU0136,1,2023-2024,0,0,0,0
STU0136,2,2023-2024,0,0,0,0
STU0136,3,2024-2025,0,0,0,0
STU0136,4,2024-2025,1,0,0,0
STU0137,1,2023-2024,1,0,0,0
STU0137,2,2023-2024,1,0,0,0
STU0137,3,2024-2025,2,0,0,0
STU0137,4,2024-2025,1,0,0,0
STU0138,1,2023-2024,0,0,0,0
STU0138,2,2023-2024,0,0,0,0
STU0138,3,2024-2025,2,0,0,0
STU0138,4,2024-2025,1,0,0,0
STU0139,1,2023-2024,2,0,0,0
STU0139,2,2023-2024,0,0,0,0
STU0139,3,2024-2025,3,1,0,0
STU0139,4,2024-2025,2,0,0,0
STU0140,1,2023-2024,2,0,0,0
STU0140,2,2023-2024,3,1,0,0
STU0140,3,2024-2025,0,0,0,0
STU0140,4,2024-2025,2,0,0,0
STU0141,1,2023-2024,4,1,1,0
STU0141,2,2023-2024,1,0,0,0
STU0141,3,2024-2025,1,0,0,0
STU0141,4,2024-2025,1,0,0,0
STU0142,1,2023-2024,2,0,0,0
STU0142,2,2023-2024,2,0,0,0
STU0142,3,2024-2025,0,0,0,0
STU0142,4,2024-2025,3,1,0,0
STU0143,1,2023-2024,0,0,0,0
STU0143,2,2023-2024,1,0,0,0
STU0143,3,2024-2025,1,0,0,0
STU0143,4,2024-2025,0,0,0,0
STU0144,1,2023-2024,0,0,0,0
STU0144,2,2023-2024,0,0,0,0
STU0144,3,2024-2025,0,0,0,0
STU0144,4,2024-2025,0,0,0,0
STU0145,1,2023-2024,0,0,0,0
STU0145,2,2023-2024,0,0,0,0
STU0145,3,2024-2025,0,0,0,0
STU0145,4,2024-2025,0,0,0,0
STU0146,1,2023-2024,1,0,0,0
STU0146,2,2023-2024,2,0,0,0
STU0146,3,2024-2025,2,0,0,0
STU0146,4,2024-2025,2,0,0,0
STU0147,1,2023-2024,1,0,0,0
STU0147,2,2023-2024,3,1,0,0
STU0147,3,2024-2025,0,0,0,0
STU0147,4,2024-2025,3,1,0,0
STU0148,1,2023-2024,0,0,0,0
STU0148,2,2023-2024,0,0,0,0
STU0148,3,2024-2025,0,0,0,0
STU0148,4,2024-2025,0,0,0,0
STU0149,1,2023-2024,1,0,0,0
STU0149,2,2023-2024,1,0,0,0
STU0149,3,2024-2025,0,0,0,0
STU0149,4,2024-2025,0,0,0,0
STU0150,1,2023-2024,0,0,0,0
STU0150,2,2023-2024,0,0,0,0
STU0150,3,2024-2025,0,0,0,0
STU0150,4,2024-2025,0,0,0,0
STU0151,1,2023-2024,0,0,0,0
STU0151,2,2023-2024,0,0,0,0
STU0151,3,2024-2025,0,0,0,0
STU0151,4,2024-2025,0,0,0,0
STU0152,1,2023-2024,0,0,0,0
STU0152,2,2023-2024,0,0,0,0
STU0152,3,2024-2025,0,0,0,0
STU0152,4,2024-2025,0,0,0,0
STU0153,1,2023-2024,0,0,0,0
STU0153,2,2023-2024,3,1,0,0
STU0153,3,2024-2025,0,0,0,0
STU0153,4,2024-2025,1,0,0,0
STU0154,1,2023-2024,0,0,0,0
STU0154,2,2023-2024,0,0,0,0
STU0154,3,2024-2025,0,0,0,0
STU0154,4,2024-2025,0,0,0,0
STU0155,1,2023-2024,2,0,0,0
STU0155,2,2023-2024,0,0,0,0
STU0155,3,2024-2025,3,1,0,0
STU0155,4,2024-2025,1,0,0,0
STU0156,1,2023-2024,2,0,0,0
STU0156,2,2023-2024,1,0,0,0
STU0156,3,2024-2025,1,0,0,0
STU0156,4,2024-2025,0,0,0,0
STU0157,1,2023-2024,0,0,0,0
STU0157,2,2023-2024,1,0,0,0
STU0157,3,2024-2025,1,0,0,0
STU0157,4,2024-2025,0,0,0,0
STU0158,1,2023-2024,0,0,0,0
STU0158,2,2023-2024,0,0,0,0
STU0158,3,2024-2025,1,0,0,0
STU0158,4,2024-2025,2,0,0,0
STU0159,1,2023-2024,0,0,0,0
STU0159,2,2023-2024,0,0,0,0
STU0159,3,2024-2025,0,0,0,0
STU0159,4,2024-2025,0,0,0,0
STU0160,1,2023-2024,0,0,0,0
STU0160,2,2023-2024,0,0,0,0
STU0160,3,2024-2025,0,0,0,0
STU0160,4,2024-2025,0,0,0,0
STU0161,1,2023-2024,1,0,0,0
STU0161,2,2023-2024,1,0,0,0
STU0161,3,2024-2025,0,0,0,0
STU0161,4,2024-2025,2,0,0,0
STU0162,1,2023-2024,0,0,0,0
STU0162,2,2023-2024,0,0,0,0
STU0162,3,2024-2025,0,0,0,0
STU0162,4,2024-2025,0,0,0,0
STU0163,1,2023-2024,0,0,0,0
STU0163,2,2023-2024,0,0,0,0
STU0163,3,2024-2025,0,0,0,0
STU0163,4,2024-2025,0,0,0,0
STU0164,1,2023-2024,0,0,0,0
STU0164,2,2023-2024,0,0,0,0
STU0164,3,2024-2025,1,0,0,0
STU0164,4,2024-2025,2,0,0,0
STU0165,1,2023-2024,2,0,0,0
STU0165,2,2023-2024,3,1,0,0
STU0165,3,2024-2025,1,0,0,0
STU0165,4,2024-2025,2,0,0,0
STU0166,1,2023-2024,0,0,0,0
STU0166,2,2023-2024,0,0,0,0
STU0166,3,2024-2025,0,0,0,0
STU0166,4,2024-2025,0,0,0,0
STU0167,1,2023-2024,3,1,0,0
STU0167,2,2023-2024,2,0,0,0
STU0167,3,2024-2025,2,0,0,0
STU0167,4,2024-2025,3,1,0,0
STU0168,1,2023-2024,0,0,0,0
STU0168,2,2023-2024,0,0,0,0
STU0168,3,2024-2025,0,0,0,0
STU0168,4,2024-2025,1,0,0,0
STU0169,1,2023-2024,0,0,0,0
STU0169,2,2023-2024,0,0,0,0
STU0169,3,2024-2025,0,0,0,0
STU0169,4,2024-2025,0,0,0,0
STU0170,1,2023-2024,2,0,0,0
STU0170,2,2023-2024,2,0,0,0
STU0170,3,2024-2025,2,0,0,0
STU0170,4,2024-2025,2,0,0,0
STU0171,1,2023-2024,0,0,0,0
STU0171,2,2023-2024,0,0,0,0
STU0171,3,2024-2025,0,0,0,0
STU0171,4,2024-2025,0,0,0,0
STU0172,1,2023-2024,0,0,0,0
STU0172,2,2023-2024,1,0,0,0
STU0172,3,2024-2025,0,0,0,0
STU0172,4,2024-2025,0,0,0,0
STU0173,1,2023-2024,0,0,0,0
STU0173,2,2023-2024,1,0,0,0
STU0173,3,2024-2025,0,0,0,0
STU0173,4,2024-2025,1,0,0,0
STU0174,1,2023-2024,0,0,0,0
STU0174,2,2023-2024,3,1,0,0
STU0174,3,2024-2025,3,1,0,0
STU0174,4,2024-2025,0,0,0,0
STU0175,1,2023-2024,0,0,0,0
STU0175,2,2023-2024,2,0,0,0
STU0175,3,2024-2025,0,0,0,0
STU0175,4,2024-2025,0,0,0,0
STU0176,1,2023-2024,0,0,0,0
STU0176,2,2023-2024,0,0,0,0
STU0176,3,2024-2025,4,1,1,0
STU0176,4,2024-2025,4,1,1,0
STU0177,1,2023-2024,0,0,0,0
STU0177,2,2023-2024,0,0,0,0
STU0177,3,2024-2025,0,0,0,0
STU0177,4,2024-2025,0,0,0,0
STU0178,1,2023-2024,1,0,0,0
STU0178,2,2023-2024,1,0,0,0
STU0178,3,2024-2025,2,0,0,0
STU0178,4,2024-2025,0,0,0,0
STU0179,1,2023-2024,1,0,0,0
STU0179,2,2023-2024,3,1,0,0
STU0179,3,2024-2025,2,0,0,0
STU0179,4,2024-2025,2,0,0,0
STU0180,1,2023-2024,0,0,0,0
STU0180,2,2023-2024,0,0,0,0
STU0180,3,2024-2025,0,0,0,0
STU0180,4,2024-2025,0,0,0,0
STU0181,1,2023-2024,2,0,0,0
STU0181,2,2023-2024,1,0,0,0
STU0181,3,2024-2025,3,1,0,0
STU0181,4,2024-2025,2,0,0,0
STU0182,1,2023-2024,0,0,0,0
STU0182,2,2023-2024,0,0,0,0
STU0182,3,2024-2025,0,0,0,0
STU0182,4,2024-2025,0,0,0,0
STU0183,1,2023-2024,4,1,1,0
STU0183,2,2023-2024,2,0,0,0
STU0183,3,2024-2025,3,1,0,0
STU0183,4,2024-2025,1,0,0,0
STU0184,1,2023-2024,1,0,0,0
STU0184,2,2023-2024,1,0,0,0
STU0184,3,2024-2025,0,0,0,0
STU0184,4,2024-2025,0,0,0,0
STU0185,1,2023-2024,1,0,0,0
STU0185,2,2023-2024,2,0,0,0
STU0185,3,2024-2025,2,0,0,0
STU0185,4,2024-2025,1,0,0,0
STU0186,1,2023-2024,0,0,0,0
STU0186,2,2023-2024,0,0,0,0
STU0186,3,2024-2025,0,0,0,0
STU0186,4,2024-2025,0,0,0,0
STU0187,1,2023-2024,0,0,0,0
STU0187,2,2023-2024,1,0,0,0
STU0187,3,2024-2025,1,0,0,0
STU0187,4,2024-2025,0,0,0,0
STU0188,1,2023-2024,0,0,0,0
STU0188,2,2023-2024,1,0,0,0
STU0188,3,2024-2025,1,0,0,0
STU0188,4,2024-2025,2,0,0,0
STU0189,1,2023-2024,3,1,0,0
STU0189,2,2023-2024,2,0,0,0
STU0189,3,2024-2025,5,1,1,1
STU0189,4,2024-2025,2,0,0,0
STU0190,1,2023-2024,1,0,0,0
STU0190,2,2023-2024,0,0,0,0
STU0190,3,2024-2025,1,0,0,0
STU0190,4,2024-2025,0,0,0,0
STU0191,1,2023-2024,3,1,0,0
STU0191,2,2023-2024,1,0,0,0
STU0191,3,2024-2025,0,0,0,0
STU0191,4,2024-2025,2,0,0,0
STU0192,1,2023-2024,0,0,0,0
STU0192,2,2023-2024,1,0,0,0
STU0192,3,2024-2025,0,0,0,0
STU0192,4,2024-2025,0,0,0,0
STU0193,1,2023-2024,0,0,0,0
STU0193,2,2023-2024,0,0,0,0
STU0193,3,2024-2025,0,0,0,0
STU0193,4,2024-2025,0,0,0,0
STU0194,1,2023-2024,0,0,0,0
STU0194,2,2023-2024,2,0,0,0
STU0194,3,2024-2025,0,0,0,0
STU0194,4,2024-2025,0,0,0,0
STU0195,1,2023-2024,0,0,0,0
STU0195,2,2023-2024,0,0,0,0
STU0195,3,2024-2025,0,0,0,0
STU0195,4,2024-2025,0,0,0,0
STU0196,1,2023-2024,0,0,0,0
STU0196,2,2023-2024,0,0,0,0
STU0196,3,2024-2025,0,0,0,0
STU0196,4,2024-2025,0,0,0,0
STU0197,1,2023-2024,4,1,1,0
STU0197,2,2023-2024,6,1,1,1
STU0197,3,2024-2025,5,1,1,1
STU0197,4,2024-2025,2,0,0,0
STU0198,1,2023-2024,2,0,0,0
STU0198,2,2023-2024,3,1,0,0
STU0198,3,2024-2025,2,0,0,0
STU0198,4,2024-2025,2,0,0,0
STU0199,1,2023-2024,1,0,0,0
STU0199,2,2023-2024,0,0,0,0
STU0199,3,2024-2025,1,0,0,0
STU0199,4,2024-2025,0,0,0,0
STU0200,1,2023-2024,1,0,0,0
STU0200,2,2023-2024,0,0,0,0
STU0200,3,2024-2025,1,0,0,0
STU0200,4,2024-2025,0,0,0,0
STU0201,1,2023-2024,1,0,0,0
STU0201,2,2023-2024,3,1,0,0
STU0201,3,2024-2025,2,0,0,0
STU0201,4,2024-2025,1,0,0,0
STU0202,1,2023-2024,0,0,0,0
STU0202,2,2023-2024,0,0,0,0
STU0202,3,2024-2025,0,0,0,0
STU0202,4,2024-2025,0,0,0,0
STU0203,1,2023-2024,1,0,0,0
STU0203,2,2023-2024,3,1,0,0
STU0203,3,2024-2025,2,0,0,0
STU0203,4,2024-2025,4,1,1,0
STU0204,1,2023-2024,3,1,0,0
STU0204,2,2023-2024,3,1,0,0
STU0204,3,2024-2025,2,0,0,0
STU0204,4,2024-2025,2,0,0,0
STU0205,1,2023-2024,0,0,0,0
STU0205,2,2023-2024,1,0,0,0
STU0205,3,2024-2025,0,0,0,0
STU0205,4,2024-2025,3,1,0,0
STU0206,1,2023-2024,0,0,0,0
STU0206,2,2023-2024,0,0,0,0
STU0206,3,2024-2025,0,0,0,0
STU0206,4,2024-2025,0,0,0,0
STU0207,1,2023-2024,5,1,1,1
STU0207,2,2023-2024,2,0,0,0
STU0207,3,2024-2025,1,0,0,0
STU0207,4,2024-2025,4,1,1,0
STU0208,1,2023-2024,0,0,0,0
STU0208,2,2023-2024,1,0,0,0
STU0208,3,2024-2025,1,0,0,0
STU0208,4,2024-2025,3,1,0,0
STU0209,1,2023-2024,0,0,0,0
STU0209,2,2023-2024,1,0,0,0
STU0209,3,2024-2025,0,0,0,0
STU0209,4,2024-2025,0,0,0,0
STU0210,1,2023-2024,0,0,0,0
STU0210,2,2023-2024,0,0,0,0
STU0210,3,2024-2025,0,0,0,0
STU0210,4,2024-2025,0,0,0,0
STU0211,1,2023-2024,0,0,0,0
STU0211,2,2023-2024,1,0,0,0
STU0211,3,2024-2025,0,0,0,0
STU0211,4,2024-2025,0,0,0,0
STU0212,1,2023-2024,0,0,0,0
STU0212,2,2023-2024,0,0,0,0
STU0212,3,2024-2025,0,0,0,0
STU0212,4,2024-2025,0,0,0,0
STU0213,1,2023-2024,0,0,0,0
STU0213,2,2023-2024,0,0,0,0
STU0213,3,2024-2025,0,0,0,0
STU0213,4,2024-2025,0,0,0,0
STU0214,1,2023-2024,0,0,0,0
STU0214,2,2023-2024,0,0,0,0
STU0214,3,2024-2025,0,0,0,0
STU0214,4,2024-2025,0,0,0,0
STU0215,1,2023-2024,0,0,0,0
STU0215,2,2023-2024,2,0,0,0
STU0215,3,2024-2025,0,0,0,0
STU0215,4,2024-2025,1,0,0,0
STU0216,1,2023-2024,0,0,0,0
STU0216,2,2023-2024,2,0,0,0
STU0216,3,2024-2025,0,0,0,0
STU0216,4,2024-2025,0,0,0,0
STU0217,1,2023-2024,2,0,0,0
STU0217,2,2023-2024,0,0,0,0
STU0217,3,2024-2025,1,0,0,0
STU0217,4,2024-2025,3,1,0,0
STU0218,1,2023-2024,3,1,0,0
STU0218,2,2023-2024,3,1,0,0
STU0218,3,2024-2025,6,1,1,1
STU0218,4,2024-2025,2,0,0,0
STU0219,1,2023-2024,1,0,0,0
STU0219,2,2023-2024,4,1,1,0
STU0219,3,2024-2025,4,1,1,0
STU0219,4,2024-2025,1,0,0,0
STU0220,1,2023-2024,3,1,0,0
STU0220,2,2023-2024,0,0,0,0
STU0220,3,2024-2025,0,0,0,0
STU0220,4,2024-2025,0,0,0,0
STU0221,1,2023-2024,0,0,0,0
STU0221,2,2023-2024,0,0,0,0
STU0221,3,2024-2025,0,0,0,0
STU0221,4,2024-2025,0,0,0,0
STU0222,1,2023-2024,3,1,0,0
STU0222,2,2023-2024,5,1,1,1
STU0222,3,2024-2025,2,0,0,0
STU0222,4,2024-2025,2,0,0,0
STU0223,1,2023-2024,2,0,0,0
STU0223,2,2023-2024,4,1,1,0
STU0223,3,2024-2025,0,0,0,0
STU0223,4,2024-2025,3,1,0,0
STU0224,1,2023-2024,0,0,0,0
STU0224,2,2023-2024,1,0,0,0
STU0224,3,2024-2025,1,0,0,0
STU0224,4,2024-2025,0,0,0,0
STU0225,1,2023-2024,0,0,0,0
STU0225,2,2023-2024,0,0,0,0
STU0225,3,2024-2025,1,0,0,0
STU0225,4,2024-2025,1,0,0,0
STU0226,1,2023-2024,0,0,0,0
STU0226,2,2023-2024,0,0,0,0
STU0226,3,2024-2025,0,0,0,0
STU0226,4,2024-2025,0,0,0,0
STU0227,1,2023-2024,0,0,0,0
STU0227,2,2023-2024,0,0,0,0
STU0227,3,2024-2025,0,0,0,0
STU0227,4,2024-2025,0,0,0,0
STU0228,1,2023-2024,0,0,0,0
STU0228,2,2023-2024,0,0,0,0
STU0228,3,2024-2025,0,0,0,0
STU0228,4,2024-2025,0,0,0,0
STU0229,1,2023-2024,2,0,0,0
STU0229,2,2023-2024,2,0,0,0
STU0229,3,2024-2025,1,0,0,0
STU0229,4,2024-2025,0,0,0,0
STU0230,1,2023-2024,0,0,0,0
STU0230,2,2023-2024,0,0,0,0
STU0230,3,2024-2025,0,0,0,0
STU0230,4,2024-2025,0,0,0,0
STU0231,1,2023-2024,1,0,0,0
STU0231,2,2023-2024,1,0,0,0
STU0231,3,2024-2025,2,0,0,0
STU0231,4,2024-2025,1,0,0,0
STU0232,1,2023-2024,2,0,0,0
STU0232,2,2023-2024,3,1,0,0
STU0232,3,2024-2025,0,0,0,0
STU0232,4,2024-2025,0,0,0,0
STU0233,1,2023-2024,0,0,0,0
STU0233,2,2023-2024,0,0,0,0
STU0233,3,2024-2025,0,0,0,0
STU0233,4,2024-2025,0,0,0,0
STU0234,1,2023-2024,0,0,0,0
STU0234,2,2023-2024,0,0,0,0
STU0234,3,2024-2025,0,0,0,0
STU0234,4,2024-2025,0,0,0,0
STU0235,1,2023-2024,0,0,0,0
STU0235,2,2023-2024,0,0,0,0
STU0235,3,2024-2025,0,0,0,0
STU0235,4,2024-2025,0,0,0,0
STU0236,1,2023-2024,0,0,0,0
STU0236,2,2023-2024,0,0,0,0
STU0236,3,2024-2025,0,0,0,0
STU0236,4,2024-2025,0,0,0,0
STU0237,1,2023-2024,1,0,0,0
STU0237,2,2023-2024,0,0,0,0
STU0237,3,2024-2025,0,0,0,0
STU0237,4,2024-2025,0,0,0,0
STU0238,1,2023-2024,0,0,0,0
STU0238,2,2023-2024,1,0,0,0
STU0238,3,2024-2025,0,0,0,0
STU0238,4,2024-2025,1,0,0,0
STU0239,1,2023-2024,1,0,0,0
STU0239,2,2023-2024,0,0,0,0
STU0239,3,2024-2025,2,0,0,0
STU0239,4,2024-2025,0,0,0,0
STU0240,1,2023-2024,5,1,1,1
STU0240,2,2023-2024,4,1,1,0
STU0240,3,2024-2025,6,1,1,1
STU0240,4,2024-2025,4,1,1,0
STU0241,1,2023-2024,1,0,0,0
STU0241,2,2023-2024,2,0,0,0
STU0241,3,2024-2025,2,0,0,0
STU0241,4,2024-2025,1,0,0,0
STU0242,1,2023-2024,0,0,0,0
STU0242,2,2023-2024,0,0,0,0
STU0242,3,2024-2025,0,0,0,0
STU0242,4,2024-2025,0,0,0,0
STU0243,1,2023-2024,0,0,0,0
STU0243,2,2023-2024,0,0,0,0
STU0243,3,2024-2025,0,0,0,0
STU0243,4,2024-2025,0,0,0,0
STU0244,1,2023-2024,1,0,0,0
STU0244,2,2023-2024,1,0,0,0
STU0244,3,2024-2025,0,0,0,0
STU0244,4,2024-2025,1,0,0,0
STU0245,1,2023-2024,0,0,0,0
STU0245,2,2023-2024,0,0,0,0
STU0245,3,2024-2025,0,0,0,0
STU0245,4,2024-2025,3,1,0,0
STU0246,1,2023-2024,1,0,0,0
STU0246,2,2023-2024,3,1,0,0
STU0246,3,2024-2025,0,0,0,0
STU0246,4,2024-2025,0,0,0,0
STU0247,1,2023-2024,2,0,0,0
STU0247,2,2023-2024,0,0,0,0
STU0247,3,2024-2025,3,1,0,0
STU0247,4,2024-2025,2,0,0,0
STU0248,1,2023-2024,2,0,0,0
STU0248,2,2023-2024,0,0,0,0
STU0248,3,2024-2025,1,0,0,0
STU0248,4,2024-2025,1,0,0,0
STU0249,1,2023-2024,0,0,0,0
STU0249,2,2023-2024,0,0,0,0
STU0249,3,2024-2025,0,0,0,0
STU0249,4,2024-2025,0,0,0,0
STU0250,1,2023-2024,4,1,1,0
STU0250,2,2023-2024,3,1,0,0
STU0250,3,2024-2025,2,0,0,0
STU0250,4,2024-2025,0,0,0,0
STU0251,1,2023-2024,2,0,0,0
STU0251,2,2023-2024,1,0,0,0
STU0251,3,2024-2025,0,0,0,0
STU0251,4,2024-2025,3,1,0,0
STU0252,1,2023-2024,1,0,0,0
STU0252,2,2023-2024,2,0,0,0
STU0252,3,2024-2025,3,1,0,0
STU0252,4,2024-2025,0,0,0,0
STU0253,1,2023-2024,0,0,0,0
STU0253,2,2023-2024,0,0,0,0
STU0253,3,2024-2025,0,0,0,0
STU0253,4,2024-2025,0,0,0,0
STU0254,1,2023-2024,0,0,0,0
STU0254,2,2023-2024,0,0,0,0
STU0254,3,2024-2025,0,0,0,0
STU0254,4,2024-2025,1,0,0,0
STU0255,1,2023-2024,0,0,0,0
STU0255,2,2023-2024,0,0,0,0
STU0255,3,2024-2025,2,0,0,0
STU0255,4,2024-2025,0,0,0,0
STU0256,1,2023-2024,0,0,0,0
STU0256,2,2023-2024,0,0,0,0
STU0256,3,2024-2025,0,0,0,0
STU0256,4,2024-2025,0,0,0,0
STU0257,1,2023-2024,0,0,0,0
STU0257,2,2023-2024,0,0,0,0
STU0257,3,2024-2025,0,0,0,0
STU0257,4,2024-2025,2,0,0,0
STU0258,1,2023-2024,2,0,0,0
STU0258,2,2023-2024,1,0,0,0
STU0258,3,2024-2025,2,0,0,0
STU0258,4,2024-2025,2,0,0,0
STU0259,1,2023-2024,3,1,0,0
STU0259,2,2023-2024,0,0,0,0
STU0259,3,2024-2025,1,0,0,0
STU0259,4,2024-2025,6,1,1,1
STU0260,1,2023-2024,0,0,0,0
STU0260,2,2023-2024,3,1,0,0
STU0260,3,2024-2025,4,1,1,0
STU0260,4,2024-2025,1,0,0,0
STU0261,1,2023-2024,0,0,0,0
STU0261,2,2023-2024,0,0,0,0
STU0261,3,2024-2025,0,0,0,0
STU0261,4,2024-2025,0,0,0,0
STU0262,1,2023-2024,4,1,1,0
STU0262,2,2023-2024,1,0,0,0
STU0262,3,2024-2025,1,0,0,0
STU0262,4,2024-2025,2,0,0,0
STU0263,1,2023-2024,0,0,0,0
STU0263,2,2023-2024,1,0,0,0
STU0263,3,2024-2025,0,0,0,0
STU0263,4,2024-2025,0,0,0,0
STU0264,1,2023-2024,0,0,0,0
STU0264,2,2023-2024,2,0,0,0
STU0264,3,2024-2025,0,0,0,0
STU0264,4,2024-2025,0,0,0,0
STU0265,1,2023-2024,0,0,0,0
STU0265,2,2023-2024,1,0,0,0
STU0265,3,2024-2025,0,0,0,0
STU0265,4,2024-2025,2,0,0,0
STU0266,1,2023-2024,0,0,0,0
STU0266,2,2023-2024,2,0,0,0
STU0266,3,2024-2025,1,0,0,0
STU0266,4,2024-2025,0,0,0,0
STU0267,1,2023-2024,0,0,0,0
STU0267,2,2023-2024,0,0,0,0
STU0267,3,2024-2025,0,0,0,0
STU0267,4,2024-2025,0,0,0,0
STU0268,1,2023-2024,0,0,0,0
STU0268,2,2023-2024,1,0,0,0
STU0268,3,2024-2025,0,0,0,0
STU0268,4,2024-2025,1,0,0,0
STU0269,1,2023-2024,0,0,0,0
STU0269,2,2023-2024,0,0,0,0
STU0269,3,2024-2025,0,0,0,0
STU0269,4,2024-2025,0,0,0,0
STU0270,1,2023-2024,0,0,0,0
STU0270,2,2023-2024,1,0,0,0
STU0270,3,2024-2025,1,0,0,0
STU0270,4,2024-2025,0,0,0,0
STU0271,1,2023-2024,2,0,0,0
STU0271,2,2023-2024,0,0,0,0
STU0271,3,2024-2025,5,1,1,1
STU0271,4,2024-2025,4,1,1,0
STU0272,1,2023-2024,2,0,0,0
STU0272,2,2023-2024,4,1,1,0
STU0272,3,2024-2025,5,1,1,1
STU0272,4,2024-2025,4,1,1,0
STU0273,1,2023-2024,0,0,0,0
STU0273,2,2023-2024,0,0,0,0
STU0273,3,2024-2025,0,0,0,0
STU0273,4,2024-2025,0,0,0,0
STU0274,1,2023-2024,1,0,0,0
STU0274,2,2023-2024,2,0,0,0
STU0274,3,2024-2025,2,0,0,0
STU0274,4,2024-2025,0,0,0,0
STU0275,1,2023-2024,0,0,0,0
STU0275,2,2023-2024,0,0,0,0
STU0275,3,2024-2025,0,0,0,0
STU0275,4,2024-2025,0,0,0,0
STU0276,1,2023-2024,0,0,0,0
STU0276,2,2023-2024,0,0,0,0
STU0276,3,2024-2025,0,0,0,0
STU0276,4,2024-2025,0,0,0,0
STU0277,1,2023-2024,3,1,0,0
STU0277,2,2023-2024,2,0,0,0
STU0277,3,2024-2025,3,1,0,0
STU0277,4,2024-2025,0,0,0,0
STU0278,1,2023-2024,3,1,0,0
STU0278,2,2023-2024,1,0,0,0
STU0278,3,2024-2025,1,0,0,0
STU0278,4,2024-2025,3,1,0,0
STU0279,1,2023-2024,2,0,0,0
STU0279,2,2023-2024,1,0,0,0
STU0279,3,2024-2025,1,0,0,0
STU0279,4,2024-2025,1,0,0,0
STU0280,1,2023-2024,0,0,0,0
STU0280,2,2023-2024,1,0,0,0
STU0280,3,2024-2025,1,0,0,0
STU0280,4,2024-2025,0,0,0,0
STU0281,1,2023-2024,1,0,0,0
STU0281,2,2023-2024,1,0,0,0
STU0281,3,2024-2025,4,1,1,0
STU0281,4,2024-2025,1,0,0,0
STU0282,1,2023-2024,0,0,0,0
STU0282,2,2023-2024,1,0,0,0
STU0282,3,2024-2025,0,0,0,0
STU0282,4,2024-2025,0,0,0,0
STU0283,1,2023-2024,1,0,0,0
STU0283,2,2023-2024,3,1,0,0
STU0283,3,2024-2025,0,0,0,0
STU0283,4,2024-2025,5,1,1,1
STU0284,1,2023-2024,0,0,0,0
STU0284,2,2023-2024,0,0,0,0
STU0284,3,2024-2025,0,0,0,0
STU0284,4,2024-2025,0,0,0,0
STU0285,1,2023-2024,0,0,0,0
STU0285,2,2023-2024,0,0,0,0
STU0285,3,2024-2025,0,0,0,0
STU0285,4,2024-2025,0,0,0,0
STU0286,1,2023-2024,0,0,0,0
STU0286,2,2023-2024,0,0,0,0
STU0286,3,2024-2025,0,0,0,0
STU0286,4,2024-2025,0,0,0,0
STU0287,1,2023-2024,2,0,0,0
STU0287,2,2023-2024,0,0,0,0
STU0287,3,2024-2025,6,1,1,1
STU0287,4,2024-2025,2,0,0,0
STU0288,1,2023-2024,0,0,0,0
STU0288,2,2023-2024,0,0,0,0
STU0288,3,2024-2025,0,0,0,0
STU0288,4,2024-2025,0,0,0,0
STU0289,1,2023-2024,1,0,0,0
STU0289,2,2023-2024,0,0,0,0
STU0289,3,2024-2025,3,1,0,0
STU0289,4,2024-2025,0,0,0,0
STU0290,1,2023-2024,1,0,0,0
STU0290,2,2023-2024,1,0,0,0
STU0290,3,2024-2025,3,1,0,0
STU0290,4,2024-2025,1,0,0,0
STU0291,1,2023-2024,1,0,0,0
STU0291,2,2023-2024,1,0,0,0
STU0291,3,2024-2025,3,1,0,0
STU0291,4,2024-2025,2,0,0,0
STU0292,1,2023-2024,0,0,0,0
STU0292,2,2023-2024,2,0,0,0
STU0292,3,2024-2025,2,0,0,0
STU0292,4,2024-2025,2,0,0,0
STU0293,1,2023-2024,0,0,0,0
STU0293,2,2023-2024,0,0,0,0
STU0293,3,2024-2025,1,0,0,0
STU0293,4,2024-2025,0,0,0,0
STU0294,1,2023-2024,1,0,0,0
STU0294,2,2023-2024,5,1,1,1
STU0294,3,2024-2025,1,0,0,0
STU0294,4,2024-2025,2,0,0,0
STU0295,1,2023-2024,0,0,0,0
STU0295,2,2023-2024,1,0,0,0
STU0295,3,2024-2025,1,0,0,0
STU0295,4,2024-2025,0,0,0,0
STU0296,1,2023-2024,0,0,0,0
STU0296,2,2023-2024,1,0,0,0
STU0296,3,2024-2025,3,1,0,0
STU0296,4,2024-2025,1,0,0,0
STU0297,1,2023-2024,0,0,0,0
STU0297,2,2023-2024,0,0,0,0
STU0297,3,2024-2025,0,0,0,0
STU0297,4,2024-2025,0,0,0,0
STU0298,1,2023-2024,1,0,0,0
STU0298,2,2023-2024,2,0,0,0
STU0298,3,2024-2025,4,1,1,0
STU0298,4,2024-2025,0,0,0,0
STU0299,1,2023-2024,2,0,0,0
STU0299,2,2023-2024,0,0,0,0
STU0299,3,2024-2025,3,1,0,0
STU0299,4,2024-2025,4,1,1,0
STU0300,1,2023-2024,0,0,0,0
STU0300,2,2023-2024,0,0,0,0
STU0300,3,2024-2025,0,0,0,0
STU0300,4,2024-2025,2,0,0,0
STU0301,1,2023-2024,1,0,0,0
STU0301,2,2023-2024,1,0,0,0
STU0301,3,2024-2025,2,0,0,0
STU0301,4,2024-2025,1,0,0,0
STU0302,1,2023-2024,0,0,0,0
STU0302,2,2023-2024,0,0,0,0
STU0302,3,2024-2025,0,0,0,0
STU0302,4,2024-2025,0,0,0,0
STU0303,1,2023-2024,0,0,0,0
STU0303,2,2023-2024,0,0,0,0
STU0303,3,2024-2025,0,0,0,0
STU0303,4,2024-2025,0,0,0,0
STU0304,1,2023-2024,0,0,0,0
STU0304,2,2023-2024,1,0,0,0
STU0304,3,2024-2025,0,0,0,0
STU0304,4,2024-2025,1,0,0,0
STU0305,1,2023-2024,0,0,0,0
STU0305,2,2023-2024,0,0,0,0
STU0305,3,2024-2025,0,0,0,0
STU0305,4,2024-2025,0,0,0,0
STU0306,1,2023-2024,0,0,0,0
STU0306,2,2023-2024,0,0,0,0
STU0306,3,2024-2025,0,0,0,0
STU0306,4,2024-2025,0,0,0,0
STU0307,1,2023-2024,0,0,0,0
STU0307,2,2023-2024,0,0,0,0
STU0307,3,2024-2025,0,0,0,0
STU0307,4,2024-2025,0,0,0,0
STU0308,1,2023-2024,0,0,0,0
STU0308,2,2023-2024,0,0,0,0
STU0308,3,2024-2025,3,1,0,0
STU0308,4,2024-2025,2,0,0,0
STU0309,1,2023-2024,5,1,1,1
STU0309,2,2023-2024,3,1,0,0
STU0309,3,2024-2025,4,1,1,0
STU0309,4,2024-2025,4,1,1,0
STU0310,1,2023-2024,0,0,0,0
STU0310,2,2023-2024,0,0,0,0
STU0310,3,2024-2025,0,0,0,0
STU0310,4,2024-2025,0,0,0,0
STU0311,1,2023-2024,2,0,0,0
STU0311,2,2023-2024,1,0,0,0
STU0311,3,2024-2025,1,0,0,0
STU0311,4,2024-2025,1,0,0,0
STU0312,1,2023-2024,4,1,1,0
STU0312,2,2023-2024,7,1,1,1
STU0312,3,2024-2025,1,0,0,0
STU0312,4,2024-2025,1,0,0,0
STU0313,1,2023-2024,1,0,0,0
STU0313,2,2023-2024,0,0,0,0
STU0313,3,2024-2025,0,0,0,0
STU0313,4,2024-2025,1,0,0,0
STU0314,1,2023-2024,1,0,0,0
STU0314,2,2023-2024,0,0,0,0
STU0314,3,2024-2025,3,1,0,0
STU0314,4,2024-2025,0,0,0,0
STU0315,1,2023-2024,1,0,0,0
STU0315,2,2023-2024,2,0,0,0
STU0315,3,2024-2025,0,0,0,0
STU0315,4,2024-2025,0,0,0,0
STU0316,1,2023-2024,0,0,0,0
STU0316,2,2023-2024,0,0,0,0
STU0316,3,2024-2025,0,0,0,0
STU0316,4,2024-2025,0,0,0,0
STU0317,1,2023-2024,1,0,0,0
STU0317,2,2023-2024,0,0,0,0
STU0317,3,2024-2025,4,1,1,0
STU0317,4,2024-2025,2,0,0,0
STU0318,1,2023-2024,5,1,1,1
STU0318,2,2023-2024,1,0,0,0
STU0318,3,2024-2025,0,0,0,0
STU0318,4,2024-2025,3,1,0,0
STU0319,1,2023-2024,2,0,0,0
STU0319,2,2023-2024,2,0,0,0
STU0319,3,2024-2025,2,0,0,0
STU0319,4,2024-2025,1,0,0,0
STU0320,1,2023-2024,1,0,0,0
STU0320,2,2023-2024,1,0,0,0
STU0320,3,2024-2025,1,0,0,0
STU0320,4,2024-2025,0,0,0,0
STU0321,1,2023-2024,0,0,0,0
STU0321,2,2023-2024,0,0,0,0
STU0321,3,2024-2025,0,0,0,0
STU0321,4,2024-2025,0,0,0,0
STU0322,1,2023-2024,2,0,0,0
STU0322,2,2023-2024,2,0,0,0
STU0322,3,2024-2025,1,0,0,0
STU0322,4,2024-2025,3,1,0,0
STU0323,1,2023-2024,3,1,0,0
STU0323,2,2023-2024,5,1,1,1
STU0323,3,2024-2025,3,1,0,0
STU0323,4,2024-2025,4,1,1,0
STU0324,1,2023-2024,1,0,0,0
STU0324,2,2023-2024,0,0,0,0
STU0324,3,2024-2025,1,0,0,0
STU0324,4,2024-2025,0,0,0,0
STU0325,1,2023-2024,1,0,0,0
STU0325,2,2023-2024,0,0,0,0
STU0325,3,2024-2025,2,0,0,0
STU0325,4,2024-2025,3,1,0,0
STU0326,1,2023-2024,4,1,1,0
STU0326,2,2023-2024,3,1,0,0
STU0326,3,2024-2025,0,0,0,0
STU0326,4,2024-2025,3,1,0,0
STU0327,1,2023-2024,0,0,0,0
STU0327,2,2023-2024,2,0,0,0
STU0327,3,2024-2025,0,0,0,0
STU0327,4,2024-2025,0,0,0,0
STU0328,1,2023-2024,0,0,0,0
STU0328,2,2023-2024,1,0,0,0
STU0328,3,2024-2025,0,0,0,0
STU0328,4,2024-2025,0,0,0,0
STU0329,1,2023-2024,1,0,0,0
STU0329,2,2023-2024,2,0,0,0
STU0329,3,2024-2025,2,0,0,0
STU0329,4,2024-2025,2,0,0,0
STU0330,1,2023-2024,0,0,0,0
STU0330,2,2023-2024,0,0,0,0
STU0330,3,2024-2025,0,0,0,0
STU0330,4,2024-2025,0,0,0,0
STU0331,1,2023-2024,0,0,0,0
STU0331,2,2023-2024,0,0,0,0
STU0331,3,2024-2025,0,0,0,0
STU0331,4,2024-2025,0,0,0,0
STU0332,1,2023-2024,0,0,0,0
STU0332,2,2023-2024,0,0,0,0
STU0332,3,2024-2025,1,0,0,0
STU0332,4,2024-2025,2,0,0,0
STU0333,1,2023-2024,0,0,0,0
STU0333,2,2023-2024,1,0,0,0
STU0333,3,2024-2025,2,0,0,0
STU0333,4,2024-2025,1,0,0,0
STU0334,1,2023-2024,1,0,0,0
STU0334,2,2023-2024,0,0,0,0
STU0334,3,2024-2025,1,0,0,0
STU0334,4,2024-2025,2,0,0,0
STU0335,1,2023-2024,6,1,1,1
STU0335,2,2023-2024,4,1,1,0
STU0335,3,2024-2025,3,1,0,0
STU0335,4,2024-2025,6,1,1,1
STU0336,1,2023-2024,1,0,0,0
STU0336,2,2023-2024,0,0,0,0
STU0336,3,2024-2025,0,0,0,0
STU0336,4,2024-2025,2,0,0,0
STU0337,1,2023-2024,0,0,0,0
STU0337,2,2023-2024,0,0,0,0
STU0337,3,2024-2025,0,0,0,0
STU0337,4,2024-2025,0,0,0,0
STU0338,1,2023-2024,1,0,0,0
STU0338,2,2023-2024,2,0,0,0
STU0338,3,2024-2025,0,0,0,0
STU0338,4,2024-2025,0,0,0,0
STU0339,1,2023-2024,0,0,0,0
STU0339,2,2023-2024,1,0,0,0
STU0339,3,2024-2025,1,0,0,0
STU0339,4,2024-2025,1,0,0,0
STU0340,1,2023-2024,2,0,0,0
STU0340,2,2023-2024,1,0,0,0
STU0340,3,2024-2025,1,0,0,0
STU0340,4,2024-2025,0,0,0,0
STU0341,1,2023-2024,4,1,1,0
STU0341,2,2023-2024,0,0,0,0
STU0341,3,2024-2025,2,0,0,0
STU0341,4,2024-2025,0,0,0,0
STU0342,1,2023-2024,5,1,1,1
STU0342,2,2023-2024,1,0,0,0
STU0342,3,2024-2025,1,0,0,0
STU0342,4,2024-2025,1,0,0,0
STU0343,1,2023-2024,0,0,0,0
STU0343,2,2023-2024,0,0,0,0
STU0343,3,2024-2025,0,0,0,0
STU0343,4,2024-2025,1,0,0,0
STU0344,1,2023-2024,2,0,0,0
STU0344,2,2023-2024,2,0,0,0
STU0344,3,2024-2025,4,1,1,0
STU0344,4,2024-2025,2,0,0,0
STU0345,1,2023-2024,1,0,0,0
STU0345,2,2023-2024,0,0,0,0
STU0345,3,2024-2025,0,0,0,0
STU0345,4,2024-2025,2,0,0,0
STU0346,1,2023-2024,0,0,0,0
STU0346,2,2023-2024,0,0,0,0
STU0346,3,2024-2025,0,0,0,0
STU0346,4,2024-2025,0,0,0,0
STU0347,1,2023-2024,5,1,1,1
STU0347,2,2023-2024,1,0,0,0
STU0347,3,2024-2025,1,0,0,0
STU0347,4,2024-2025,1,0,0,0
STU0348,1,2023-2024,2,0,0,0
STU0348,2,2023-2024,5,1,1,1
STU0348,3,2024-2025,4,1,1,0
STU0348,4,2024-2025,4,1,1,0
STU0349,1,2023-2024,0,0,0,0
STU0349,2,2023-2024,0,0,0,0
STU0349,3,2024-2025,0,0,0,0
STU0349,4,2024-2025,0,0,0,0
STU0350,1,2023-2024,0,0,0,0
STU0350,2,2023-2024,0,0,0,0
STU0350,3,2024-2025,0,0,0,0
STU0350,4,2024-2025,0,0,0,0
STU0351,1,2023-2024,0,0,0,0
STU0351,2,2023-2024,0,0,0,0
STU0351,3,2024-2025,0,0,0,0
STU0351,4,2024-2025,0,0,0,0
STU0352,1,2023-2024,0,0,0,0
STU0352,2,2023-2024,1,0,0,0
STU0352,3,2024-2025,0,0,0,0
STU0352,4,2024-2025,1,0,0,0
STU0353,1,2023-2024,1,0,0,0
STU0353,2,2023-2024,3,1,0,0
STU0353,3,2024-2025,1,0,0,0
STU0353,4,2024-2025,0,0,0,0
STU0354,1,2023-2024,0,0,0,0
STU0354,2,2023-2024,0,0,0,0
STU0354,3,2024-2025,0,0,0,0
STU0354,4,2024-2025,0,0,0,0
STU0355,1,2023-2024,2,0,0,0
STU0355,2,2023-2024,1,0,0,0
STU0355,3,2024-2025,1,0,0,0
STU0355,4,2024-2025,1,0,0,0
STU0356,1,2023-2024,5,1,1,1
STU0356,2,2023-2024,1,0,0,0
STU0356,3,2024-2025,2,0,0,0
STU0356,4,2024-2025,5,1,1,1
STU0357,1,2023-2024,3,1,0,0
STU0357,2,2023-2024,6,1,1,1
STU0357,3,2024-2025,3,1,0,0
STU0357,4,2024-2025,1,0,0,0
STU0358,1,2023-2024,1,0,0,0
STU0358,2,2023-2024,1,0,0,0
STU0358,3,2024-2025,1,0,0,0
STU0358,4,2024-2025,0,0,0,0
STU0359,1,2023-2024,2,0,0,0
STU0359,2,2023-2024,1,0,0,0
STU0359,3,2024-2025,0,0,0,0
STU0359,4,2024-2025,0,0,0,0
STU0360,1,2023-2024,2,0,0,0
STU0360,2,2023-2024,1,0,0,0
STU0360,3,2024-2025,0,0,0,0
STU0360,4,2024-2025,2,0,0,0
STU0361,1,2023-2024,0,0,0,0
STU0361,2,2023-2024,0,0,0,0
STU0361,3,2024-2025,0,0,0,0
STU0361,4,2024-2025,0,0,0,0
STU0362,1,2023-2024,4,1,1,0
STU0362,2,2023-2024,3,1,0,0
STU0362,3,2024-2025,0,0,0,0
STU0362,4,2024-2025,0,0,0,0
STU0363,1,2023-2024,0,0,0,0
STU0363,2,2023-2024,0,0,0,0
STU0363,3,2024-2025,0,0,0,0
STU0363,4,2024-2025,0,0,0,0
STU0364,1,2023-2024,4,1,1,0
STU0364,2,2023-2024,4,1,1,0
STU0364,3,2024-2025,0,0,0,0
STU0364,4,2024-2025,0,0,0,0
STU0365,1,2023-2024,0,0,0,0
STU0365,2,2023-2024,0,0,0,0
STU0365,3,2024-2025,1,0,0,0
STU0365,4,2024-2025,0,0,0,0
STU0366,1,2023-2024,2,0,0,0
STU0366,2,2023-2024,2,0,0,0
STU0366,3,2024-2025,2,0,0,0
STU0366,4,2024-2025,3,1,0,0
STU0367,1,2023-2024,2,0,0,0
STU0367,2,2023-2024,1,0,0,0
STU0367,3,2024-2025,1,0,0,0
STU0367,4,2024-2025,0,0,0,0
STU0368,1,2023-2024,0,0,0,0
STU0368,2,2023-2024,0,0,0,0
STU0368,3,2024-2025,0,0,0,0
STU0368,4,2024-2025,0,0,0,0
STU0369,1,2023-2024,0,0,0,0
STU0369,2,2023-2024,0,0,0,0
STU0369,3,2024-2025,0,0,0,0
STU0369,4,2024-2025,0,0,0,0
STU0370,1,2023-2024,0,0,0,0
STU0370,2,2023-2024,0,0,0,0
STU0370,3,2024-2025,0,0,0,0
STU0370,4,2024-2025,0,0,0,0
STU0371,1,2023-2024,0,0,0,0
STU0371,2,2023-2024,0,0,0,0
STU0371,3,2024-2025,0,0,0,0
STU0371,4,2024-2025,0,0,0,0
STU0372,1,2023-2024,1,0,0,0
STU0372,2,2023-2024,0,0,0,0
STU0372,3,2024-2025,0,0,0,0
STU0372,4,2024-2025,0,0,0,0
STU0373,1,2023-2024,3,1,0,0
STU0373,2,2023-2024,4,1,1,0
STU0373,3,2024-2025,0,0,0,0
STU0373,4,2024-2025,1,0,0,0
STU0374,1,2023-2024,0,0,0,0
STU0374,2,2023-2024,1,0,0,0
STU0374,3,2024-2025,0,0,0,0
STU0374,4,2024-2025,2,0,0,0
STU0375,1,2023-2024,0,0,0,0
STU0375,2,2023-2024,1,0,0,0
STU0375,3,2024-2025,0,0,0,0
STU0375,4,2024-2025,0,0,0,0
STU0376,1,2023-2024,2,0,0,0
STU0376,2,2023-2024,0,0,0,0
STU0376,3,2024-2025,2,0,0,0
STU0376,4,2024-2025,2,0,0,0
STU0377,1,2023-2024,0,0,0,0
STU0377,2,2023-2024,1,0,0,0
STU0377,3,2024-2025,2,0,0,0
STU0377,4,2024-2025,1,0,0,0
STU0378,1,2023-2024,2,0,0,0
STU0378,2,2023-2024,3,1,0,0
STU0378,3,2024-2025,2,0,0,0
STU0378,4,2024-2025,3,1,0,0
STU0379,1,2023-2024,0,0,0,0
STU0379,2,2023-2024,0,0,0,0
STU0379,3,2024-2025,0,0,0,0
STU0379,4,2024-2025,0,0,0,0
STU0380,1,2023-2024,1,0,0,0
STU0380,2,2023-2024,1,0,0,0
STU0380,3,2024-2025,3,1,0,0
STU0380,4,2024-2025,2,0,0,0
STU0381,1,2023-2024,0,0,0,0
STU0381,2,2023-2024,1,0,0,0
STU0381,3,2024-2025,3,1,0,0
STU0381,4,2024-2025,1,0,0,0
STU0382,1,2023-2024,2,0,0,0
STU0382,2,2023-2024,1,0,0,0
STU0382,3,2024-2025,3,1,0,0
STU0382,4,2024-2025,0,0,0,0
STU0383,1,2023-2024,1,0,0,0
STU0383,2,2023-2024,1,0,0,0
STU0383,3,2024-2025,4,1,1,0
STU0383,4,2024-2025,3,1,0,0
STU0384,1,2023-2024,0,0,0,0
STU0384,2,2023-2024,0,0,0,0
STU0384,3,2024-2025,0,0,0,0
STU0384,4,2024-2025,0,0,0,0
STU0385,1,2023-2024,0,0,0,0
STU0385,2,2023-2024,3,1,0,0
STU0385,3,2024-2025,2,0,0,0
STU0385,4,2024-2025,0,0,0,0
STU0386,1,2023-2024,1,0,0,0
STU0386,2,2023-2024,2,0,0,0
STU0386,3,2024-2025,1,0,0,0
STU0386,4,2024-2025,2,0,0,0
STU0387,1,2023-2024,0,0,0,0
STU0387,2,2023-2024,0,0,0,0
STU0387,3,2024-2025,0,0,0,0
STU0387,4,2024-2025,0,0,0,0
STU0388,1,2023-2024,4,1,1,0
STU0388,2,2023-2024,1,0,0,0
STU0388,3,2024-2025,0,0,0,0
STU0388,4,2024-2025,3,1,0,0
STU0389,1,2023-2024,0,0,0,0
STU0389,2,2023-2024,0,0,0,0
STU0389,3,2024-2025,0,0,0,0
STU0389,4,2024-2025,0,0,0,0
STU0390,1,2023-2024,1,0,0,0
STU0390,2,2023-2024,3,1,0,0
STU0390,3,2024-2025,2,0,0,0
STU0390,4,2024-2025,0,0,0,0
STU0391,1,2023-2024,0,0,0,0
STU0391,2,2023-2024,6,1,1,1
STU0391,3,2024-2025,2,0,0,0
STU0391,4,2024-2025,2,0,0,0
STU0392,1,2023-2024,0,0,0,0
STU0392,2,2023-2024,0,0,0,0
STU0392,3,2024-2025,0,0,0,0
STU0392,4,2024-2025,0,0,0,0
STU0393,1,2023-2024,1,0,0,0
STU0393,2,2023-2024,0,0,0,0
STU0393,3,2024-2025,1,0,0,0
STU0393,4,2024-2025,1,0,0,0
STU0394,1,2023-2024,0,0,0,0
STU0394,2,2023-2024,0,0,0,0
STU0394,3,2024-2025,0,0,0,0
STU0394,4,2024-2025,0,0,0,0
STU0395,1,2023-2024,4,1,1,0
STU0395,2,2023-2024,1,0,0,0
STU0395,3,2024-2025,1,0,0,0
STU0395,4,2024-2025,1,0,0,0
STU0396,1,2023-2024,1,0,0,0
STU0396,2,2023-2024,2,0,0,0
STU0396,3,2024-2025,1,0,0,0
STU0396,4,2024-2025,0,0,0,0
STU0397,1,2023-2024,1,0,0,0
STU0397,2,2023-2024,0,0,0,0
STU0397,3,2024-2025,0,0,0,0
STU0397,4,2024-2025,0,0,0,0
STU0398,1,2023-2024,2,0,0,0
STU0398,2,2023-2024,0,0,0,0
STU0398,3,2024-2025,0,0,0,0
STU0398,4,2024-2025,1,0,0,0
STU0399,1,2023-2024,2,0,0,0
STU0399,2,2023-2024,1,0,0,0
STU0399,3,2024-2025,0,0,0,0
STU0399,4,2024-2025,0,0,0,0
STU0400,1,2023-2024,0,0,0,0
STU0400,2,2023-2024,0,0,0,0
STU0400,3,2024-2025,2,0,0,0
STU0400,4,2024-2025,0,0,0,0
STU0401,1,2023-2024,0,0,0,0
STU0401,2,2023-2024,0,0,0,0
STU0401,3,2024-2025,0,0,0,0
STU0401,4,2024-2025,0,0,0,0
STU0402,1,2023-2024,1,0,0,0
STU0402,2,2023-2024,2,0,0,0
STU0402,3,2024-2025,0,0,0,0
STU0402,4,2024-2025,0,0,0,0
STU0403,1,2023-2024,0,0,0,0
STU0403,2,2023-2024,0,0,0,0
STU0403,3,2024-2025,0,0,0,0
STU0403,4,2024-2025,0,0,0,0
STU0404,1,2023-2024,2,0,0,0
STU0404,2,2023-2024,2,0,0,0
STU0404,3,2024-2025,1,0,0,0
STU0404,4,2024-2025,0,0,0,0
STU0405,1,2023-2024,0,0,0,0
STU0405,2,2023-2024,0,0,0,0
STU0405,3,2024-2025,0,0,0,0
STU0405,4,2024-2025,0,0,0,0
STU0406,1,2023-2024,2,0,0,0
STU0406,2,2023-2024,0,0,0,0
STU0406,3,2024-2025,1,0,0,0
STU0406,4,2024-2025,1,0,0,0
STU0407,1,2023-2024,3,1,0,0
STU0407,2,2023-2024,3,1,0,0
STU0407,3,2024-2025,5,1,1,1
STU0407,4,2024-2025,3,1,0,0
STU0408,1,2023-2024,1,0,0,0
STU0408,2,2023-2024,1,0,0,0
STU0408,3,2024-2025,2,0,0,0
STU0408,4,2024-2025,0,0,0,0
STU0409,1,2023-2024,0,0,0,0
STU0409,2,2023-2024,0,0,0,0
STU0409,3,2024-2025,0,0,0,0
STU0409,4,2024-2025,0,0,0,0
STU0410,1,2023-2024,1,0,0,0
STU0410,2,2023-2024,0,0,0,0
STU0410,3,2024-2025,0,0,0,0
STU0410,4,2024-2025,0,0,0,0
STU0411,1,2023-2024,0,0,0,0
STU0411,2,2023-2024,1,0,0,0
STU0411,3,2024-2025,0,0,0,0
STU0411,4,2024-2025,0,0,0,0
STU0412,1,2023-2024,0,0,0,0
STU0412,2,2023-2024,0,0,0,0
STU0412,3,2024-2025,1,0,0,0
STU0412,4,2024-2025,0,0,0,0
STU0413,1,2023-2024,0,0,0,0
STU0413,2,2023-2024,0,0,0,0
STU0413,3,2024-2025,3,1,0,0
STU0413,4,2024-2025,0,0,0,0
STU0414,1,2023-2024,0,0,0,0
STU0414,2,2023-2024,1,0,0,0
STU0414,3,2024-2025,0,0,0,0
STU0414,4,2024-2025,1,0,0,0
STU0415,1,2023-2024,0,0,0,0
STU0415,2,2023-2024,0,0,0,0
STU0415,3,2024-2025,0,0,0,0
STU0415,4,2024-2025,0,0,0,0
STU0416,1,2023-2024,1,0,0,0
STU0416,2,2023-2024,0,0,0,0
STU0416,3,2024-2025,4,1,1,0
STU0416,4,2024-2025,1,0,0,0
STU0417,1,2023-2024,0,0,0,0
STU0417,2,2023-2024,2,0,0,0
STU0417,3,2024-2025,1,0,0,0
STU0417,4,2024-2025,0,0,0,0
STU0418,1,2023-2024,0,0,0,0
STU0418,2,2023-2024,1,0,0,0
STU0418,3,2024-2025,1,0,0,0
STU0418,4,2024-2025,1,0,0,0
STU0419,1,2023-2024,0,0,0,0
STU0419,2,2023-2024,0,0,0,0
STU0419,3,2024-2025,0,0,0,0
STU0419,4,2024-2025,0,0,0,0
STU0420,1,2023-2024,1,0,0,0
STU0420,2,2023-2024,0,0,0,0
STU0420,3,2024-2025,1,0,0,0
STU0420,4,2024-2025,1,0,0,0
STU0421,1,2023-2024,1,0,0,0
STU0421,2,2023-2024,1,0,0,0
STU0421,3,2024-2025,6,1,1,1
STU0421,4,2024-2025,1,0,0,0
STU0422,1,2023-2024,1,0,0,0
STU0422,2,2023-2024,0,0,0,0
STU0422,3,2024-2025,0,0,0,0
STU0422,4,2024-2025,0,0,0,0
STU0423,1,2023-2024,4,1,1,0
STU0423,2,2023-2024,2,0,0,0
STU0423,3,2024-2025,4,1,1,0
STU0423,4,2024-2025,0,0,0,0
STU0424,1,2023-2024,2,0,0,0
STU0424,2,2023-2024,1,0,0,0
STU0424,3,2024-2025,0,0,0,0
STU0424,4,2024-2025,2,0,0,0
STU0425,1,2023-2024,0,0,0,0
STU0425,2,2023-2024,0,0,0,0
STU0425,3,2024-2025,0,0,0,0
STU0425,4,2024-2025,0,0,0,0
STU0426,1,2023-2024,0,0,0,0
STU0426,2,2023-2024,0,0,0,0
STU0426,3,2024-2025,0,0,0,0
STU0426,4,2024-2025,0,0,0,0
STU0427,1,2023-2024,2,0,0,0
STU0427,2,2023-2024,0,0,0,0
STU0427,3,2024-2025,0,0,0,0
STU0427,4,2024-2025,0,0,0,0
STU0428,1,2023-2024,1,0,0,0
STU0428,2,2023-2024,5,1,1,1
STU0428,3,2024-2025,1,0,0,0
STU0428,4,2024-2025,4,1,1,0
STU0429,1,2023-2024,2,0,0,0
STU0429,2,2023-2024,3,1,0,0
STU0429,3,2024-2025,1,0,0,0
STU0429,4,2024-2025,1,0,0,0
STU0430,1,2023-2024,0,0,0,0
STU0430,2,2023-2024,0,0,0,0
STU0430,3,2024-2025,0,0,0,0
STU0430,4,2024-2025,0,0,0,0
STU0431,1,2023-2024,0,0,0,0
STU0431,2,2023-2024,0,0,0,0
STU0431,3,2024-2025,0,0,0,0
STU0431,4,2024-2025,0,0,0,0
STU0432,1,2023-2024,0,0,0,0
STU0432,2,2023-2024,0,0,0,0
STU0432,3,2024-2025,0,0,0,0
STU0432,4,2024-2025,0,0,0,0
STU0433,1,2023-2024,1,0,0,0
STU0433,2,2023-2024,1,0,0,0
STU0433,3,2024-2025,2,0,0,0
STU0433,4,2024-2025,1,0,0,0
STU0434,1,2023-2024,1,0,0,0
STU0434,2,2023-2024,0,0,0,0
STU0434,3,2024-2025,7,1,1,1
STU0434,4,2024-2025,3,1,0,0
STU0435,1,2023-2024,0,0,0,0
STU0435,2,2023-2024,1,0,0,0
STU0435,3,2024-2025,0,0,0,0
STU0435,4,2024-2025,0,0,0,0
STU0436,1,2023-2024,0,0,0,0
STU0436,2,2023-2024,2,0,0,0
STU0436,3,2024-2025,0,0,0,0
STU0436,4,2024-2025,0,0,0,0
STU0437,1,2023-2024,1,0,0,0
STU0437,2,2023-2024,0,0,0,0
STU0437,3,2024-2025,0,0,0,0
STU0437,4,2024-2025,1,0,0,0
STU0438,1,2023-2024,0,0,0,0
STU0438,2,2023-2024,0,0,0,0
STU0438,3,2024-2025,2,0,0,0
STU0438,4,2024-2025,0,0,0,0
STU0439,1,2023-2024,1,0,0,0
STU0439,2,2023-2024,5,1,1,1
STU0439,3,2024-2025,1,0,0,0
STU0439,4,2024-2025,2,0,0,0
STU0440,1,2023-2024,1,0,0,0
STU0440,2,2023-2024,0,0,0,0
STU0440,3,2024-2025,0,0,0,0
STU0440,4,2024-2025,1,0,0,0
STU0441,1,2023-2024,2,0,0,0
STU0441,2,2023-2024,1,0,0,0
STU0441,3,2024-2025,0,0,0,0
STU0441,4,2024-2025,0,0,0,0
STU0442,1,2023-2024,0,0,0,0
STU0442,2,2023-2024,3,1,0,0
STU0442,3,2024-2025,2,0,0,0
STU0442,4,2024-2025,1,0,0,0
STU0443,1,2023-2024,0,0,0,0
STU0443,2,2023-2024,0,0,0,0
STU0443,3,2024-2025,0,0,0,0
STU0443,4,2024-2025,0,0,0,0
STU0444,1,2023-2024,0,0,0,0
STU0444,2,2023-2024,0,0,0,0
STU0444,3,2024-2025,2,0,0,0
STU0444,4,2024-2025,1,0,0,0
STU0445,1,2023-2024,0,0,0,0
STU0445,2,2023-2024,1,0,0,0
STU0445,3,2024-2025,0,0,0,0
STU0445,4,2024-2025,1,0,0,0
STU0446,1,2023-2024,0,0,0,0
STU0446,2,2023-2024,2,0,0,0
STU0446,3,2024-2025,1,0,0,0
STU0446,4,2024-2025,3,1,0,0
STU0447,1,2023-2024,0,0,0,0
STU0447,2,2023-2024,0,0,0,0
STU0447,3,2024-2025,0,0,0,0
STU0447,4,2024-2025,0,0,0,0
STU0448,1,2023-2024,1,0,0,0
STU0448,2,2023-2024,2,0,0,0
STU0448,3,2024-2025,5,1,1,1
STU0448,4,2024-2025,1,0,0,0
STU0449,1,2023-2024,0,0,0,0
STU0449,2,2023-2024,0,0,0,0
STU0449,3,2024-2025,0,0,0,0
STU0449,4,2024-2025,1,0,0,0
STU0450,1,2023-2024,0,0,0,0
STU0450,2,2023-2024,0,0,0,0
STU0450,3,2024-2025,1,0,0,0
STU0450,4,2024-2025,0,0,0,0
STU0451,1,2023-2024,2,0,0,0
STU0451,2,2023-2024,3,1,0,0
STU0451,3,2024-2025,2,0,0,0
STU0451,4,2024-2025,1,0,0,0
STU0452,1,2023-2024,1,0,0,0
STU0452,2,2023-2024,2,0,0,0
STU0452,3,2024-2025,1,0,0,0
STU0452,4,2024-2025,0,0,0,0
STU0453,1,2023-2024,1,0,0,0
STU0453,2,2023-2024,1,0,0,0
STU0453,3,2024-2025,0,0,0,0
STU0453,4,2024-2025,0,0,0,0
STU0454,1,2023-2024,0,0,0,0
STU0454,2,2023-2024,0,0,0,0
STU0454,3,2024-2025,1,0,0,0
STU0454,4,2024-2025,2,0,0,0
STU0455,1,2023-2024,0,0,0,0
STU0455,2,2023-2024,0,0,0,0
STU0455,3,2024-2025,0,0,0,0
STU0455,4,2024-2025,0,0,0,0
STU0456,1,2023-2024,4,1,1,0
STU0456,2,2023-2024,3,1,0,0
STU0456,3,2024-2025,2,0,0,0
STU0456,4,2024-2025,1,0,0,0
STU0457,1,2023-2024,3,1,0,0
STU0457,2,2023-2024,1,0,0,0
STU0457,3,2024-2025,4,1,1,0
STU0457,4,2024-2025,3,1,0,0
STU0458,1,2023-2024,1,0,0,0
STU0458,2,2023-2024,1,0,0,0
STU0458,3,2024-2025,2,0,0,0
STU0458,4,2024-2025,2,0,0,0
STU0459,1,2023-2024,0,0,0,0
STU0459,2,2023-2024,0,0,0,0
STU0459,3,2024-2025,0,0,0,0
STU0459,4,2024-2025,0,0,0,0
STU0460,1,2023-2024,0,0,0,0
STU0460,2,2023-2024,0,0,0,0
STU0460,3,2024-2025,0,0,0,0
STU0460,4,2024-2025,0,0,0,0
STU0461,1,2023-2024,0,0,0,0
STU0461,2,2023-2024,0,0,0,0
STU0461,3,2024-2025,0,0,0,0
STU0461,4,2024-2025,0,0,0,0
STU0462,1,2023-2024,0,0,0,0
STU0462,2,2023-2024,0,0,0,0
STU0462,3,2024-2025,0,0,0,0
STU0462,4,2024-2025,0,0,0,0
STU0463,1,2023-2024,1,0,0,0
STU0463,2,2023-2024,2,0,0,0
STU0463,3,2024-2025,1,0,0,0
STU0463,4,2024-2025,0,0,0,0
STU0464,1,2023-2024,1,0,0,0
STU0464,2,2023-2024,2,0,0,0
STU0464,3,2024-2025,2,0,0,0
STU0464,4,2024-2025,0,0,0,0
STU0465,1,2023-2024,0,0,0,0
STU0465,2,2023-2024,0,0,0,0
STU0465,3,2024-2025,0,0,0,0
STU0465,4,2024-2025,0,0,0,0
STU0466,1,2023-2024,3,1,0,0
STU0466,2,2023-2024,1,0,0,0
STU0466,3,2024-2025,2,0,0,0
STU0466,4,2024-2025,1,0,0,0
STU0467,1,2023-2024,0,0,0,0
STU0467,2,2023-2024,0,0,0,0
STU0467,3,2024-2025,0,0,0,0
STU0467,4,2024-2025,0,0,0,0
STU0468,1,2023-2024,1,0,0,0
STU0468,2,2023-2024,1,0,0,0
STU0468,3,2024-2025,0,0,0,0
STU0468,4,2024-2025,0,0,0,0
STU0469,1,2023-2024,2,0,0,0
STU0469,2,2023-2024,0,0,0,0
STU0469,3,2024-2025,0,0,0,0
STU0469,4,2024-2025,4,1,1,0
STU0470,1,2023-2024,0,0,0,0
STU0470,2,2023-2024,0,0,0,0
STU0470,3,2024-2025,2,0,0,0
STU0470,4,2024-2025,0,0,0,0
STU0471,1,2023-2024,0,0,0,0
STU0471,2,2023-2024,5,1,1,1
STU0471,3,2024-2025,2,0,0,0
STU0471,4,2024-2025,3,1,0,0
STU0472,1,2023-2024,1,0,0,0
STU0472,2,2023-2024,1,0,0,0
STU0472,3,2024-2025,0,0,0,0
STU0472,4,2024-2025,1,0,0,0
STU0473,1,2023-2024,0,0,0,0
STU0473,2,2023-2024,1,0,0,0
STU0473,3,2024-2025,0,0,0,0
STU0473,4,2024-2025,0,0,0,0
STU0474,1,2023-2024,0,0,0,0
STU0474,2,2023-2024,0,0,0,0
STU0474,3,2024-2025,0,0,0,0
STU0474,4,2024-2025,0,0,0,0
STU0475,1,2023-2024,1,0,0,0
STU0475,2,2023-2024,3,1,0,0
STU0475,3,2024-2025,2,0,0,0
STU0475,4,2024-2025,3,1,0,0
STU0476,1,2023-2024,0,0,0,0
STU0476,2,2023-2024,1,0,0,0
STU0476,3,2024-2025,0,0,0,0
STU0476,4,2024-2025,0,0,0,0
STU0477,1,2023-2024,1,0,0,0
STU0477,2,2023-2024,4,1,1,0
STU0477,3,2024-2025,0,0,0,0
STU0477,4,2024-2025,2,0,0,0
STU0478,1,2023-2024,1,0,0,0
STU0478,2,2023-2024,1,0,0,0
STU0478,3,2024-2025,1,0,0,0
STU0478,4,2024-2025,0,0,0,0
STU0479,1,2023-2024,0,0,0,0
STU0479,2,2023-2024,0,0,0,0
STU0479,3,2024-2025,0,0,0,0
STU0479,4,2024-2025,0,0,0,0
STU0480,1,2023-2024,0,0,0,0
STU0480,2,2023-2024,0,0,0,0
STU0480,3,2024-2025,0,0,0,0
STU0480,4,2024-2025,0,0,0,0
STU0481,1,2023-2024,1,0,0,0
STU0481,2,2023-2024,1,0,0,0
STU0481,3,2024-2025,2,0,0,0
STU0481,4,2024-2025,4,1,1,0
STU0482,1,2023-2024,2,0,0,0
STU0482,2,2023-2024,0,0,0,0
STU0482,3,2024-2025,0,0,0,0
STU0482,4,2024-2025,1,0,0,0
STU0483,1,2023-2024,1,0,0,0
STU0483,2,2023-2024,2,0,0,0
STU0483,3,2024-2025,2,0,0,0
STU0483,4,2024-2025,2,0,0,0
STU0484,1,2023-2024,1,0,0,0
STU0484,2,2023-2024,0,0,0,0
STU0484,3,2024-2025,0,0,0,0
STU0484,4,2024-2025,0,0,0,0
STU0485,1,2023-2024,0,0,0,0
STU0485,2,2023-2024,0,0,0,0
STU0485,3,2024-2025,0,0,0,0
STU0485,4,2024-2025,0,0,0,0
STU0486,1,2023-2024,1,0,0,0
STU0486,2,2023-2024,0,0,0,0
STU0486,3,2024-2025,2,0,0,0
STU0486,4,2024-2025,0,0,0,0
STU0487,1,2023-2024,2,0,0,0
STU0487,2,2023-2024,3,1,0,0
STU0487,3,2024-2025,1,0,0,0
STU0487,4,2024-2025,3,1,0,0
STU0488,1,2023-2024,2,0,0,0
STU0488,2,2023-2024,1,0,0,0
STU0488,3,2024-2025,2,0,0,0
STU0488,4,2024-2025,0,0,0,0
STU0489,1,2023-2024,1,0,0,0
STU0489,2,2023-2024,1,0,0,0
STU0489,3,2024-2025,1,0,0,0
STU0489,4,2024-2025,2,0,0,0
STU0490,1,2023-2024,1,0,0,0
STU0490,2,2023-2024,2,0,0,0
STU0490,3,2024-2025,3,1,0,0
STU0490,4,2024-2025,1,0,0,0
STU0491,1,2023-2024,0,0,0,0
STU0491,2,2023-2024,0,0,0,0
STU0491,3,2024-2025,0,0,0,0
STU0491,4,2024-2025,0,0,0,0
STU0492,1,2023-2024,0,0,0,0
STU0492,2,2023-2024,0,0,0,0
STU0492,3,2024-2025,0,0,0,0
STU0492,4,2024-2025,0,0,0,0
STU0493,1,2023-2024,1,0,0,0
STU0493,2,2023-2024,1,0,0,0
STU0493,3,2024-2025,1,0,0,0
STU0493,4,2024-2025,0,0,0,0
STU0494,1,2023-2024,0,0,0,0
STU0494,2,2023-2024,0,0,0,0
STU0494,3,2024-2025,0,0,0,0
STU0494,4,2024-2025,0,0,0,0
STU0495,1,2023-2024,0,0,0,0
STU0495,2,2023-2024,0,0,0,0
STU0495,3,2024-2025,0,0,0,0
STU0495,4,2024-2025,0,0,0,0
STU0496,1,2023-2024,2,0,0,0
STU0496,2,2023-2024,2,0,0,0
STU0496,3,2024-2025,0,0,0,0
STU0496,4,2024-2025,3,1,0,0
STU0497,1,2023-2024,4,1,1,0
STU0497,2,2023-2024,4,1,1,0
STU0497,3,2024-2025,3,1,0,0
STU0497,4,2024-2025,3,1,0,0
STU0498,1,2023-2024,0,0,0,0
STU0498,2,2023-2024,0,0,0,0
STU0498,3,2024-2025,0,0,0,0
STU0498,4,2024-2025,0,0,0,0
STU0499,1,2023-2024,0,0,0,0
STU0499,2,2023-2024,0,0,0,0
STU0499,3,2024-2025,0,0,0,0
STU0499,4,2024-2025,0,0,0,0
STU0500,1,2023-2024,0,0,0,0
STU0500,2,2023-2024,0,0,0,0
STU0500,3,2024-2025,0,0,0,0
STU0500,4,2024-2025,0,0,0,0
STU0501,1,2023-2024,0,0,0,0
STU0501,2,2023-2024,0,0,0,0
STU0501,3,2024-2025,0,0,0,0
STU0501,4,2024-2025,0,0,0,0
STU0502,1,2023-2024,0,0,0,0
STU0502,2,2023-2024,1,0,0,0
STU0502,3,2024-2025,1,0,0,0
STU0502,4,2024-2025,0,0,0,0
STU0503,1,2023-2024,1,0,0,0
STU0503,2,2023-2024,1,0,0,0
STU0503,3,2024-2025,2,0,0,0
STU0503,4,2024-2025,3,1,0,0
STU0504,1,2023-2024,0,0,0,0
STU0504,2,2023-2024,0,0,0,0
STU0504,3,2024-2025,0,0,0,0
STU0504,4,2024-2025,0,0,0,0
STU0505,1,2023-2024,0,0,0,0
STU0505,2,2023-2024,0,0,0,0
STU0505,3,2024-2025,0,0,0,0
STU0505,4,2024-2025,0,0,0,0
STU0506,1,2023-2024,1,0,0,0
STU0506,2,2023-2024,0,0,0,0
STU0506,3,2024-2025,0,0,0,0
STU0506,4,2024-2025,3,1,0,0
STU0507,1,2023-2024,0,0,0,0
STU0507,2,2023-2024,0,0,0,0
STU0507,3,2024-2025,0,0,0,0
STU0507,4,2024-2025,2,0,0,0
STU0508,1,2023-2024,2,0,0,0
STU0508,2,2023-2024,1,0,0,0
STU0508,3,2024-2025,1,0,0,0
STU0508,4,2024-2025,2,0,0,0
STU0509,1,2023-2024,3,1,0,0
STU0509,2,2023-2024,1,0,0,0
STU0509,3,2024-2025,1,0,0,0
STU0509,4,2024-2025,1,0,0,0
STU0510,1,2023-2024,3,1,0,0
STU0510,2,2023-2024,1,0,0,0
STU0510,3,2024-2025,3,1,0,0
STU0510,4,2024-2025,5,1,1,1
STU0511,1,2023-2024,1,0,0,0
STU0511,2,2023-2024,2,0,0,0
STU0511,3,2024-2025,1,0,0,0
STU0511,4,2024-2025,1,0,0,0
STU0512,1,2023-2024,0,0,0,0
STU0512,2,2023-2024,1,0,0,0
STU0512,3,2024-2025,0,0,0,0
STU0512,4,2024-2025,1,0,0,0
STU0513,1,2023-2024,0,0,0,0
STU0513,2,2023-2024,0,0,0,0
STU0513,3,2024-2025,0,0,0,0
STU0513,4,2024-2025,0,0,0,0
STU0514,1,2023-2024,2,0,0,0
STU0514,2,2023-2024,2,0,0,0
STU0514,3,2024-2025,0,0,0,0
STU0514,4,2024-2025,1,0,0,0
STU0515,1,2023-2024,1,0,0,0
STU0515,2,2023-2024,4,1,1,0
STU0515,3,2024-2025,0,0,0,0
STU0515,4,2024-2025,1,0,0,0
STU0516,1,2023-2024,2,0,0,0
STU0516,2,2023-2024,1,0,0,0
STU0516,3,2024-2025,0,0,0,0
STU0516,4,2024-2025,1,0,0,0
STU0517,1,2023-2024,1,0,0,0
STU0517,2,2023-2024,1,0,0,0
STU0517,3,2024-2025,1,0,0,0
STU0517,4,2024-2025,1,0,0,0
STU0518,1,2023-2024,0,0,0,0
STU0518,2,2023-2024,0,0,0,0
STU0518,3,2024-2025,0,0,0,0
STU0518,4,2024-2025,0,0,0,0
STU0519,1,2023-2024,1,0,0,0
STU0519,2,2023-2024,1,0,0,0
STU0519,3,2024-2025,2,0,0,0
STU0519,4,2024-2025,3,1,0,0
STU0520,1,2023-2024,0,0,0,0
STU0520,2,2023-2024,0,0,0,0
STU0520,3,2024-2025,0,0,0,0
STU0520,4,2024-2025,2,0,0,0
STU0521,1,2023-2024,0,0,0,0
STU0521,2,2023-2024,0,0,0,0
STU0521,3,2024-2025,0,0,0,0
STU0521,4,2024-2025,1,0,0,0
STU0522,1,2023-2024,0,0,0,0
STU0522,2,2023-2024,0,0,0,0
STU0522,3,2024-2025,0,0,0,0
STU0522,4,2024-2025,0,0,0,0
STU0523,1,2023-2024,1,0,0,0
STU0523,2,2023-2024,0,0,0,0
STU0523,3,2024-2025,3,1,0,0
STU0523,4,2024-2025,0,0,0,0
STU0524,1,2023-2024,0,0,0,0
STU0524,2,2023-2024,0,0,0,0
STU0524,3,2024-2025,0,0,0,0
STU0524,4,2024-2025,0,0,0,0
STU0525,1,2023-2024,0,0,0,0
STU0525,2,2023-2024,0,0,0,0
STU0525,3,2024-2025,0,0,0,0
STU0525,4,2024-2025,1,0,0,0
STU0526,1,2023-2024,1,0,0,0
STU0526,2,2023-2024,2,0,0,0
STU0526,3,2024-2025,0,0,0,0
STU0526,4,2024-2025,1,0,0,0
STU0527,1,2023-2024,0,0,0,0
STU0527,2,2023-2024,0,0,0,0
STU0527,3,2024-2025,0,0,0,0
STU0527,4,2024-2025,0,0,0,0
STU0528,1,2023-2024,0,0,0,0
STU0528,2,2023-2024,0,0,0,0
STU0528,3,2024-2025,0,0,0,0
STU0528,4,2024-2025,0,0,0,0
STU0529,1,2023-2024,1,0,0,0
STU0529,2,2023-2024,3,1,0,0
STU0529,3,2024-2025,0,0,0,0
STU0529,4,2024-2025,0,0,0,0
STU0530,1,2023-2024,2,0,0,0
STU0530,2,2023-2024,0,0,0,0
STU0530,3,2024-2025,0,0,0,0
STU0530,4,2024-2025,0,0,0,0
STU0531,1,2023-2024,0,0,0,0
STU0531,2,2023-2024,0,0,0,0
STU0531,3,2024-2025,1,0,0,0
STU0531,4,2024-2025,0,0,0,0
STU0532,1,2023-2024,0,0,0,0
STU0532,2,2023-2024,0,0,0,0
STU0532,3,2024-2025,0,0,0,0
STU0532,4,2024-2025,0,0,0,0
STU0533,1,2023-2024,0,0,0,0
STU0533,2,2023-2024,0,0,0,0
STU0533,3,2024-2025,0,0,0,0
STU0533,4,2024-2025,0,0,0,0
STU0534,1,2023-2024,3,1,0,0
STU0534,2,2023-2024,1,0,0,0
STU0534,3,2024-2025,2,0,0,0
STU0534,4,2024-2025,3,1,0,0
STU0535,1,2023-2024,1,0,0,0
STU0535,2,2023-2024,0,0,0,0
STU0535,3,2024-2025,0,0,0,0
STU0535,4,2024-2025,0,0,0,0
STU0536,1,2023-2024,2,0,0,0
STU0536,2,2023-2024,2,0,0,0
STU0536,3,2024-2025,1,0,0,0
STU0536,4,2024-2025,2,0,0,0
STU0537,1,2023-2024,1,0,0,0
STU0537,2,2023-2024,0,0,0,0
STU0537,3,2024-2025,0,0,0,0
STU0537,4,2024-2025,3,1,0,0
STU0538,1,2023-2024,2,0,0,0
STU0538,2,2023-2024,4,1,1,0
STU0538,3,2024-2025,0,0,0,0
STU0538,4,2024-2025,4,1,1,0
STU0539,1,2023-2024,0,0,0,0
STU0539,2,2023-2024,0,0,0,0
STU0539,3,2024-2025,0,0,0,0
STU0539,4,2024-2025,0,0,0,0
STU0540,1,2023-2024,0,0,0,0
STU0540,2,2023-2024,0,0,0,0
STU0540,3,2024-2025,0,0,0,0
STU0540,4,2024-2025,0,0,0,0
STU0541,1,2023-2024,0,0,0,0
STU0541,2,2023-2024,0,0,0,0
STU0541,3,2024-2025,0,0,0,0
STU0541,4,2024-2025,0,0,0,0
STU0542,1,2023-2024,3,1,0,0
STU0542,2,2023-2024,1,0,0,0
STU0542,3,2024-2025,1,0,0,0
STU0542,4,2024-2025,4,1,1,0
STU0543,1,2023-2024,3,1,0,0
STU0543,2,2023-2024,0,0,0,0
STU0543,3,2024-2025,2,0,0,0
STU0543,4,2024-2025,1,0,0,0
STU0544,1,2023-2024,2,0,0,0
STU0544,2,2023-2024,1,0,0,0
STU0544,3,2024-2025,0,0,0,0
STU0544,4,2024-2025,0,0,0,0
STU0545,1,2023-2024,0,0,0,0
STU0545,2,2023-2024,0,0,0,0
STU0545,3,2024-2025,0,0,0,0
STU0545,4,2024-2025,0,0,0,0
STU0546,1,2023-2024,1,0,0,0
STU0546,2,2023-2024,0,0,0,0
STU0546,3,2024-2025,1,0,0,0
STU0546,4,2024-2025,1,0,0,0
STU0547,1,2023-2024,0,0,0,0
STU0547,2,2023-2024,0,0,0,0
STU0547,3,2024-2025,0,0,0,0
STU0547,4,2024-2025,0,0,0,0
STU0548,1,2023-2024,0,0,0,0
STU0548,2,2023-2024,1,0,0,0
STU0548,3,2024-2025,0,0,0,0
STU0548,4,2024-2025,0,0,0,0
STU0549,1,2023-2024,1,0,0,0
STU0549,2,2023-2024,0,0,0,0
STU0549,3,2024-2025,3,1,0,0
STU0549,4,2024-2025,3,1,0,0
STU0550,1,2023-2024,2,0,0,0
STU0550,2,2023-2024,4,1,1,0
STU0550,3,2024-2025,2,0,0,0
STU0550,4,2024-2025,3,1,0,0
STU0551,1,2023-2024,1,0,0,0
STU0551,2,2023-2024,0,0,0,0
STU0551,3,2024-2025,2,0,0,0
STU0551,4,2024-2025,0,0,0,0
STU0552,1,2023-2024,0,0,0,0
STU0552,2,2023-2024,0,0,0,0
STU0552,3,2024-2025,0,0,0,0
STU0552,4,2024-2025,0,0,0,0
STU0553,1,2023-2024,3,1,0,0
STU0553,2,2023-2024,1,0,0,0
STU0553,3,2024-2025,3,1,0,0
STU0553,4,2024-2025,6,1,1,1
STU0554,1,2023-2024,2,0,0,0
STU0554,2,2023-2024,4,1,1,0
STU0554,3,2024-2025,1,0,0,0
STU0554,4,2024-2025,2,0,0,0
STU0555,1,2023-2024,2,0,0,0
STU0555,2,2023-2024,2,0,0,0
STU0555,3,2024-2025,1,0,0,0
STU0555,4,2024-2025,1,0,0,0
STU0556,1,2023-2024,1,0,0,0
STU0556,2,2023-2024,3,1,0,0
STU0556,3,2024-2025,0,0,0,0
STU0556,4,2024-2025,1,0,0,0
STU0557,1,2023-2024,0,0,0,0
STU0557,2,2023-2024,0,0,0,0
STU0557,3,2024-2025,1,0,0,0
STU0557,4,2024-2025,1,0,0,0
STU0558,1,2023-2024,1,0,0,0
STU0558,2,2023-2024,2,0,0,0
STU0558,3,2024-2025,3,1,0,0
STU0558,4,2024-2025,1,0,0,0
STU0559,1,2023-2024,0,0,0,0
STU0559,2,2023-2024,0,0,0,0
STU0559,3,2024-2025,1,0,0,0
STU0559,4,2024-2025,0,0,0,0
STU0560,1,2023-2024,0,0,0,0
STU0560,2,2023-2024,0,0,0,0
STU0560,3,2024-2025,0,0,0,0
STU0560,4,2024-2025,0,0,0,0
STU0561,1,2023-2024,3,1,0,0
STU0561,2,2023-2024,1,0,0,0
STU0561,3,2024-2025,3,1,0,0
STU0561,4,2024-2025,6,1,1,1
STU0562,1,2023-2024,3,1,0,0
STU0562,2,2023-2024,1,0,0,0
STU0562,3,2024-2025,1,0,0,0
STU0562,4,2024-2025,0,0,0,0
STU0563,1,2023-2024,0,0,0,0
STU0563,2,2023-2024,0,0,0,0
STU0563,3,2024-2025,0,0,0,0
STU0563,4,2024-2025,0,0,0,0
STU0564,1,2023-2024,2,0,0,0
STU0564,2,2023-2024,0,0,0,0
STU0564,3,2024-2025,0,0,0,0
STU0564,4,2024-2025,0,0,0,0
STU0565,1,2023-2024,0,0,0,0
STU0565,2,2023-2024,0,0,0,0
STU0565,3,2024-2025,0,0,0,0
STU0565,4,2024-2025,0,0,0,0
STU0566,1,2023-2024,3,1,0,0
STU0566,2,2023-2024,1,0,0,0
STU0566,3,2024-2025,2,0,0,0
STU0566,4,2024-2025,1,0,0,0
STU0567,1,2023-2024,0,0,0,0
STU0567,2,2023-2024,0,0,0,0
STU0567,3,2024-2025,0,0,0,0
STU0567,4,2024-2025,1,0,0,0
STU0568,1,2023-2024,0,0,0,0
STU0568,2,2023-2024,1,0,0,0
STU0568,3,2024-2025,1,0,0,0
STU0568,4,2024-2025,0,0,0,0
STU0569,1,2023-2024,0,0,0,0
STU0569,2,2023-2024,0,0,0,0
STU0569,3,2024-2025,0,0,0,0
STU0569,4,2024-2025,0,0,0,0
STU0570,1,2023-2024,0,0,0,0
STU0570,2,2023-2024,3,1,0,0
STU0570,3,2024-2025,0,0,0,0
STU0570,4,2024-2025,0,0,0,0
STU0571,1,2023-2024,1,0,0,0
STU0571,2,2023-2024,0,0,0,0
STU0571,3,2024-2025,0,0,0,0
STU0571,4,2024-2025,0,0,0,0
STU0572,1,2023-2024,0,0,0,0
STU0572,2,2023-2024,1,0,0,0
STU0572,3,2024-2025,1,0,0,0
STU0572,4,2024-2025,0,0,0,0
STU0573,1,2023-2024,0,0,0,0
STU0573,2,2023-2024,1,0,0,0
STU0573,3,2024-2025,2,0,0,0
STU0573,4,2024-2025,1,0,0,0
STU0574,1,2023-2024,1,0,0,0
STU0574,2,2023-2024,2,0,0,0
STU0574,3,2024-2025,3,1,0,0
STU0574,4,2024-2025,3,1,0,0
STU0575,1,2023-2024,0,0,0,0
STU0575,2,2023-2024,0,0,0,0
STU0575,3,2024-2025,3,1,0,0
STU0575,4,2024-2025,0,0,0,0
STU0576,1,2023-2024,0,0,0,0
STU0576,2,2023-2024,1,0,0,0
STU0576,3,2024-2025,0,0,0,0
STU0576,4,2024-2025,0,0,0,0
STU0577,1,2023-2024,0,0,0,0
STU0577,2,2023-2024,0,0,0,0
STU0577,3,2024-2025,0,0,0,0
STU0577,4,2024-2025,0,0,0,0
STU0578,1,2023-2024,0,0,0,0
STU0578,2,2023-2024,0,0,0,0
STU0578,3,2024-2025,0,0,0,0
STU0578,4,2024-2025,0,0,0,0
STU0579,1,2023-2024,0,0,0,0
STU0579,2,2023-2024,0,0,0,0
STU0579,3,2024-2025,0,0,0,0
STU0579,4,2024-2025,0,0,0,0
STU0580,1,2023-2024,0,0,0,0
STU0580,2,2023-2024,0,0,0,0
STU0580,3,2024-2025,0,0,0,0
STU0580,4,2024-2025,0,0,0,0
STU0581,1,2023-2024,0,0,0,0
STU0581,2,2023-2024,1,0,0,0
STU0581,3,2024-2025,0,0,0,0
STU0581,4,2024-2025,1,0,0,0
STU0582,1,2023-2024,0,0,0,0
STU0582,2,2023-2024,0,0,0,0
STU0582,3,2024-2025,0,0,0,0
STU0582,4,2024-2025,0,0,0,0
STU0583,1,2023-2024,0,0,0,0
STU0583,2,2023-2024,0,0,0,0
STU0583,3,2024-2025,0,0,0,0
STU0583,4,2024-2025,0,0,0,0
STU0584,1,2023-2024,1,0,0,0
STU0584,2,2023-2024,0,0,0,0
STU0584,3,2024-2025,0,0,0,0
STU0584,4,2024-2025,0,0,0,0
STU0585,1,2023-2024,1,0,0,0
STU0585,2,2023-2024,0,0,0,0
STU0585,3,2024-2025,2,0,0,0
STU0585,4,2024-2025,2,0,0,0
STU0586,1,2023-2024,0,0,0,0
STU0586,2,2023-2024,0,0,0,0
STU0586,3,2024-2025,0,0,0,0
STU0586,4,2024-2025,0,0,0,0
STU0587,1,2023-2024,1,0,0,0
STU0587,2,2023-2024,3,1,0,0
STU0587,3,2024-2025,1,0,0,0
STU0587,4,2024-2025,1,0,0,0
STU0588,1,2023-2024,2,0,0,0
STU0588,2,2023-2024,0,0,0,0
STU0588,3,2024-2025,1,0,0,0
STU0588,4,2024-2025,1,0,0,0
STU0589,1,2023-2024,2,0,0,0
STU0589,2,2023-2024,1,0,0,0
STU0589,3,2024-2025,2,0,0,0
STU0589,4,2024-2025,1,0,0,0
STU0590,1,2023-2024,0,0,0,0
STU0590,2,2023-2024,2,0,0,0
STU0590,3,2024-2025,1,0,0,0
STU0590,4,2024-2025,1,0,0,0
STU0591,1,2023-2024,0,0,0,0
STU0591,2,2023-2024,0,0,0,0
STU0591,3,2024-2025,0,0,0,0
STU0591,4,2024-2025,0,0,0,0
STU0592,1,2023-2024,1,0,0,0
STU0592,2,2023-2024,1,0,0,0
STU0592,3,2024-2025,0,0,0,0
STU0592,4,2024-2025,1,0,0,0
STU0593,1,2023-2024,2,0,0,0
STU0593,2,2023-2024,2,0,0,0
STU0593,3,2024-2025,2,0,0,0
STU0593,4,2024-2025,0,0,0,0
STU0594,1,2023-2024,0,0,0,0
STU0594,2,2023-2024,0,0,0,0
STU0594,3,2024-2025,0,0,0,0
STU0594,4,2024-2025,0,0,0,0
STU0595,1,2023-2024,0,0,0,0
STU0595,2,2023-2024,1,0,0,0
STU0595,3,2024-2025,0,0,0,0
STU0595,4,2024-2025,1,0,0,0
STU0596,1,2023-2024,0,0,0,0
STU0596,2,2023-2024,2,0,0,0
STU0596,3,2024-2025,0,0,0,0
STU0596,4,2024-2025,1,0,0,0
STU0597,1,2023-2024,1,0,0,0
STU0597,2,2023-2024,1,0,0,0
STU0597,3,2024-2025,0,0,0,0
STU0597,4,2024-2025,0,0,0,0
STU0598,1,2023-2024,0,0,0,0
STU0598,2,2023-2024,0,0,0,0
STU0598,3,2024-2025,0,0,0,0
STU0598,4,2024-2025,0,0,0,0
STU0599,1,2023-2024,0,0,0,0
STU0599,2,2023-2024,0,0,0,0
STU0599,3,2024-2025,0,0,0,0
STU0599,4,2024-2025,0,0,0,0
STU0600,1,2023-2024,2,0,0,0
STU0600,2,2023-2024,3,1,0,0
STU0600,3,2024-2025,1,0,0,0
STU0600,4,2024-2025,3,1,0,0
STU0601,1,2023-2024,0,0,0,0
STU0601,2,2023-2024,0,0,0,0
STU0601,3,2024-2025,1,0,0,0
STU0601,4,2024-2025,1,0,0,0
STU0602,1,2023-2024,2,0,0,0
STU0602,2,2023-2024,3,1,0,0
STU0602,3,2024-2025,5,1,1,1
STU0602,4,2024-2025,2,0,0,0
STU0603,1,2023-2024,3,1,0,0
STU0603,2,2023-2024,1,0,0,0
STU0603,3,2024-2025,5,1,1,1
STU0603,4,2024-2025,4,1,1,0
STU0604,1,2023-2024,1,0,0,0
STU0604,2,2023-2024,2,0,0,0
STU0604,3,2024-2025,2,0,0,0
STU0604,4,2024-2025,1,0,0,0
STU0605,1,2023-2024,0,0,0,0
STU0605,2,2023-2024,1,0,0,0
STU0605,3,2024-2025,1,0,0,0
STU0605,4,2024-2025,1,0,0,0
STU0606,1,2023-2024,1,0,0,0
STU0606,2,2023-2024,1,0,0,0
STU0606,3,2024-2025,2,0,0,0
STU0606,4,2024-2025,0,0,0,0
STU0607,1,2023-2024,0,0,0,0
STU0607,2,2023-2024,0,0,0,0
STU0607,3,2024-2025,0,0,0,0
STU0607,4,2024-2025,0,0,0,0
STU0608,1,2023-2024,1,0,0,0
STU0608,2,2023-2024,1,0,0,0
STU0608,3,2024-2025,1,0,0,0
STU0608,4,2024-2025,1,0,0,0
STU0609,1,2023-2024,4,1,1,0
STU0609,2,2023-2024,3,1,0,0
STU0609,3,2024-2025,3,1,0,0
STU0609,4,2024-2025,2,0,0,0
STU0610,1,2023-2024,1,0,0,0
STU0610,2,2023-2024,0,0,0,0
STU0610,3,2024-2025,4,1,1,0
STU0610,4,2024-2025,0,0,0,0
STU0611,1,2023-2024,2,0,0,0
STU0611,2,2023-2024,2,0,0,0
STU0611,3,2024-2025,1,0,0,0
STU0611,4,2024-2025,2,0,0,0
STU0612,1,2023-2024,0,0,0,0
STU0612,2,2023-2024,0,0,0,0
STU0612,3,2024-2025,0,0,0,0
STU0612,4,2024-2025,0,0,0,0
STU0613,1,2023-2024,0,0,0,0
STU0613,2,2023-2024,2,0,0,0
STU0613,3,2024-2025,0,0,0,0
STU0613,4,2024-2025,1,0,0,0
STU0614,1,2023-2024,2,0,0,0
STU0614,2,2023-2024,1,0,0,0
STU0614,3,2024-2025,1,0,0,0
STU0614,4,2024-2025,1,0,0,0
STU0615,1,2023-2024,0,0,0,0
STU0615,2,2023-2024,0,0,0,0
STU0615,3,2024-2025,0,0,0,0
STU0615,4,2024-2025,0,0,0,0
STU0616,1,2023-2024,0,0,0,0
STU0616,2,2023-2024,0,0,0,0
STU0616,3,2024-2025,0,0,0,0
STU0616,4,2024-2025,0,0,0,0
STU0617,1,2023-2024,0,0,0,0
STU0617,2,2023-2024,0,0,0,0
STU0617,3,2024-2025,0,0,0,0
STU0617,4,2024-2025,0,0,0,0
STU0618,1,2023-2024,2,0,0,0
STU0618,2,2023-2024,0,0,0,0
STU0618,3,2024-2025,1,0,0,0
STU0618,4,2024-2025,0,0,0,0
STU0619,1,2023-2024,0,0,0,0
STU0619,2,2023-2024,0,0,0,0
STU0619,3,2024-2025,0,0,0,0
STU0619,4,2024-2025,0,0,0,0
STU0620,1,2023-2024,1,0,0,0
STU0620,2,2023-2024,1,0,0,0
STU0620,3,2024-2025,1,0,0,0
STU0620,4,2024-2025,1,0,0,0
STU0621,1,2023-2024,2,0,0,0
STU0621,2,2023-2024,2,0,0,0
STU0621,3,2024-2025,2,0,0,0
STU0621,4,2024-2025,0,0,0,0
STU0622,1,2023-2024,0,0,0,0
STU0622,2,2023-2024,0,0,0,0
STU0622,3,2024-2025,0,0,0,0
STU0622,4,2024-2025,0,0,0,0
STU0623,1,2023-2024,1,0,0,0
STU0623,2,2023-2024,2,0,0,0
STU0623,3,2024-2025,2,0,0,0
STU0623,4,2024-2025,1,0,0,0
STU0624,1,2023-2024,0,0,0,0
STU0624,2,2023-2024,1,0,0,0
STU0624,3,2024-2025,0,0,0,0
STU0624,4,2024-2025,0,0,0,0
STU0625,1,2023-2024,2,0,0,0
STU0625,2,2023-2024,3,1,0,0
STU0625,3,2024-2025,2,0,0,0
STU0625,4,2024-2025,2,0,0,0
STU0626,1,2023-2024,1,0,0,0
STU0626,2,2023-2024,0,0,0,0
STU0626,3,2024-2025,0,0,0,0
STU0626,4,2024-2025,3,1,0,0
STU0627,1,2023-2024,3,1,0,0
STU0627,2,2023-2024,4,1,1,0
STU0627,3,2024-2025,2,0,0,0
STU0627,4,2024-2025,1,0,0,0
STU0628,1,2023-2024,0,0,0,0
STU0628,2,2023-2024,0,0,0,0
STU0628,3,2024-2025,0,0,0,0
STU0628,4,2024-2025,0,0,0,0
STU0629,1,2023-2024,1,0,0,0
STU0629,2,2023-2024,1,0,0,0
STU0629,3,2024-2025,2,0,0,0
STU0629,4,2024-2025,1,0,0,0
STU0630,1,2023-2024,0,0,0,0
STU0630,2,2023-2024,1,0,0,0
STU0630,3,2024-2025,0,0,0,0
STU0630,4,2024-2025,0,0,0,0
STU0631,1,2023-2024,0,0,0,0
STU0631,2,2023-2024,0,0,0,0
STU0631,3,2024-2025,0,0,0,0
STU0631,4,2024-2025,0,0,0,0
STU0632,1,2023-2024,0,0,0,0
STU0632,2,2023-2024,1,0,0,0
STU0632,3,2024-2025,1,0,0,0
STU0632,4,2024-2025,0,0,0,0
STU0633,1,2023-2024,2,0,0,0
STU0633,2,2023-2024,2,0,0,0
STU0633,3,2024-2025,2,0,0,0
STU0633,4,2024-2025,1,0,0,0
STU0634,1,2023-2024,5,1,1,1
STU0634,2,2023-2024,2,0,0,0
STU0634,3,2024-2025,7,1,1,1
STU0634,4,2024-2025,3,1,0,0
STU0635,1,2023-2024,0,0,0,0
STU0635,2,2023-2024,1,0,0,0
STU0635,3,2024-2025,1,0,0,0
STU0635,4,2024-2025,1,0,0,0
STU0636,1,2023-2024,0,0,0,0
STU0636,2,2023-2024,0,0,0,0
STU0636,3,2024-2025,0,0,0,0
STU0636,4,2024-2025,0,0,0,0
STU0637,1,2023-2024,0,0,0,0
STU0637,2,2023-2024,0,0,0,0
STU0637,3,2024-2025,0,0,0,0
STU0637,4,2024-2025,0,0,0,0
STU0638,1,2023-2024,1,0,0,0
STU0638,2,2023-2024,1,0,0,0
STU0638,3,2024-2025,0,0,0,0
STU0638,4,2024-2025,0,0,0,0
STU0639,1,2023-2024,0,0,0,0
STU0639,2,2023-2024,0,0,0,0
STU0639,3,2024-2025,0,0,0,0
STU0639,4,2024-2025,0,0,0,0
STU0640,1,2023-2024,3,1,0,0
STU0640,2,2023-2024,4,1,1,0
STU0640,3,2024-2025,2,0,0,0
STU0640,4,2024-2025,2,0,0,0
STU0641,1,2023-2024,0,0,0,0
STU0641,2,2023-2024,0,0,0,0
STU0641,3,2024-2025,2,0,0,0
STU0641,4,2024-2025,1,0,0,0
STU0642,1,2023-2024,0,0,0,0
STU0642,2,2023-2024,0,0,0,0
STU0642,3,2024-2025,0,0,0,0
STU0642,4,2024-2025,0,0,0,0
STU0643,1,2023-2024,3,1,0,0
STU0643,2,2023-2024,3,1,0,0
STU0643,3,2024-2025,7,1,1,1
STU0643,4,2024-2025,2,0,0,0
STU0644,1,2023-2024,0,0,0,0
STU0644,2,2023-2024,0,0,0,0
STU0644,3,2024-2025,0,0,0,0
STU0644,4,2024-2025,0,0,0,0
STU0645,1,2023-2024,2,0,0,0
STU0645,2,2023-2024,1,0,0,0
STU0645,3,2024-2025,0,0,0,0
STU0645,4,2024-2025,2,0,0,0
STU0646,1,2023-2024,0,0,0,0
STU0646,2,2023-2024,0,0,0,0
STU0646,3,2024-2025,0,0,0,0
STU0646,4,2024-2025,0,0,0,0
STU0647,1,2023-2024,0,0,0,0
STU0647,2,2023-2024,2,0,0,0
STU0647,3,2024-2025,2,0,0,0
STU0647,4,2024-2025,1,0,0,0
STU0648,1,2023-2024,2,0,0,0
STU0648,2,2023-2024,2,0,0,0
STU0648,3,2024-2025,0,0,0,0
STU0648,4,2024-2025,1,0,0,0
STU0649,1,2023-2024,1,0,0,0
STU0649,2,2023-2024,1,0,0,0
STU0649,3,2024-2025,1,0,0,0
STU0649,4,2024-2025,3,1,0,0
STU0650,1,2023-2024,0,0,0,0
STU0650,2,2023-2024,1,0,0,0
STU0650,3,2024-2025,0,0,0,0
STU0650,4,2024-2025,3,1,0,0
STU0651,1,2023-2024,0,0,0,0
STU0651,2,2023-2024,0,0,0,0
STU0651,3,2024-2025,0,0,0,0
STU0651,4,2024-2025,0,0,0,0
STU0652,1,2023-2024,0,0,0,0
STU0652,2,2023-2024,0,0,0,0
STU0652,3,2024-2025,0,0,0,0
STU0652,4,2024-2025,0,0,0,0
STU0653,1,2023-2024,0,0,0,0
STU0653,2,2023-2024,0,0,0,0
STU0653,3,2024-2025,0,0,0,0
STU0653,4,2024-2025,0,0,0,0
STU0654,1,2023-2024,4,1,1,0
STU0654,2,2023-2024,0,0,0,0
STU0654,3,2024-2025,2,0,0,0
STU0654,4,2024-2025,2,0,0,0
STU0655,1,2023-2024,1,0,0,0
STU0655,2,2023-2024,2,0,0,0
STU0655,3,2024-2025,2,0,0,0
STU0655,4,2024-2025,3,1,0,0
STU0656,1,2023-2024,0,0,0,0
STU0656,2,2023-2024,0,0,0,0
STU0656,3,2024-2025,0,0,0,0
STU0656,4,2024-2025,0,0,0,0
STU0657,1,2023-2024,2,0,0,0
STU0657,2,2023-2024,1,0,0,0
STU0657,3,2024-2025,3,1,0,0
STU0657,4,2024-2025,0,0,0,0
STU0658,1,2023-2024,0,0,0,0
STU0658,2,2023-2024,0,0,0,0
STU0658,3,2024-2025,0,0,0,0
STU0658,4,2024-2025,0,0,0,0
STU0659,1,2023-2024,2,0,0,0
STU0659,2,2023-2024,1,0,0,0
STU0659,3,2024-2025,1,0,0,0
STU0659,4,2024-2025,0,0,0,0
STU0660,1,2023-2024,4,1,1,0
STU0660,2,2023-2024,5,1,1,1
STU0660,3,2024-2025,0,0,0,0
STU0660,4,2024-2025,2,0,0,0
STU0661,1,2023-2024,2,0,0,0
STU0661,2,2023-2024,3,1,0,0
STU0661,3,2024-2025,5,1,1,1
STU0661,4,2024-2025,2,0,0,0
STU0662,1,2023-2024,0,0,0,0
STU0662,2,2023-2024,0,0,0,0
STU0662,3,2024-2025,1,0,0,0
STU0662,4,2024-2025,0,0,0,0
STU0663,1,2023-2024,0,0,0,0
STU0663,2,2023-2024,0,0,0,0
STU0663,3,2024-2025,2,0,0,0
STU0663,4,2024-2025,0,0,0,0
STU0664,1,2023-2024,0,0,0,0
STU0664,2,2023-2024,1,0,0,0
STU0664,3,2024-2025,2,0,0,0
STU0664,4,2024-2025,3,1,0,0
STU0665,1,2023-2024,1,0,0,0
STU0665,2,2023-2024,2,0,0,0
STU0665,3,2024-2025,1,0,0,0
STU0665,4,2024-2025,2,0,0,0
STU0666,1,2023-2024,0,0,0,0
STU0666,2,2023-2024,1,0,0,0
STU0666,3,2024-2025,1,0,0,0
STU0666,4,2024-2025,0,0,0,0
STU0667,1,2023-2024,2,0,0,0
STU0667,2,2023-2024,3,1,0,0
STU0667,3,2024-2025,1,0,0,0
STU0667,4,2024-2025,1,0,0,0
STU0668,1,2023-2024,0,0,0,0
STU0668,2,2023-2024,0,0,0,0
STU0668,3,2024-2025,1,0,0,0
STU0668,4,2024-2025,0,0,0,0
STU0669,1,2023-2024,3,1,0,0
STU0669,2,2023-2024,2,0,0,0
STU0669,3,2024-2025,3,1,0,0
STU0669,4,2024-2025,0,0,0,0
STU0670,1,2023-2024,0,0,0,0
STU0670,2,2023-2024,0,0,0,0
STU0670,3,2024-2025,0,0,0,0
STU0670,4,2024-2025,0,0,0,0
STU0671,1,2023-2024,4,1,1,0
STU0671,2,2023-2024,3,1,0,0
STU0671,3,2024-2025,2,0,0,0
STU0671,4,2024-2025,4,1,1,0
STU0672,1,2023-2024,1,0,0,0
STU0672,2,2023-2024,0,0,0,0
STU0672,3,2024-2025,0,0,0,0
STU0672,4,2024-2025,0,0,0,0
STU0673,1,2023-2024,3,1,0,0
STU0673,2,2023-2024,3,1,0,0
STU0673,3,2024-2025,2,0,0,0
STU0673,4,2024-2025,2,0,0,0
STU0674,1,2023-2024,0,0,0,0
STU0674,2,2023-2024,0,0,0,0
STU0674,3,2024-2025,0,0,0,0
STU0674,4,2024-2025,0,0,0,0
STU0675,1,2023-2024,2,0,0,0
STU0675,2,2023-2024,2,0,0,0
STU0675,3,2024-2025,0,0,0,0
STU0675,4,2024-2025,0,0,0,0
STU0676,1,2023-2024,3,1,0,0
STU0676,2,2023-2024,0,0,0,0
STU0676,3,2024-2025,0,0,0,0
STU0676,4,2024-2025,0,0,0,0
STU0677,1,2023-2024,1,0,0,0
STU0677,2,2023-2024,0,0,0,0
STU0677,3,2024-2025,0,0,0,0
STU0677,4,2024-2025,0,0,0,0
STU0678,1,2023-2024,0,0,0,0
STU0678,2,2023-2024,0,0,0,0
STU0678,3,2024-2025,0,0,0,0
STU0678,4,2024-2025,0,0,0,0
STU0679,1,2023-2024,0,0,0,0
STU0679,2,2023-2024,0,0,0,0
STU0679,3,2024-2025,1,0,0,0
STU0679,4,2024-2025,0,0,0,0
STU0680,1,2023-2024,1,0,0,0
STU0680,2,2023-2024,4,1,1,0
STU0680,3,2024-2025,3,1,0,0
STU0680,4,2024-2025,1,0,0,0
STU0681,1,2023-2024,1,0,0,0
STU0681,2,2023-2024,3,1,0,0
STU0681,3,2024-2025,1,0,0,0
STU0681,4,2024-2025,0,0,0,0
STU0682,1,2023-2024,1,0,0,0
STU0682,2,2023-2024,2,0,0,0
STU0682,3,2024-2025,1,0,0,0
STU0682,4,2024-2025,5,1,1,1
STU0683,1,2023-2024,0,0,0,0
STU0683,2,2023-2024,0,0,0,0
STU0683,3,2024-2025,0,0,0,0
STU0683,4,2024-2025,0,0,0,0
STU0684,1,2023-2024,1,0,0,0
STU0684,2,2023-2024,0,0,0,0
STU0684,3,2024-2025,1,0,0,0
STU0684,4,2024-2025,2,0,0,0
STU0685,1,2023-2024,1,0,0,0
STU0685,2,2023-2024,2,0,0,0
STU0685,3,2024-2025,1,0,0,0
STU0685,4,2024-2025,0,0,0,0
STU0686,1,2023-2024,1,0,0,0
STU0686,2,2023-2024,3,1,0,0
STU0686,3,2024-2025,0,0,0,0
STU0686,4,2024-2025,1,0,0,0
STU0687,1,2023-2024,2,0,0,0
STU0687,2,2023-2024,0,0,0,0
STU0687,3,2024-2025,1,0,0,0
STU0687,4,2024-2025,2,0,0,0
STU0688,1,2023-2024,1,0,0,0
STU0688,2,2023-2024,1,0,0,0
STU0688,3,2024-2025,1,0,0,0
STU0688,4,2024-2025,4,1,1,0
STU0689,1,2023-2024,0,0,0,0
STU0689,2,2023-2024,0,0,0,0
STU0689,3,2024-2025,0,0,0,0
STU0689,4,2024-2025,0,0,0,0
STU0690,1,2023-2024,1,0,0,0
STU0690,2,2023-2024,0,0,0,0
STU0690,3,2024-2025,0,0,0,0
STU0690,4,2024-2025,2,0,0,0
STU0691,1,2023-2024,3,1,0,0
STU0691,2,2023-2024,1,0,0,0
STU0691,3,2024-2025,5,1,1,1
STU0691,4,2024-2025,1,0,0,0
STU0692,1,2023-2024,3,1,0,0
STU0692,2,2023-2024,3,1,0,0
STU0692,3,2024-2025,1,0,0,0
STU0692,4,2024-2025,2,0,0,0
STU0693,1,2023-2024,0,0,0,0
STU0693,2,2023-2024,0,0,0,0
STU0693,3,2024-2025,0,0,0,0
STU0693,4,2024-2025,0,0,0,0
STU0694,1,2023-2024,0,0,0,0
STU0694,2,2023-2024,2,0,0,0
STU0694,3,2024-2025,1,0,0,0
STU0694,4,2024-2025,0,0,0,0
STU0695,1,2023-2024,0,0,0,0
STU0695,2,2023-2024,0,0,0,0
STU0695,3,2024-2025,0,0,0,0
STU0695,4,2024-2025,0,0,0,0
STU0696,1,2023-2024,0,0,0,0
STU0696,2,2023-2024,0,0,0,0
STU0696,3,2024-2025,0,0,0,0
STU0696,4,2024-2025,0,0,0,0
STU0697,1,2023-2024,0,0,0,0
STU0697,2,2023-2024,1,0,0,0
STU0697,3,2024-2025,1,0,0,0
STU0697,4,2024-2025,0,0,0,0
STU0698,1,2023-2024,2,0,0,0
STU0698,2,2023-2024,1,0,0,0
STU0698,3,2024-2025,1,0,0,0
STU0698,4,2024-2025,2,0,0,0
STU0699,1,2023-2024,0,0,0,0
STU0699,2,2023-2024,0,0,0,0
STU0699,3,2024-2025,0,0,0,0
STU0699,4,2024-2025,0,0,0,0
STU0700,1,2023-2024,6,1,1,1
STU0700,2,2023-2024,4,1,1,0
STU0700,3,2024-2025,3,1,0,0
STU0700,4,2024-2025,5,1,1,1
STU0701,1,2023-2024,2,0,0,0
STU0701,2,2023-2024,0,0,0,0
STU0701,3,2024-2025,0,0,0,0
STU0701,4,2024-2025,1,0,0,0
STU0702,1,2023-2024,4,1,1,0
STU0702,2,2023-2024,0,0,0,0
STU0702,3,2024-2025,1,0,0,0
STU0702,4,2024-2025,5,1,1,1
STU0703,1,2023-2024,0,0,0,0
STU0703,2,2023-2024,0,0,0,0
STU0703,3,2024-2025,0,0,0,0
STU0703,4,2024-2025,0,0,0,0
STU0704,1,2023-2024,3,1,0,0
STU0704,2,2023-2024,0,0,0,0
STU0704,3,2024-2025,0,0,0,0
STU0704,4,2024-2025,0,0,0,0
STU0705,1,2023-2024,0,0,0,0
STU0705,2,2023-2024,2,0,0,0
STU0705,3,2024-2025,1,0,0,0
STU0705,4,2024-2025,2,0,0,0
STU0706,1,2023-2024,0,0,0,0
STU0706,2,2023-2024,0,0,0,0
STU0706,3,2024-2025,1,0,0,0
STU0706,4,2024-2025,1,0,0,0
STU0707,1,2023-2024,2,0,0,0
STU0707,2,2023-2024,5,1,1,1
STU0707,3,2024-2025,4,1,1,0
STU0707,4,2024-2025,3,1,0,0
STU0708,1,2023-2024,0,0,0,0
STU0708,2,2023-2024,0,0,0,0
STU0708,3,2024-2025,0,0,0,0
STU0708,4,2024-2025,0,0,0,0
STU0709,1,2023-2024,0,0,0,0
STU0709,2,2023-2024,0,0,0,0
STU0709,3,2024-2025,0,0,0,0
STU0709,4,2024-2025,0,0,0,0
STU0710,1,2023-2024,1,0,0,0
STU0710,2,2023-2024,1,0,0,0
STU0710,3,2024-2025,3,1,0,0
STU0710,4,2024-2025,2,0,0,0
STU0711,1,2023-2024,0,0,0,0
STU0711,2,2023-2024,0,0,0,0
STU0711,3,2024-2025,0,0,0,0
STU0711,4,2024-2025,0,0,0,0
STU0712,1,2023-2024,0,0,0,0
STU0712,2,2023-2024,0,0,0,0
STU0712,3,2024-2025,0,0,0,0
STU0712,4,2024-2025,0,0,0,0
STU0713,1,2023-2024,0,0,0,0
STU0713,2,2023-2024,3,1,0,0
STU0713,3,2024-2025,3,1,0,0
STU0713,4,2024-2025,3,1,0,0
STU0714,1,2023-2024,2,0,0,0
STU0714,2,2023-2024,3,1,0,0
STU0714,3,2024-2025,1,0,0,0
STU0714,4,2024-2025,1,0,0,0
STU0715,1,2023-2024,2,0,0,0
STU0715,2,2023-2024,2,0,0,0
STU0715,3,2024-2025,0,0,0,0
STU0715,4,2024-2025,2,0,0,0
STU0716,1,2023-2024,0,0,0,0
STU0716,2,2023-2024,0,0,0,0
STU0716,3,2024-2025,0,0,0,0
STU0716,4,2024-2025,0,0,0,0
STU0717,1,2023-2024,0,0,0,0
STU0717,2,2023-2024,1,0,0,0
STU0717,3,2024-2025,0,0,0,0
STU0717,4,2024-2025,0,0,0,0
STU0718,1,2023-2024,0,0,0,0
STU0718,2,2023-2024,0,0,0,0
STU0718,3,2024-2025,0,0,0,0
STU0718,4,2024-2025,0,0,0,0
STU0719,1,2023-2024,1,0,0,0
STU0719,2,2023-2024,0,0,0,0
STU0719,3,2024-2025,1,0,0,0
STU0719,4,2024-2025,1,0,0,0
STU0720,1,2023-2024,0,0,0,0
STU0720,2,2023-2024,0,0,0,0
STU0720,3,2024-2025,0,0,0,0
STU0720,4,2024-2025,0,0,0,0
STU0721,1,2023-2024,3,1,0,0
STU0721,2,2023-2024,1,0,0,0
STU0721,3,2024-2025,2,0,0,0
STU0721,4,2024-2025,1,0,0,0
STU0722,1,2023-2024,2,0,0,0
STU0722,2,2023-2024,1,0,0,0
STU0722,3,2024-2025,3,1,0,0
STU0722,4,2024-2025,2,0,0,0
STU0723,1,2023-2024,5,1,1,1
STU0723,2,2023-2024,3,1,0,0
STU0723,3,2024-2025,3,1,0,0
STU0723,4,2024-2025,1,0,0,0
STU0724,1,2023-2024,0,0,0,0
STU0724,2,2023-2024,0,0,0,0
STU0724,3,2024-2025,0,0,0,0
STU0724,4,2024-2025,0,0,0,0
STU0725,1,2023-2024,0,0,0,0
STU0725,2,2023-2024,0,0,0,0
STU0725,3,2024-2025,0,0,0,0
STU0725,4,2024-2025,0,0,0,0
STU0726,1,2023-2024,0,0,0,0
STU0726,2,2023-2024,0,0,0,0
STU0726,3,2024-2025,0,0,0,0
STU0726,4,2024-2025,0,0,0,0
STU0727,1,2023-2024,3,1,0,0
STU0727,2,2023-2024,0,0,0,0
STU0727,3,2024-2025,3,1,0,0
STU0727,4,2024-2025,1,0,0,0
STU0728,1,2023-2024,0,0,0,0
STU0728,2,2023-2024,1,0,0,0
STU0728,3,2024-2025,0,0,0,0
STU0728,4,2024-2025,2,0,0,0
STU0729,1,2023-2024,1,0,0,0
STU0729,2,2023-2024,0,0,0,0
STU0729,3,2024-2025,1,0,0,0
STU0729,4,2024-2025,3,1,0,0
STU0730,1,2023-2024,0,0,0,0
STU0730,2,2023-2024,0,0,0,0
STU0730,3,2024-2025,1,0,0,0
STU0730,4,2024-2025,0,0,0,0
STU0731,1,2023-2024,0,0,0,0
STU0731,2,2023-2024,0,0,0,0
STU0731,3,2024-2025,0,0,0,0
STU0731,4,2024-2025,0,0,0,0
STU0732,1,2023-2024,2,0,0,0
STU0732,2,2023-2024,1,0,0,0
STU0732,3,2024-2025,1,0,0,0
STU0732,4,2024-2025,2,0,0,0
STU0733,1,2023-2024,2,0,0,0
STU0733,2,2023-2024,0,0,0,0
STU0733,3,2024-2025,1,0,0,0
STU0733,4,2024-2025,0,0,0,0
STU0734,1,2023-2024,0,0,0,0
STU0734,2,2023-2024,0,0,0,0
STU0734,3,2024-2025,0,0,0,0
STU0734,4,2024-2025,1,0,0,0
STU0735,1,2023-2024,0,0,0,0
STU0735,2,2023-2024,1,0,0,0
STU0735,3,2024-2025,4,1,1,0
STU0735,4,2024-2025,0,0,0,0
STU0736,1,2023-2024,0,0,0,0
STU0736,2,2023-2024,0,0,0,0
STU0736,3,2024-2025,0,0,0,0
STU0736,4,2024-2025,0,0,0,0
STU0737,1,2023-2024,0,0,0,0
STU0737,2,2023-2024,0,0,0,0
STU0737,3,2024-2025,0,0,0,0
STU0737,4,2024-2025,0,0,0,0
STU0738,1,2023-2024,1,0,0,0
STU0738,2,2023-2024,0,0,0,0
STU0738,3,2024-2025,1,0,0,0
STU0738,4,2024-2025,0,0,0,0
STU0739,1,2023-2024,0,0,0,0
STU0739,2,2023-2024,0,0,0,0
STU0739,3,2024-2025,0,0,0,0
STU0739,4,2024-2025,0,0,0,0
STU0740,1,2023-2024,5,1,1,1
STU0740,2,2023-2024,2,0,0,0
STU0740,3,2024-2025,2,0,0,0
STU0740,4,2024-2025,4,1,1,0
STU0741,1,2023-2024,0,0,0,0
STU0741,2,2023-2024,1,0,0,0
STU0741,3,2024-2025,0,0,0,0
STU0741,4,2024-2025,0,0,0,0
STU0742,1,2023-2024,2,0,0,0
STU0742,2,2023-2024,1,0,0,0
STU0742,3,2024-2025,0,0,0,0
STU0742,4,2024-2025,0,0,0,0
STU0743,1,2023-2024,1,0,0,0
STU0743,2,2023-2024,1,0,0,0
STU0743,3,2024-2025,3,1,0,0
STU0743,4,2024-2025,3,1,0,0
STU0744,1,2023-2024,1,0,0,0
STU0744,2,2023-2024,0,0,0,0
STU0744,3,2024-2025,2,0,0,0
STU0744,4,2024-2025,1,0,0,0
STU0745,1,2023-2024,3,1,0,0
STU0745,2,2023-2024,3,1,0,0
STU0745,3,2024-2025,1,0,0,0
STU0745,4,2024-2025,2,0,0,0
STU0746,1,2023-2024,2,0,0,0
STU0746,2,2023-2024,5,1,1,1
STU0746,3,2024-2025,3,1,0,0
STU0746,4,2024-2025,2,0,0,0
STU0747,1,2023-2024,0,0,0,0
STU0747,2,2023-2024,1,0,0,0
STU0747,3,2024-2025,0,0,0,0
STU0747,4,2024-2025,0,0,0,0
STU0748,1,2023-2024,0,0,0,0
STU0748,2,2023-2024,1,0,0,0
STU0748,3,2024-2025,2,0,0,0
STU0748,4,2024-2025,0,0,0,0
STU0749,1,2023-2024,0,0,0,0
STU0749,2,2023-2024,0,0,0,0
STU0749,3,2024-2025,0,0,0,0
STU0749,4,2024-2025,0,0,0,0
STU0750,1,2023-2024,0,0,0,0
STU0750,2,2023-2024,0,0,0,0
STU0750,3,2024-2025,0,0,0,0
STU0750,4,2024-2025,1,0,0,0
STU0751,1,2023-2024,4,1,1,0
STU0751,2,2023-2024,2,0,0,0
STU0751,3,2024-2025,3,1,0,0
STU0751,4,2024-2025,1,0,0,0
STU0752,1,2023-2024,0,0,0,0
STU0752,2,2023-2024,0,0,0,0
STU0752,3,2024-2025,0,0,0,0
STU0752,4,2024-2025,0,0,0,0
STU0753,1,2023-2024,3,1,0,0
STU0753,2,2023-2024,4,1,1,0
STU0753,3,2024-2025,6,1,1,1
STU0753,4,2024-2025,1,0,0,0
STU0754,1,2023-2024,0,0,0,0
STU0754,2,2023-2024,1,0,0,0
STU0754,3,2024-2025,0,0,0,0
STU0754,4,2024-2025,0,0,0,0
STU0755,1,2023-2024,1,0,0,0
STU0755,2,2023-2024,1,0,0,0
STU0755,3,2024-2025,1,0,0,0
STU0755,4,2024-2025,1,0,0,0
STU0756,1,2023-2024,0,0,0,0
STU0756,2,2023-2024,2,0,0,0
STU0756,3,2024-2025,0,0,0,0
STU0756,4,2024-2025,0,0,0,0
STU0757,1,2023-2024,1,0,0,0
STU0757,2,2023-2024,1,0,0,0
STU0757,3,2024-2025,3,1,0,0
STU0757,4,2024-2025,0,0,0,0
STU0758,1,2023-2024,1,0,0,0
STU0758,2,2023-2024,3,1,0,0
STU0758,3,2024-2025,1,0,0,0
STU0758,4,2024-2025,1,0,0,0
STU0759,1,2023-2024,1,0,0,0
STU0759,2,2023-2024,0,0,0,0
STU0759,3,2024-2025,1,0,0,0
STU0759,4,2024-2025,0,0,0,0
STU0760,1,2023-2024,0,0,0,0
STU0760,2,2023-2024,0,0,0,0
STU0760,3,2024-2025,0,0,0,0
STU0760,4,2024-2025,0,0,0,0
STU0761,1,2023-2024,0,0,0,0
STU0761,2,2023-2024,0,0,0,0
STU0761,3,2024-2025,1,0,0,0
STU0761,4,2024-2025,0,0,0,0
STU0762,1,2023-2024,1,0,0,0
STU0762,2,2023-2024,2,0,0,0
STU0762,3,2024-2025,5,1,1,1
STU0762,4,2024-2025,6,1,1,1
STU0763,1,2023-2024,3,1,0,0
STU0763,2,2023-2024,3,1,0,0
STU0763,3,2024-2025,2,0,0,0
STU0763,4,2024-2025,3,1,0,0
STU0764,1,2023-2024,0,0,0,0
STU0764,2,2023-2024,0,0,0,0
STU0764,3,2024-2025,0,0,0,0
STU0764,4,2024-2025,0,0,0,0
STU0765,1,2023-2024,0,0,0,0
STU0765,2,2023-2024,3,1,0,0
STU0765,3,2024-2025,0,0,0,0
STU0765,4,2024-2025,1,0,0,0
STU0766,1,2023-2024,1,0,0,0
STU0766,2,2023-2024,0,0,0,0
STU0766,3,2024-2025,0,0,0,0
STU0766,4,2024-2025,1,0,0,0
STU0767,1,2023-2024,0,0,0,0
STU0767,2,2023-2024,1,0,0,0
STU0767,3,2024-2025,0,0,0,0
STU0767,4,2024-2025,0,0,0,0
STU0768,1,2023-2024,0,0,0,0
STU0768,2,2023-2024,1,0,0,0
STU0768,3,2024-2025,1,0,0,0
STU0768,4,2024-2025,0,0,0,0
STU0769,1,2023-2024,0,0,0,0
STU0769,2,2023-2024,0,0,0,0
STU0769,3,2024-2025,1,0,0,0
STU0769,4,2024-2025,0,0,0,0
STU0770,1,2023-2024,0,0,0,0
STU0770,2,2023-2024,0,0,0,0
STU0770,3,2024-2025,1,0,0,0
STU0770,4,2024-2025,0,0,0,0
STU0771,1,2023-2024,0,0,0,0
STU0771,2,2023-2024,0,0,0,0
STU0771,3,2024-2025,0,0,0,0
STU0771,4,2024-2025,0,0,0,0
STU0772,1,2023-2024,2,0,0,0
STU0772,2,2023-2024,1,0,0,0
STU0772,3,2024-2025,1,0,0,0
STU0772,4,2024-2025,0,0,0,0
STU0773,1,2023-2024,0,0,0,0
STU0773,2,2023-2024,0,0,0,0
STU0773,3,2024-2025,0,0,0,0
STU0773,4,2024-2025,0,0,0,0
STU0774,1,2023-2024,0,0,0,0
STU0774,2,2023-2024,0,0,0,0
STU0774,3,2024-2025,0,0,0,0
STU0774,4,2024-2025,0,0,0,0
STU0775,1,2023-2024,3,1,0,0
STU0775,2,2023-2024,1,0,0,0
STU0775,3,2024-2025,2,0,0,0
STU0775,4,2024-2025,3,1,0,0
STU0776,1,2023-2024,4,1,1,0
STU0776,2,2023-2024,1,0,0,0
STU0776,3,2024-2025,0,0,0,0
STU0776,4,2024-2025,1,0,0,0
STU0777,1,2023-2024,2,0,0,0
STU0777,2,2023-2024,2,0,0,0
STU0777,3,2024-2025,1,0,0,0
STU0777,4,2024-2025,1,0,0,0
STU0778,1,2023-2024,0,0,0,0
STU0778,2,2023-2024,0,0,0,0
STU0778,3,2024-2025,0,0,0,0
STU0778,4,2024-2025,0,0,0,0
STU0779,1,2023-2024,0,0,0,0
STU0779,2,2023-2024,0,0,0,0
STU0779,3,2024-2025,0,0,0,0
STU0779,4,2024-2025,0,0,0,0
STU0780,1,2023-2024,0,0,0,0
STU0780,2,2023-2024,1,0,0,0
STU0780,3,2024-2025,1,0,0,0
STU0780,4,2024-2025,3,1,0,0
STU0781,1,2023-2024,0,0,0,0
STU0781,2,2023-2024,0,0,0,0
STU0781,3,2024-2025,2,0,0,0
STU0781,4,2024-2025,0,0,0,0
STU0782,1,2023-2024,1,0,0,0
STU0782,2,2023-2024,0,0,0,0
STU0782,3,2024-2025,0,0,0,0
STU0782,4,2024-2025,0,0,0,0
STU0783,1,2023-2024,5,1,1,1
STU0783,2,2023-2024,1,0,0,0
STU0783,3,2024-2025,0,0,0,0
STU0783,4,2024-2025,2,0,0,0
STU0784,1,2023-2024,3,1,0,0
STU0784,2,2023-2024,1,0,0,0
STU0784,3,2024-2025,0,0,0,0
STU0784,4,2024-2025,2,0,0,0
STU0785,1,2023-2024,0,0,0,0
STU0785,2,2023-2024,1,0,0,0
STU0785,3,2024-2025,0,0,0,0
STU0785,4,2024-2025,1,0,0,0
STU0786,1,2023-2024,1,0,0,0
STU0786,2,2023-2024,1,0,0,0
STU0786,3,2024-2025,1,0,0,0
STU0786,4,2024-2025,1,0,0,0
STU0787,1,2023-2024,0,0,0,0
STU0787,2,2023-2024,0,0,0,0
STU0787,3,2024-2025,0,0,0,0
STU0787,4,2024-2025,0,0,0,0
STU0788,1,2023-2024,0,0,0,0
STU0788,2,2023-2024,0,0,0,0
STU0788,3,2024-2025,2,0,0,0
STU0788,4,2024-2025,1,0,0,0
STU0789,1,2023-2024,0,0,0,0
STU0789,2,2023-2024,1,0,0,0
STU0789,3,2024-2025,0,0,0,0
STU0789,4,2024-2025,0,0,0,0
STU0790,1,2023-2024,3,1,0,0
STU0790,2,2023-2024,0,0,0,0
STU0790,3,2024-2025,2,0,0,0
STU0790,4,2024-2025,3,1,0,0
STU0791,1,2023-2024,0,0,0,0
STU0791,2,2023-2024,0,0,0,0
STU0791,3,2024-2025,0,0,0,0
STU0791,4,2024-2025,0,0,0,0
STU0792,1,2023-2024,5,1,1,1
STU0792,2,2023-2024,3,1,0,0
STU0792,3,2024-2025,0,0,0,0
STU0792,4,2024-2025,3,1,0,0
STU0793,1,2023-2024,2,0,0,0
STU0793,2,2023-2024,2,0,0,0
STU0793,3,2024-2025,4,1,1,0
STU0793,4,2024-2025,2,0,0,0
STU0794,1,2023-2024,1,0,0,0
STU0794,2,2023-2024,0,0,0,0
STU0794,3,2024-2025,1,0,0,0
STU0794,4,2024-2025,0,0,0,0
STU0795,1,2023-2024,2,0,0,0
STU0795,2,2023-2024,1,0,0,0
STU0795,3,2024-2025,3,1,0,0
STU0795,4,2024-2025,1,0,0,0
STU0796,1,2023-2024,1,0,0,0
STU0796,2,2023-2024,2,0,0,0
STU0796,3,2024-2025,3,1,0,0
STU0796,4,2024-2025,1,0,0,0
STU0797,1,2023-2024,0,0,0,0
STU0797,2,2023-2024,4,1,1,0
STU0797,3,2024-2025,2,0,0,0
STU0797,4,2024-2025,2,0,0,0
STU0798,1,2023-2024,3,1,0,0
STU0798,2,2023-2024,1,0,0,0
STU0798,3,2024-2025,0,0,0,0
STU0798,4,2024-2025,1,0,0,0
STU0799,1,2023-2024,0,0,0,0
STU0799,2,2023-2024,2,0,0,0
STU0799,3,2024-2025,2,0,0,0
STU0799,4,2024-2025,0,0,0,0
STU0800,1,2023-2024,0,0,0,0
STU0800,2,2023-2024,0,0,0,0
STU0800,3,2024-2025,0,0,0,0
STU0800,4,2024-2025,0,0,0,0
STU0801,1,2023-2024,0,0,0,0
STU0801,2,2023-2024,0,0,0,0
STU0801,3,2024-2025,2,0,0,0
STU0801,4,2024-2025,0,0,0,0
STU0802,1,2023-2024,1,0,0,0
STU0802,2,2023-2024,2,0,0,0
STU0802,3,2024-2025,1,0,0,0
STU0802,4,2024-2025,0,0,0,0
STU0803,1,2023-2024,0,0,0,0
STU0803,2,2023-2024,2,0,0,0
STU0803,3,2024-2025,0,0,0,0
STU0803,4,2024-2025,1,0,0,0
STU0804,1,2023-2024,4,1,1,0
STU0804,2,2023-2024,3,1,0,0
STU0804,3,2024-2025,1,0,0,0
STU0804,4,2024-2025,1,0,0,0
STU0805,1,2023-2024,1,0,0,0
STU0805,2,2023-2024,0,0,0,0
STU0805,3,2024-2025,0,0,0,0
STU0805,4,2024-2025,0,0,0,0
STU0806,1,2023-2024,0,0,0,0
STU0806,2,2023-2024,0,0,0,0
STU0806,3,2024-2025,0,0,0,0
STU0806,4,2024-2025,0,0,0,0
STU0807,1,2023-2024,2,0,0,0
STU0807,2,2023-2024,6,1,1,1
STU0807,3,2024-2025,1,0,0,0
STU0807,4,2024-2025,3,1,0,0
STU0808,1,2023-2024,1,0,0,0
STU0808,2,2023-2024,0,0,0,0
STU0808,3,2024-2025,1,0,0,0
STU0808,4,2024-2025,2,0,0,0
STU0809,1,2023-2024,2,0,0,0
STU0809,2,2023-2024,1,0,0,0
STU0809,3,2024-2025,1,0,0,0
STU0809,4,2024-2025,3,1,0,0
STU0810,1,2023-2024,0,0,0,0
STU0810,2,2023-2024,0,0,0,0
STU0810,3,2024-2025,0,0,0,0
STU0810,4,2024-2025,0,0,0,0
STU0811,1,2023-2024,2,0,0,0
STU0811,2,2023-2024,3,1,0,0
STU0811,3,2024-2025,6,1,1,1
STU0811,4,2024-2025,3,1,0,0
STU0812,1,2023-2024,0,0,0,0
STU0812,2,2023-2024,0,0,0,0
STU0812,3,2024-2025,0,0,0,0
STU0812,4,2024-2025,0,0,0,0
STU0813,1,2023-2024,1,0,0,0
STU0813,2,2023-2024,3,1,0,0
STU0813,3,2024-2025,1,0,0,0
STU0813,4,2024-2025,0,0,0,0
STU0814,1,2023-2024,2,0,0,0
STU0814,2,2023-2024,1,0,0,0
STU0814,3,2024-2025,1,0,0,0
STU0814,4,2024-2025,0,0,0,0
STU0815,1,2023-2024,0,0,0,0
STU0815,2,2023-2024,0,0,0,0
STU0815,3,2024-2025,0,0,0,0
STU0815,4,2024-2025,0,0,0,0
STU0816,1,2023-2024,2,0,0,0
STU0816,2,2023-2024,1,0,0,0
STU0816,3,2024-2025,1,0,0,0
STU0816,4,2024-2025,2,0,0,0
STU0817,1,2023-2024,0,0,0,0
STU0817,2,2023-2024,0,0,0,0
STU0817,3,2024-2025,0,0,0,0
STU0817,4,2024-2025,0,0,0,0
STU0818,1,2023-2024,0,0,0,0
STU0818,2,2023-2024,0,0,0,0
STU0818,3,2024-2025,0,0,0,0
STU0818,4,2024-2025,0,0,0,0
STU0819,1,2023-2024,1,0,0,0
STU0819,2,2023-2024,2,0,0,0
STU0819,3,2024-2025,2,0,0,0
STU0819,4,2024-2025,1,0,0,0
STU0820,1,2023-2024,2,0,0,0
STU0820,2,2023-2024,3,1,0,0
STU0820,3,2024-2025,4,1,1,0
STU0820,4,2024-2025,2,0,0,0
STU0821,1,2023-2024,0,0,0,0
STU0821,2,2023-2024,0,0,0,0
STU0821,3,2024-2025,0,0,0,0
STU0821,4,2024-2025,0,0,0,0
STU0822,1,2023-2024,3,1,0,0
STU0822,2,2023-2024,1,0,0,0
STU0822,3,2024-2025,3,1,0,0
STU0822,4,2024-2025,0,0,0,0
STU0823,1,2023-2024,1,0,0,0
STU0823,2,2023-2024,0,0,0,0
STU0823,3,2024-2025,2,0,0,0
STU0823,4,2024-2025,2,0,0,0
STU0824,1,2023-2024,0,0,0,0
STU0824,2,2023-2024,1,0,0,0
STU0824,3,2024-2025,0,0,0,0
STU0824,4,2024-2025,0,0,0,0
STU0825,1,2023-2024,2,0,0,0
STU0825,2,2023-2024,3,1,0,0
STU0825,3,2024-2025,1,0,0,0
STU0825,4,2024-2025,4,1,1,0
STU0826,1,2023-2024,0,0,0,0
STU0826,2,2023-2024,0,0,0,0
STU0826,3,2024-2025,1,0,0,0
STU0826,4,2024-2025,0,0,0,0
STU0827,1,2023-2024,1,0,0,0
STU0827,2,2023-2024,1,0,0,0
STU0827,3,2024-2025,2,0,0,0
STU0827,4,2024-2025,1,0,0,0
STU0828,1,2023-2024,0,0,0,0
STU0828,2,2023-2024,0,0,0,0
STU0828,3,2024-2025,0,0,0,0
STU0828,4,2024-2025,0,0,0,0
STU0829,1,2023-2024,2,0,0,0
STU0829,2,2023-2024,2,0,0,0
STU0829,3,2024-2025,0,0,0,0
STU0829,4,2024-2025,4,1,1,0
STU0830,1,2023-2024,1,0,0,0
STU0830,2,2023-2024,0,0,0,0
STU0830,3,2024-2025,0,0,0,0
STU0830,4,2024-2025,0,0,0,0
STU0831,1,2023-2024,0,0,0,0
STU0831,2,2023-2024,0,0,0,0
STU0831,3,2024-2025,0,0,0,0
STU0831,4,2024-2025,0,0,0,0
STU0832,1,2023-2024,0,0,0,0
STU0832,2,2023-2024,0,0,0,0
STU0832,3,2024-2025,0,0,0,0
STU0832,4,2024-2025,0,0,0,0
STU0833,1,2023-2024,0,0,0,0
STU0833,2,2023-2024,0,0,0,0
STU0833,3,2024-2025,2,0,0,0
STU0833,4,2024-2025,2,0,0,0
STU0834,1,2023-2024,2,0,0,0
STU0834,2,2023-2024,1,0,0,0
STU0834,3,2024-2025,1,0,0,0
STU0834,4,2024-2025,1,0,0,0
STU0835,1,2023-2024,0,0,0,0
STU0835,2,2023-2024,0,0,0,0
STU0835,3,2024-2025,0,0,0,0
STU0835,4,2024-2025,2,0,0,0
STU0836,1,2023-2024,3,1,0,0
STU0836,2,2023-2024,2,0,0,0
STU0836,3,2024-2025,2,0,0,0
STU0836,4,2024-2025,0,0,0,0
STU0837,1,2023-2024,0,0,0,0
STU0837,2,2023-2024,1,0,0,0
STU0837,3,2024-2025,1,0,0,0
STU0837,4,2024-2025,0,0,0,0
STU0838,1,2023-2024,0,0,0,0
STU0838,2,2023-2024,0,0,0,0
STU0838,3,2024-2025,0,0,0,0
STU0838,4,2024-2025,0,0,0,0
STU0839,1,2023-2024,4,1,1,0
STU0839,2,2023-2024,5,1,1,1
STU0839,3,2024-2025,4,1,1,0
STU0839,4,2024-2025,3,1,0,0
STU0840,1,2023-2024,0,0,0,0
STU0840,2,2023-2024,0,0,0,0
STU0840,3,2024-2025,3,1,0,0
STU0840,4,2024-2025,0,0,0,0
STU0841,1,2023-2024,0,0,0,0
STU0841,2,2023-2024,0,0,0,0
STU0841,3,2024-2025,0,0,0,0
STU0841,4,2024-2025,0,0,0,0
STU0842,1,2023-2024,1,0,0,0
STU0842,2,2023-2024,0,0,0,0
STU0842,3,2024-2025,2,0,0,0
STU0842,4,2024-2025,2,0,0,0
STU0843,1,2023-2024,0,0,0,0
STU0843,2,2023-2024,0,0,0,0
STU0843,3,2024-2025,0,0,0,0
STU0843,4,2024-2025,0,0,0,0
STU0844,1,2023-2024,1,0,0,0
STU0844,2,2023-2024,0,0,0,0
STU0844,3,2024-2025,1,0,0,0
STU0844,4,2024-2025,0,0,0,0
STU0845,1,2023-2024,1,0,0,0
STU0845,2,2023-2024,3,1,0,0
STU0845,3,2024-2025,0,0,0,0
STU0845,4,2024-2025,0,0,0,0
STU0846,1,2023-2024,1,0,0,0
STU0846,2,2023-2024,2,0,0,0
STU0846,3,2024-2025,1,0,0,0
STU0846,4,2024-2025,2,0,0,0
STU0847,1,2023-2024,0,0,0,0
STU0847,2,2023-2024,4,1,1,0
STU0847,3,2024-2025,1,0,0,0
STU0847,4,2024-2025,1,0,0,0
STU0848,1,2023-2024,2,0,0,0
STU0848,2,2023-2024,2,0,0,0
STU0848,3,2024-2025,1,0,0,0
STU0848,4,2024-2025,5,1,1,1
STU0849,1,2023-2024,2,0,0,0
STU0849,2,2023-2024,1,0,0,0
STU0849,3,2024-2025,2,0,0,0
STU0849,4,2024-2025,4,1,1,0
STU0850,1,2023-2024,4,1,1,0
STU0850,2,2023-2024,1,0,0,0
STU0850,3,2024-2025,2,0,0,0
STU0850,4,2024-2025,2,0,0,0
STU0851,1,2023-2024,0,0,0,0
STU0851,2,2023-2024,0,0,0,0
STU0851,3,2024-2025,0,0,0,0
STU0851,4,2024-2025,0,0,0,0
STU0852,1,2023-2024,1,0,0,0
STU0852,2,2023-2024,0,0,0,0
STU0852,3,2024-2025,0,0,0,0
STU0852,4,2024-2025,4,1,1,0
STU0853,1,2023-2024,2,0,0,0
STU0853,2,2023-2024,2,0,0,0
STU0853,3,2024-2025,1,0,0,0
STU0853,4,2024-2025,6,1,1,1
STU0854,1,2023-2024,0,0,0,0
STU0854,2,2023-2024,1,0,0,0
STU0854,3,2024-2025,1,0,0,0
STU0854,4,2024-2025,0,0,0,0
STU0855,1,2023-2024,0,0,0,0
STU0855,2,2023-2024,0,0,0,0
STU0855,3,2024-2025,0,0,0,0
STU0855,4,2024-2025,0,0,0,0
STU0856,1,2023-2024,1,0,0,0
STU0856,2,2023-2024,2,0,0,0
STU0856,3,2024-2025,3,1,0,0
STU0856,4,2024-2025,3,1,0,0
STU0857,1,2023-2024,0,0,0,0
STU0857,2,2023-2024,1,0,0,0
STU0857,3,2024-2025,0,0,0,0
STU0857,4,2024-2025,1,0,0,0
STU0858,1,2023-2024,1,0,0,0
STU0858,2,2023-2024,1,0,0,0
STU0858,3,2024-2025,1,0,0,0
STU0858,4,2024-2025,1,0,0,0
STU0859,1,2023-2024,2,0,0,0
STU0859,2,2023-2024,1,0,0,0
STU0859,3,2024-2025,3,1,0,0
STU0859,4,2024-2025,3,1,0,0
STU0860,1,2023-2024,3,1,0,0
STU0860,2,2023-2024,2,0,0,0
STU0860,3,2024-2025,2,0,0,0
STU0860,4,2024-2025,0,0,0,0
STU0861,1,2023-2024,1,0,0,0
STU0861,2,2023-2024,4,1,1,0
STU0861,3,2024-2025,2,0,0,0
STU0861,4,2024-2025,1,0,0,0
STU0862,1,2023-2024,0,0,0,0
STU0862,2,2023-2024,0,0,0,0
STU0862,3,2024-2025,0,0,0,0
STU0862,4,2024-2025,0,0,0,0
STU0863,1,2023-2024,2,0,0,0
STU0863,2,2023-2024,1,0,0,0
STU0863,3,2024-2025,2,0,0,0
STU0863,4,2024-2025,0,0,0,0
STU0864,1,2023-2024,2,0,0,0
STU0864,2,2023-2024,3,1,0,0
STU0864,3,2024-2025,2,0,0,0
STU0864,4,2024-2025,2,0,0,0
STU0865,1,2023-2024,2,0,0,0
STU0865,2,2023-2024,2,0,0,0
STU0865,3,2024-2025,3,1,0,0
STU0865,4,2024-2025,0,0,0,0
STU0866,1,2023-2024,0,0,0,0
STU0866,2,2023-2024,0,0,0,0
STU0866,3,2024-2025,0,0,0,0
STU0866,4,2024-2025,0,0,0,0
STU0867,1,2023-2024,0,0,0,0
STU0867,2,2023-2024,0,0,0,0
STU0867,3,2024-2025,1,0,0,0
STU0867,4,2024-2025,0,0,0,0
STU0868,1,2023-2024,0,0,0,0
STU0868,2,2023-2024,1,0,0,0
STU0868,3,2024-2025,2,0,0,0
STU0868,4,2024-2025,1,0,0,0
STU0869,1,2023-2024,4,1,1,0
STU0869,2,2023-2024,2,0,0,0
STU0869,3,2024-2025,3,1,0,0
STU0869,4,2024-2025,1,0,0,0
STU0870,1,2023-2024,1,0,0,0
STU0870,2,2023-2024,1,0,0,0
STU0870,3,2024-2025,0,0,0,0
STU0870,4,2024-2025,0,0,0,0
STU0871,1,2023-2024,0,0,0,0
STU0871,2,2023-2024,0,0,0,0
STU0871,3,2024-2025,0,0,0,0
STU0871,4,2024-2025,0,0,0,0
STU0872,1,2023-2024,0,0,0,0
STU0872,2,2023-2024,0,0,0,0
STU0872,3,2024-2025,0,0,0,0
STU0872,4,2024-2025,0,0,0,0
STU0873,1,2023-2024,1,0,0,0
STU0873,2,2023-2024,0,0,0,0
STU0873,3,2024-2025,0,0,0,0
STU0873,4,2024-2025,0,0,0,0
STU0874,1,2023-2024,2,0,0,0
STU0874,2,2023-2024,1,0,0,0
STU0874,3,2024-2025,1,0,0,0
STU0874,4,2024-2025,3,1,0,0
STU0875,1,2023-2024,0,0,0,0
STU0875,2,2023-2024,1,0,0,0
STU0875,3,2024-2025,2,0,0,0
STU0875,4,2024-2025,1,0,0,0
STU0876,1,2023-2024,0,0,0,0
STU0876,2,2023-2024,0,0,0,0
STU0876,3,2024-2025,0,0,0,0
STU0876,4,2024-2025,0,0,0,0
STU0877,1,2023-2024,0,0,0,0
STU0877,2,2023-2024,0,0,0,0
STU0877,3,2024-2025,0,0,0,0
STU0877,4,2024-2025,0,0,0,0
STU0878,1,2023-2024,0,0,0,0
STU0878,2,2023-2024,0,0,0,0
STU0878,3,2024-2025,0,0,0,0
STU0878,4,2024-2025,0,0,0,0
STU0879,1,2023-2024,2,0,0,0
STU0879,2,2023-2024,3,1,0,0
STU0879,3,2024-2025,1,0,0,0
STU0879,4,2024-2025,2,0,0,0
STU0880,1,2023-2024,0,0,0,0
STU0880,2,2023-2024,0,0,0,0
STU0880,3,2024-2025,0,0,0,0
STU0880,4,2024-2025,0,0,0,0
STU0881,1,2023-2024,0,0,0,0
STU0881,2,2023-2024,0,0,0,0
STU0881,3,2024-2025,0,0,0,0
STU0881,4,2024-2025,0,0,0,0
STU0882,1,2023-2024,2,0,0,0
STU0882,2,2023-2024,1,0,0,0
STU0882,3,2024-2025,5,1,1,1
STU0882,4,2024-2025,4,1,1,0
STU0883,1,2023-2024,0,0,0,0
STU0883,2,2023-2024,0,0,0,0
STU0883,3,2024-2025,0,0,0,0
STU0883,4,2024-2025,0,0,0,0
STU0884,1,2023-2024,1,0,0,0
STU0884,2,2023-2024,2,0,0,0
STU0884,3,2024-2025,3,1,0,0
STU0884,4,2024-2025,2,0,0,0
STU0885,1,2023-2024,4,1,1,0
STU0885,2,2023-2024,1,0,0,0
STU0885,3,2024-2025,4,1,1,0
STU0885,4,2024-2025,6,1,1,1
STU0886,1,2023-2024,0,0,0,0
STU0886,2,2023-2024,0,0,0,0
STU0886,3,2024-2025,2,0,0,0
STU0886,4,2024-2025,0,0,0,0
STU0887,1,2023-2024,0,0,0,0
STU0887,2,2023-2024,0,0,0,0
STU0887,3,2024-2025,0,0,0,0
STU0887,4,2024-2025,0,0,0,0
STU0888,1,2023-2024,1,0,0,0
STU0888,2,2023-2024,0,0,0,0
STU0888,3,2024-2025,1,0,0,0
STU0888,4,2024-2025,0,0,0,0
STU0889,1,2023-2024,1,0,0,0
STU0889,2,2023-2024,2,0,0,0
STU0889,3,2024-2025,0,0,0,0
STU0889,4,2024-2025,3,1,0,0
STU0890,1,2023-2024,1,0,0,0
STU0890,2,2023-2024,2,0,0,0
STU0890,3,2024-2025,2,0,0,0
STU0890,4,2024-2025,4,1,1,0
STU0891,1,2023-2024,2,0,0,0
STU0891,2,2023-2024,2,0,0,0
STU0891,3,2024-2025,6,1,1,1
STU0891,4,2024-2025,0,0,0,0
STU0892,1,2023-2024,0,0,0,0
STU0892,2,2023-2024,0,0,0,0
STU0892,3,2024-2025,0,0,0,0
STU0892,4,2024-2025,0,0,0,0
STU0893,1,2023-2024,0,0,0,0
STU0893,2,2023-2024,0,0,0,0
STU0893,3,2024-2025,0,0,0,0
STU0893,4,2024-2025,0,0,0,0
STU0894,1,2023-2024,2,0,0,0
STU0894,2,2023-2024,2,0,0,0
STU0894,3,2024-2025,0,0,0,0
STU0894,4,2024-2025,1,0,0,0
STU0895,1,2023-2024,0,0,0,0
STU0895,2,2023-2024,2,0,0,0
STU0895,3,2024-2025,1,0,0,0
STU0895,4,2024-2025,0,0,0,0
STU0896,1,2023-2024,1,0,0,0
STU0896,2,2023-2024,1,0,0,0
STU0896,3,2024-2025,3,1,0,0
STU0896,4,2024-2025,5,1,1,1
STU0897,1,2023-2024,0,0,0,0
STU0897,2,2023-2024,0,0,0,0
STU0897,3,2024-2025,1,0,0,0
STU0897,4,2024-2025,0,0,0,0
STU0898,1,2023-2024,1,0,0,0
STU0898,2,2023-2024,0,0,0,0
STU0898,3,2024-2025,0,0,0,0
STU0898,4,2024-2025,0,0,0,0
STU0899,1,2023-2024,1,0,0,0
STU0899,2,2023-2024,5,1,1,1
STU0899,3,2024-2025,2,0,0,0
STU0899,4,2024-2025,3,1,0,0
STU0900,1,2023-2024,0,0,0,0
STU0900,2,2023-2024,1,0,0,0
STU0900,3,2024-2025,0,0,0,0
STU0900,4,2024-2025,0,0,0,0
STU0901,1,2023-2024,5,1,1,1
STU0901,2,2023-2024,2,0,0,0
STU0901,3,2024-2025,2,0,0,0
STU0901,4,2024-2025,2,0,0,0
STU0902,1,2023-2024,0,0,0,0
STU0902,2,2023-2024,1,0,0,0
STU0902,3,2024-2025,1,0,0,0
STU0902,4,2024-2025,2,0,0,0
STU0903,1,2023-2024,2,0,0,0
STU0903,2,2023-2024,0,0,0,0
STU0903,3,2024-2025,5,1,1,1
STU0903,4,2024-2025,1,0,0,0
STU0904,1,2023-2024,2,0,0,0
STU0904,2,2023-2024,1,0,0,0
STU0904,3,2024-2025,0,0,0,0
STU0904,4,2024-2025,0,0,0,0
STU0905,1,2023-2024,1,0,0,0
STU0905,2,2023-2024,0,0,0,0
STU0905,3,2024-2025,0,0,0,0
STU0905,4,2024-2025,1,0,0,0
STU0906,1,2023-2024,2,0,0,0
STU0906,2,2023-2024,0,0,0,0
STU0906,3,2024-2025,0,0,0,0
STU0906,4,2024-2025,0,0,0,0
STU0907,1,2023-2024,0,0,0,0
STU0907,2,2023-2024,0,0,0,0
STU0907,3,2024-2025,0,0,0,0
STU0907,4,2024-2025,0,0,0,0
STU0908,1,2023-2024,0,0,0,0
STU0908,2,2023-2024,0,0,0,0
STU0908,3,2024-2025,0,0,0,0
STU0908,4,2024-2025,0,0,0,0
STU0909,1,2023-2024,1,0,0,0
STU0909,2,2023-2024,1,0,0,0
STU0909,3,2024-2025,0,0,0,0
STU0909,4,2024-2025,4,1,1,0
STU0910,1,2023-2024,0,0,0,0
STU0910,2,2023-2024,0,0,0,0
STU0910,3,2024-2025,0,0,0,0
STU0910,4,2024-2025,0,0,0,0
STU0911,1,2023-2024,0,0,0,0
STU0911,2,2023-2024,0,0,0,0
STU0911,3,2024-2025,0,0,0,0
STU0911,4,2024-2025,0,0,0,0
STU0912,1,2023-2024,3,1,0,0
STU0912,2,2023-2024,2,0,0,0
STU0912,3,2024-2025,4,1,1,0
STU0912,4,2024-2025,2,0,0,0
STU0913,1,2023-2024,0,0,0,0
STU0913,2,2023-2024,0,0,0,0
STU0913,3,2024-2025,0,0,0,0
STU0913,4,2024-2025,0,0,0,0
STU0914,1,2023-2024,0,0,0,0
STU0914,2,2023-2024,0,0,0,0
STU0914,3,2024-2025,0,0,0,0
STU0914,4,2024-2025,0,0,0,0
STU0915,1,2023-2024,0,0,0,0
STU0915,2,2023-2024,2,0,0,0
STU0915,3,2024-2025,0,0,0,0
STU0915,4,2024-2025,2,0,0,0
STU0916,1,2023-2024,0,0,0,0
STU0916,2,2023-2024,1,0,0,0
STU0916,3,2024-2025,1,0,0,0
STU0916,4,2024-2025,0,0,0,0
STU0917,1,2023-2024,4,1,1,0
STU0917,2,2023-2024,1,0,0,0
STU0917,3,2024-2025,4,1,1,0
STU0917,4,2024-2025,0,0,0,0
STU0918,1,2023-2024,0,0,0,0
STU0918,2,2023-2024,0,0,0,0
STU0918,3,2024-2025,0,0,0,0
STU0918,4,2024-2025,0,0,0,0
STU0919,1,2023-2024,0,0,0,0
STU0919,2,2023-2024,0,0,0,0
STU0919,3,2024-2025,1,0,0,0
STU0919,4,2024-2025,0,0,0,0
STU0920,1,2023-2024,2,0,0,0
STU0920,2,2023-2024,1,0,0,0
STU0920,3,2024-2025,0,0,0,0
STU0920,4,2024-2025,0,0,0,0
STU0921,1,2023-2024,0,0,0,0
STU0921,2,2023-2024,0,0,0,0
STU0921,3,2024-2025,0,0,0,0
STU0921,4,2024-2025,0,0,0,0
STU0922,1,2023-2024,0,0,0,0
STU0922,2,2023-2024,1,0,0,0
STU0922,3,2024-2025,1,0,0,0
STU0922,4,2024-2025,1,0,0,0
STU0923,1,2023-2024,0,0,0,0
STU0923,2,2023-2024,1,0,0,0
STU0923,3,2024-2025,0,0,0,0
STU0923,4,2024-2025,3,1,0,0
STU0924,1,2023-2024,3,1,0,0
STU0924,2,2023-2024,2,0,0,0
STU0924,3,2024-2025,2,0,0,0
STU0924,4,2024-2025,0,0,0,0
STU0925,1,2023-2024,0,0,0,0
STU0925,2,2023-2024,0,0,0,0
STU0925,3,2024-2025,0,0,0,0
STU0925,4,2024-2025,0,0,0,0
STU0926,1,2023-2024,1,0,0,0
STU0926,2,2023-2024,1,0,0,0
STU0926,3,2024-2025,0,0,0,0
STU0926,4,2024-2025,0,0,0,0
STU0927,1,2023-2024,0,0,0,0
STU0927,2,2023-2024,1,0,0,0
STU0927,3,2024-2025,1,0,0,0
STU0927,4,2024-2025,0,0,0,0
STU0928,1,2023-2024,1,0,0,0
STU0928,2,2023-2024,3,1,0,0
STU0928,3,2024-2025,0,0,0,0
STU0928,4,2024-2025,1,0,0,0
STU0929,1,2023-2024,0,0,0,0
STU0929,2,2023-2024,0,0,0,0
STU0929,3,2024-2025,0,0,0,0
STU0929,4,2024-2025,0,0,0,0
STU0930,1,2023-2024,1,0,0,0
STU0930,2,2023-2024,3,1,0,0
STU0930,3,2024-2025,3,1,0,0
STU0930,4,2024-2025,1,0,0,0
STU0931,1,2023-2024,0,0,0,0
STU0931,2,2023-2024,0,0,0,0
STU0931,3,2024-2025,1,0,0,0
STU0931,4,2024-2025,2,0,0,0
STU0932,1,2023-2024,2,0,0,0
STU0932,2,2023-2024,2,0,0,0
STU0932,3,2024-2025,5,1,1,1
STU0932,4,2024-2025,0,0,0,0
STU0933,1,2023-2024,0,0,0,0
STU0933,2,2023-2024,0,0,0,0
STU0933,3,2024-2025,0,0,0,0
STU0933,4,2024-2025,0,0,0,0
STU0934,1,2023-2024,0,0,0,0
STU0934,2,2023-2024,0,0,0,0
STU0934,3,2024-2025,0,0,0,0
STU0934,4,2024-2025,0,0,0,0
STU0935,1,2023-2024,2,0,0,0
STU0935,2,2023-2024,4,1,1,0
STU0935,3,2024-2025,0,0,0,0
STU0935,4,2024-2025,2,0,0,0
STU0936,1,2023-2024,0,0,0,0
STU0936,2,2023-2024,0,0,0,0
STU0936,3,2024-2025,1,0,0,0
STU0936,4,2024-2025,2,0,0,0
STU0937,1,2023-2024,1,0,0,0
STU0937,2,2023-2024,1,0,0,0
STU0937,3,2024-2025,1,0,0,0
STU0937,4,2024-2025,1,0,0,0
STU0938,1,2023-2024,0,0,0,0
STU0938,2,2023-2024,4,1,1,0
STU0938,3,2024-2025,1,0,0,0
STU0938,4,2024-2025,2,0,0,0
STU0939,1,2023-2024,2,0,0,0
STU0939,2,2023-2024,1,0,0,0
STU0939,3,2024-2025,1,0,0,0
STU0939,4,2024-2025,0,0,0,0
STU0940,1,2023-2024,0,0,0,0
STU0940,2,2023-2024,0,0,0,0
STU0940,3,2024-2025,0,0,0,0
STU0940,4,2024-2025,0,0,0,0
STU0941,1,2023-2024,6,1,1,1
STU0941,2,2023-2024,2,0,0,0
STU0941,3,2024-2025,3,1,0,0
STU0941,4,2024-2025,1,0,0,0
STU0942,1,2023-2024,3,1,0,0
STU0942,2,2023-2024,1,0,0,0
STU0942,3,2024-2025,3,1,0,0
STU0942,4,2024-2025,2,0,0,0
STU0943,1,2023-2024,0,0,0,0
STU0943,2,2023-2024,0,0,0,0
STU0943,3,2024-2025,0,0,0,0
STU0943,4,2024-2025,0,0,0,0
STU0944,1,2023-2024,1,0,0,0
STU0944,2,2023-2024,0,0,0,0
STU0944,3,2024-2025,1,0,0,0
STU0944,4,2024-2025,0,0,0,0
STU0945,1,2023-2024,0,0,0,0
STU0945,2,2023-2024,0,0,0,0
STU0945,3,2024-2025,0,0,0,0
STU0945,4,2024-2025,1,0,0,0
STU0946,1,2023-2024,0,0,0,0
STU0946,2,2023-2024,2,0,0,0
STU0946,3,2024-2025,0,0,0,0
STU0946,4,2024-2025,0,0,0,0
STU0947,1,2023-2024,2,0,0,0
STU0947,2,2023-2024,6,1,1,1
STU0947,3,2024-2025,4,1,1,0
STU0947,4,2024-2025,0,0,0,0
STU0948,1,2023-2024,0,0,0,0
STU0948,2,2023-2024,0,0,0,0
STU0948,3,2024-2025,0,0,0,0
STU0948,4,2024-2025,0,0,0,0
STU0949,1,2023-2024,1,0,0,0
STU0949,2,2023-2024,1,0,0,0
STU0949,3,2024-2025,3,1,0,0
STU0949,4,2024-2025,2,0,0,0
STU0950,1,2023-2024,0,0,0,0
STU0950,2,2023-2024,2,0,0,0
STU0950,3,2024-2025,0,0,0,0
STU0950,4,2024-2025,0,0,0,0
STU0951,1,2023-2024,0,0,0,0
STU0951,2,2023-2024,0,0,0,0
STU0951,3,2024-2025,0,0,0,0
STU0951,4,2024-2025,0,0,0,0
STU0952,1,2023-2024,0,0,0,0
STU0952,2,2023-2024,0,0,0,0
STU0952,3,2024-2025,0,0,0,0
STU0952,4,2024-2025,0,0,0,0
STU0953,1,2023-2024,0,0,0,0
STU0953,2,2023-2024,0,0,0,0
STU0953,3,2024-2025,0,0,0,0
STU0953,4,2024-2025,0,0,0,0
STU0954,1,2023-2024,2,0,0,0
STU0954,2,2023-2024,0,0,0,0
STU0954,3,2024-2025,1,0,0,0
STU0954,4,2024-2025,1,0,0,0
STU0955,1,2023-2024,1,0,0,0
STU0955,2,2023-2024,0,0,0,0
STU0955,3,2024-2025,1,0,0,0
STU0955,4,2024-2025,1,0,0,0
STU0956,1,2023-2024,1,0,0,0
STU0956,2,2023-2024,1,0,0,0
STU0956,3,2024-2025,1,0,0,0
STU0956,4,2024-2025,0,0,0,0
STU0957,1,2023-2024,1,0,0,0
STU0957,2,2023-2024,1,0,0,0
STU0957,3,2024-2025,0,0,0,0
STU0957,4,2024-2025,0,0,0,0
STU0958,1,2023-2024,1,0,0,0
STU0958,2,2023-2024,1,0,0,0
STU0958,3,2024-2025,0,0,0,0
STU0958,4,2024-2025,1,0,0,0
STU0959,1,2023-2024,4,1,1,0
STU0959,2,2023-2024,0,0,0,0
STU0959,3,2024-2025,2,0,0,0
STU0959,4,2024-2025,1,0,0,0
STU0960,1,2023-2024,0,0,0,0
STU0960,2,2023-2024,2,0,0,0
STU0960,3,2024-2025,2,0,0,0
STU0960,4,2024-2025,3,1,0,0
STU0961,1,2023-2024,1,0,0,0
STU0961,2,2023-2024,2,0,0,0
STU0961,3,2024-2025,1,0,0,0
STU0961,4,2024-2025,2,0,0,0
STU0962,1,2023-2024,0,0,0,0
STU0962,2,2023-2024,0,0,0,0
STU0962,3,2024-2025,1,0,0,0
STU0962,4,2024-2025,1,0,0,0
STU0963,1,2023-2024,1,0,0,0
STU0963,2,2023-2024,0,0,0,0
STU0963,3,2024-2025,4,1,1,0
STU0963,4,2024-2025,2,0,0,0
STU0964,1,2023-2024,0,0,0,0
STU0964,2,2023-2024,0,0,0,0
STU0964,3,2024-2025,0,0,0,0
STU0964,4,2024-2025,0,0,0,0
STU0965,1,2023-2024,1,0,0,0
STU0965,2,2023-2024,2,0,0,0
STU0965,3,2024-2025,4,1,1,0
STU0965,4,2024-2025,0,0,0,0
STU0966,1,2023-2024,1,0,0,0
STU0966,2,2023-2024,5,1,1,1
STU0966,3,2024-2025,0,0,0,0
STU0966,4,2024-2025,0,0,0,0
STU0967,1,2023-2024,2,0,0,0
STU0967,2,2023-2024,0,0,0,0
STU0967,3,2024-2025,0,0,0,0
STU0967,4,2024-2025,0,0,0,0
STU0968,1,2023-2024,1,0,0,0
STU0968,2,2023-2024,0,0,0,0
STU0968,3,2024-2025,1,0,0,0
STU0968,4,2024-2025,2,0,0,0
STU0969,1,2023-2024,0,0,0,0
STU0969,2,2023-2024,0,0,0,0
STU0969,3,2024-2025,0,0,0,0
STU0969,4,2024-2025,0,0,0,0
STU0970,1,2023-2024,0,0,0,0
STU0970,2,2023-2024,0,0,0,0
STU0970,3,2024-2025,0,0,0,0
STU0970,4,2024-2025,0,0,0,0
STU0971,1,2023-2024,0,0,0,0
STU0971,2,2023-2024,0,0,0,0
STU0971,3,2024-2025,0,0,0,0
STU0971,4,2024-2025,1,0,0,0
STU0972,1,2023-2024,1,0,0,0
STU0972,2,2023-2024,3,1,0,0
STU0972,3,2024-2025,2,0,0,0
STU0972,4,2024-2025,0,0,0,0
STU0973,1,2023-2024,3,1,0,0
STU0973,2,2023-2024,2,0,0,0
STU0973,3,2024-2025,3,1,0,0
STU0973,4,2024-2025,4,1,1,0
STU0974,1,2023-2024,0,0,0,0
STU0974,2,2023-2024,0,0,0,0
STU0974,3,2024-2025,0,0,0,0
STU0974,4,2024-2025,0,0,0,0
STU0975,1,2023-2024,0,0,0,0
STU0975,2,2023-2024,0,0,0,0
STU0975,3,2024-2025,1,0,0,0
STU0975,4,2024-2025,3,1,0,0
STU0976,1,2023-2024,0,0,0,0
STU0976,2,2023-2024,1,0,0,0
STU0976,3,2024-2025,0,0,0,0
STU0976,4,2024-2025,2,0,0,0
STU0977,1,2023-2024,0,0,0,0
STU0977,2,2023-2024,0,0,0,0
STU0977,3,2024-2025,1,0,0,0
STU0977,4,2024-2025,0,0,0,0
STU0978,1,2023-2024,0,0,0,0
STU0978,2,2023-2024,0,0,0,0
STU0978,3,2024-2025,0,0,0,0
STU0978,4,2024-2025,0,0,0,0
STU0979,1,2023-2024,2,0,0,0
STU0979,2,2023-2024,4,1,1,0
STU0979,3,2024-2025,2,0,0,0
STU0979,4,2024-2025,3,1,0,0
STU0980,1,2023-2024,0,0,0,0
STU0980,2,2023-2024,0,0,0,0
STU0980,3,2024-2025,0,0,0,0
STU0980,4,2024-2025,0,0,0,0
STU0981,1,2023-2024,0,0,0,0
STU0981,2,2023-2024,0,0,0,0
STU0981,3,2024-2025,0,0,0,0
STU0981,4,2024-2025,0,0,0,0
STU0982,1,2023-2024,0,0,0,0
STU0982,2,2023-2024,0,0,0,0
STU0982,3,2024-2025,0,0,0,0
STU0982,4,2024-2025,0,0,0,0
STU0983,1,2023-2024,5,1,1,1
STU0983,2,2023-2024,0,0,0,0
STU0983,3,2024-2025,1,0,0,0
STU0983,4,2024-2025,0,0,0,0
STU0984,1,2023-2024,1,0,0,0
STU0984,2,2023-2024,0,0,0,0
STU0984,3,2024-2025,1,0,0,0
STU0984,4,2024-2025,1,0,0,0
STU0985,1,2023-2024,0,0,0,0
STU0985,2,2023-2024,0,0,0,0
STU0985,3,2024-2025,0,0,0,0
STU0985,4,2024-2025,0,0,0,0
STU0986,1,2023-2024,0,0,0,0
STU0986,2,2023-2024,0,0,0,0
STU0986,3,2024-2025,1,0,0,0
STU0986,4,2024-2025,2,0,0,0
STU0987,1,2023-2024,0,0,0,0
STU0987,2,2023-2024,0,0,0,0
STU0987,3,2024-2025,0,0,0,0
STU0987,4,2024-2025,0,0,0,0
STU0988,1,2023-2024,0,0,0,0
STU0988,2,2023-2024,1,0,0,0
STU0988,3,2024-2025,1,0,0,0
STU0988,4,2024-2025,1,0,0,0
STU0989,1,2023-2024,0,0,0,0
STU0989,2,2023-2024,1,0,0,0
STU0989,3,2024-2025,0,0,0,0
STU0989,4,2024-2025,1,0,0,0
STU0990,1,2023-2024,1,0,0,0
STU0990,2,2023-2024,3,1,0,0
STU0990,3,2024-2025,1,0,0,0
STU0990,4,2024-2025,0,0,0,0
STU0991,1,2023-2024,1,0,0,0
STU0991,2,2023-2024,0,0,0,0
STU0991,3,2024-2025,0,0,0,0
STU0991,4,2024-2025,0,0,0,0
STU0992,1,2023-2024,2,0,0,0
STU0992,2,2023-2024,2,0,0,0
STU0992,3,2024-2025,1,0,0,0
STU0992,4,2024-2025,3,1,0,0
STU0993,1,2023-2024,3,1,0,0
STU0993,2,2023-2024,1,0,0,0
STU0993,3,2024-2025,0,0,0,0
STU0993,4,2024-2025,0,0,0,0
STU0994,1,2023-2024,2,0,0,0
STU0994,2,2023-2024,0,0,0,0
STU0994,3,2024-2025,2,0,0,0
STU0994,4,2024-2025,0,0,0,0
STU0995,1,2023-2024,3,1,0,0
STU0995,2,2023-2024,1,0,0,0
STU0995,3,2024-2025,1,0,0,0
STU0995,4,2024-2025,1,0,0,0
STU0996,1,2023-2024,3,1,0,0
STU0996,2,2023-2024,2,0,0,0
STU0996,3,2024-2025,1,0,0,0
STU0996,4,2024-2025,2,0,0,0
STU0997,1,2023-2024,0,0,0,0
STU0997,2,2023-2024,0,0,0,0
STU0997,3,2024-2025,1,0,0,0
STU0997,4,2024-2025,0,0,0,0
STU0998,1,2023-2024,0,0,0,0
STU0998,2,2023-2024,1,0,0,0
STU0998,3,2024-2025,1,0,0,0
STU0998,4,2024-2025,1,0,0,0
STU0999,1,2023-2024,0,0,0,0
STU0999,2,2023-2024,0,0,0,0
STU0999,3,2024-2025,0,0,0,0
STU0999,4,2024-2025,0,0,0,0
STU1000,1,2023-2024,0,0,0,0
STU1000,2,2023-2024,1,0,0,0
STU1000,3,2024-2025,1,0,0,0
STU1000,4,2024-2025,1,0,0,0
