student_id,semester,academic_year,cgpa,internal_marks,backlogs
STU0001,1,2023-2024,5.95,28.6,0
STU0001,2,2023-2024,5.34,23.84,0
STU0001,3,2024-2025,5.59,23.41,0
STU0001,4,2024-2025,5.61,28.69,0
STU0002,1,2023-2024,5.27,30.03,0
STU0002,2,2023-2024,5.05,18.5,0
STU0002,3,2024-2025,5.39,32.12,1
STU0002,4,2024-2025,5.5,25.11,0
STU0003,1,2023-2024,9.46,47.75,0
STU0003,2,2023-2024,9.77,47.79,0
STU0003,3,2024-2025,9.84,45.68,0
STU0003,4,2024-2025,9.65,46.28,0
STU0004,1,2023-2024,8.68,49.11,0
STU0004,2,2023-2024,9.45,42.84,0
STU0004,3,2024-2025,8.88,36.64,0
STU0004,4,2024-2025,8.93,48.74,0
STU0005,1,2023-2024,7.41,46.38,0
STU0005,2,2023-2024,7.38,41.71,0
STU0005,3,2024-2025,7.39,41.36,0
STU0005,4,2024-2025,7.37,31.49,0
STU0006,1,2023-2024,4.81,24.32,2
STU0006,2,2023-2024,4.91,27.14,1
STU0006,3,2024-2025,4.69,21.01,0
STU0006,4,2024-2025,5.09,25.75,1
STU0007,1,2023-2024,10.0,48.33,0
STU0007,2,2023-2024,10.0,43.37,0
STU0007,3,2024-2025,10.0,49.9,0
STU0007,4,2024-2025,9.09,43.27,0
STU0008,1,2023-2024,7.37,35.81,0
STU0008,2,2023-2024,7.65,42.31,0
STU0008,3,2024-2025,7.91,47.29,0
STU0008,4,2024-2025,7.37,46.43,0
STU0009,1,2023-2024,7.35,42.52,0
STU0009,2,2023-2024,7.53,41.94,0
STU0009,3,2024-2025,7.07,41.72,0
STU0009,4,2024-2025,7.22,36.47,0
STU0010,1,2023-2024,4.3,11.93,1
STU0010,2,2023-2024,4.8,23.64,2
STU0010,3,2024-2025,5.21,18.1,0
STU0010,4,2024-2025,4.94,23.11,0
STU0011,1,2023-2024,6.79,28.85,0
STU0011,2,2023-2024,6.21,25.15,0
STU0011,3,2024-2025,7.14,40.61,0
STU0011,4,2024-2025,6.73,23.32,0
STU0012,1,2023-2024,6.97,32.06,0
STU0012,2,2023-2024,7.64,42.45,0
STU0012,3,2024-2025,6.59,25.35,0
STU0012,4,2024-2025,6.98,35.04,0
STU0013,1,2023-2024,8.72,41.39,0
STU0013,2,2023-2024,8.7,43.62,0
STU0013,3,2024-2025,8.27,38.37,0
STU0013,4,2024-2025,8.39,43.13,0
STU0014,1,2023-2024,6.16,35.81,0
STU0014,2,2023-2024,5.96,30.65,0
STU0014,3,2024-2025,6.45,30.64,0
STU0014,4,2024-2025,6.55,31.52,0
STU0015,1,2023-2024,8.74,44.62,0
STU0015,2,2023-2024,8.18,39.17,0
STU0015,3,2024-2025,7.78,43.27,0
STU0015,4,2024-2025,7.91,40.39,0
STU0016,1,2023-2024,9.27,43.39,0
STU0016,2,2023-2024,8.61,47.18,0
STU0016,3,2024-2025,9.06,45.29,0
STU0016,4,2024-2025,8.78,50.0,0
STU0017,1,2023-2024,5.68,27.95,0
STU0017,2,2023-2024,5.87,31.86,0
STU0017,3,2024-2025,5.63,19.8,2
STU0017,4,2024-2025,6.44,21.78,0
STU0018,1,2023-2024,6.82,44.13,0
STU0018,2,2023-2024,6.95,43.07,0
STU0018,3,2024-2025,6.44,33.11,0
STU0018,4,2024-2025,6.97,30.1,0
STU0019,1,2023-2024,5.3,29.68,0
STU0019,2,2023-2024,5.66,29.18,2
STU0019,3,2024-2025,5.45,31.37,0
STU0019,4,2024-2025,5.48,32.1,0
STU0020,1,2023-2024,6.74,26.97,0
STU0020,2,2023-2024,6.45,29.71,0
STU0020,3,2024-2025,6.13,26.29,0
STU0020,4,2024-2025,6.34,22.04,0
STU0021,1,2023-2024,5.54,23.56,1
STU0021,2,2023-2024,5.6,29.42,1
STU0021,3,2024-2025,6.25,28.68,0
STU0021,4,2024-2025,6.03,33.55,0
STU0022,1,2023-2024,5.87,29.46,0
STU0022,2,2023-2024,6.79,33.46,0
STU0022,3,2024-2025,6.44,31.26,0
STU0022,4,2024-2025,6.35,33.6,0
STU0023,1,2023-2024,5.51,30.78,0
STU0023,2,2023-2024,5.18,22.35,0
STU0023,3,2024-2025,5.58,29.61,2
STU0023,4,2024-2025,5.39,21.8,0
STU0024,1,2023-2024,3.83,11.21,1
STU0024,2,2023-2024,4.21,28.55,0
STU0024,3,2024-2025,4.53,21.74,0
STU0024,4,2024-2025,4.73,30.62,0
STU0025,1,2023-2024,8.76,42.18,0
STU0025,2,2023-2024,9.03,45.35,0
STU0025,3,2024-2025,8.87,49.0,0
STU0025,4,2024-2025,9.5,46.98,0
STU0026,1,2023-2024,5.41,29.78,0
STU0026,2,2023-2024,4.72,17.15,1
STU0026,3,2024-2025,5.14,24.38,0
STU0026,4,2024-2025,5.43,33.21,1
STU0027,1,2023-2024,5.18,30.9,0
STU0027,2,2023-2024,5.27,27.74,0
STU0027,3,2024-2025,5.23,26.89,0
STU0027,4,2024-2025,5.1,26.48,1
STU0028,1,2023-2024,6.79,28.45,0
STU0028,2,2023-2024,6.6,33.86,0
STU0028,3,2024-2025,6.78,28.1,0
STU0028,4,2024-2025,6.87,34.85,0
STU0029,1,2023-2024,3.94,22.47,0
STU0029,2,2023-2024,3.73,25.63,0
STU0029,3,2024-2025,4.17,21.11,0
STU0029,4,2024-2025,3.92,18.22,0
STU0030,1,2023-2024,3.94,18.76,0
STU0030,2,2023-2024,3.89,26.76,0
STU0030,3,2024-2025,3.65,21.08,0
STU0030,4,2024-2025,3.75,14.97,1
STU0031,1,2023-2024,7.28,42.96,0
STU0031,2,2023-2024,7.41,48.66,0
STU0031,3,2024-2025,7.54,32.37,0
STU0031,4,2024-2025,6.72,35.56,0
STU0032,1,2023-2024,7.08,32.13,0
STU0032,2,2023-2024,7.18,26.9,0
STU0032,3,2024-2025,7.35,44.38,0
STU0032,4,2024-2025,7.04,33.38,0
STU0033,1,2023-2024,7.82,36.56,0
STU0033,2,2023-2024,7.75,38.61,0
STU0033,3,2024-2025,7.28,36.96,0
STU0033,4,2024-2025,8.14,34.74,0
STU0034,1,2023-2024,7.44,38.56,0
STU0034,2,2023-2024,7.59,36.79,0
STU0034,3,2024-2025,6.78,39.9,0
STU0034,4,2024-2025,6.86,30.39,0
STU0035,1,2023-2024,8.27,38.94,0
STU0035,2,2023-2024,7.98,45.99,0
STU0035,3,2024-2025,8.03,37.52,0
STU0035,4,2024-2025,8.41,43.72,0
STU0036,1,2023-2024,7.05,34.67,0
STU0036,2,2023-2024,6.23,34.1,0
STU0036,3,2024-2025,6.69,34.35,0
STU0036,4,2024-2025,7.46,47.62,0
STU0037,1,2023-2024,7.2,36.97,0
STU0037,2,2023-2024,7.52,43.6,0
STU0037,3,2024-2025,7.08,37.03,0
STU0037,4,2024-2025,8.03,34.59,0
STU0038,1,2023-2024,6.43,31.01,0
STU0038,2,2023-2024,6.67,33.87,0
STU0038,3,2024-2025,6.7,37.03,0
STU0038,4,2024-2025,6.3,32.97,0
STU0039,1,2023-2024,8.32,50.0,0
STU0039,2,2023-2024,7.47,34.96,0
STU0039,3,2024-2025,7.87,40.93,0
STU0039,4,2024-2025,7.87,45.88,0
STU0040,1,2023-2024,8.28,37.74,0
STU0040,2,2023-2024,8.77,38.53,0
STU0040,3,2024-2025,8.55,50.0,0
STU0040,4,2024-2025,8.97,50.0,0
STU0041,1,2023-2024,4.84,26.22,1
STU0041,2,2023-2024,4.89,27.39,0
STU0041,3,2024-2025,4.77,26.4,2
STU0041,4,2024-2025,4.68,28.92,0
STU0042,1,2023-2024,8.9,47.79,0
STU0042,2,2023-2024,8.95,44.66,0
STU0042,3,2024-2025,8.8,46.13,0
STU0042,4,2024-2025,9.01,45.38,0
STU0043,1,2023-2024,9.76,49.18,0
STU0043,2,2023-2024,9.7,48.73,0
STU0043,3,2024-2025,8.87,43.27,0
STU0043,4,2024-2025,9.1,43.95,0
STU0044,1,2023-2024,7.88,40.1,0
STU0044,2,2023-2024,7.74,38.05,0
STU0044,3,2024-2025,8.11,45.31,0
STU0044,4,2024-2025,8.07,40.19,0
STU0045,1,2023-2024,7.41,32.12,0
STU0045,2,2023-2024,7.6,35.17,0
STU0045,3,2024-2025,7.26,32.26,0
STU0045,4,2024-2025,7.07,34.04,0
STU0046,1,2023-2024,5.48,23.48,0
STU0046,2,2023-2024,5.1,24.64,1
STU0046,3,2024-2025,5.8,26.65,0
STU0046,4,2024-2025,5.73,25.33,2
STU0047,1,2023-2024,9.11,48.35,0
STU0047,2,2023-2024,9.22,50.0,0
STU0047,3,2024-2025,8.51,39.4,0
STU0047,4,2024-2025,9.13,47.78,0
STU0048,1,2023-2024,9.05,44.38,0
STU0048,2,2023-2024,8.86,43.55,0
STU0048,3,2024-2025,9.06,37.04,0
STU0048,4,2024-2025,9.43,48.17,0
STU0049,1,2023-2024,8.54,47.49,0
STU0049,2,2023-2024,8.29,39.08,0
STU0049,3,2024-2025,8.76,43.5,0
STU0049,4,2024-2025,8.29,42.42,0
STU0050,1,2023-2024,3.19,13.41,1
STU0050,2,2023-2024,3.21,21.27,0
STU0050,3,2024-2025,3.43,23.53,0
STU0050,4,2024-2025,3.75,17.1,0
STU0051,1,2023-2024,9.02,50.0,0
STU0051,2,2023-2024,8.56,46.13,0
STU0051,3,2024-2025,8.72,50.0,0
STU0051,4,2024-2025,8.78,42.01,0
STU0052,1,2023-2024,8.01,32.01,0
STU0052,2,2023-2024,7.2,46.93,0
STU0052,3,2024-2025,7.3,34.37,0
STU0052,4,2024-2025,7.18,38.05,0
STU0053,1,2023-2024,6.79,44.45,0
STU0053,2,2023-2024,7.21,43.13,0
STU0053,3,2024-2025,7.08,29.33,0
STU0053,4,2024-2025,6.75,26.06,0
STU0054,1,2023-2024,5.1,23.67,0
STU0054,2,2023-2024,5.53,33.83,1
STU0054,3,2024-2025,5.38,28.66,0
STU0054,4,2024-2025,5.1,20.36,0
STU0055,1,2023-2024,4.46,19.31,0
STU0055,2,2023-2024,4.65,25.65,0
STU0055,3,2024-2025,4.24,19.26,0
STU0055,4,2024-2025,4.83,28.25,1
STU0056,1,2023-2024,5.61,30.33,1
STU0056,2,2023-2024,5.33,27.63,1
STU0056,3,2024-2025,5.71,29.79,0
STU0056,4,2024-2025,5.52,32.88,0
STU0057,1,2023-2024,7.06,38.0,0
STU0057,2,2023-2024,6.96,33.33,0
STU0057,3,2024-2025,7.13,43.23,0
STU0057,4,2024-2025,6.91,25.81,0
STU0058,1,2023-2024,5.69,27.37,0
STU0058,2,2023-2024,6.07,28.73,0
STU0058,3,2024-2025,6.11,32.12,0
STU0058,4,2024-2025,6.56,26.36,0
STU0059,1,2023-2024,6.75,26.75,0
STU0059,2,2023-2024,7.13,34.72,0
STU0059,3,2024-2025,6.7,37.55,0
STU0059,4,2024-2025,6.39,36.1,0
STU0060,1,2023-2024,9.63,41.87,0
STU0060,2,2023-2024,9.3,49.35,0
STU0060,3,2024-2025,8.95,50.0,0
STU0060,4,2024-2025,9.36,49.55,0
STU0061,1,2023-2024,5.51,29.66,0
STU0061,2,2023-2024,5.53,22.45,0
STU0061,3,2024-2025,5.38,23.37,0
STU0061,4,2024-2025,5.55,27.01,0
STU0062,1,2023-2024,6.38,36.18,0
STU0062,2,2023-2024,5.85,36.56,0
STU0062,3,2024-2025,6.61,34.72,0
STU0062,4,2024-2025,6.04,30.01,0
STU0063,1,2023-2024,7.82,43.59,0
STU0063,2,2023-2024,8.94,50.0,0
STU0063,3,2024-2025,8.22,48.14,0
STU0063,4,2024-2025,8.58,50.0,0
STU0064,1,2023-2024,6.79,34.45,0
STU0064,2,2023-2024,7.33,29.03,0
STU0064,3,2024-2025,7.55,35.46,0
STU0064,4,2024-2025,7.47,40.71,0
STU0065,1,2023-2024,8.3,46.84,0
STU0065,2,2023-2024,7.96,33.03,0
STU0065,3,2024-2025,8.37,38.9,0
STU0065,4,2024-2025,8.11,45.6,0
STU0066,1,2023-2024,9.65,39.57,0
STU0066,2,2023-2024,9.18,50.0,0
STU0066,3,2024-2025,9.36,45.79,0
STU0066,4,2024-2025,9.35,46.45,0
STU0067,1,2023-2024,6.75,40.52,0
STU0067,2,2023-2024,7.03,30.93,0
STU0067,3,2024-2025,6.1,33.21,0
STU0067,4,2024-2025,6.84,28.27,0
STU0068,1,2023-2024,9.04,50.0,0
STU0068,2,2023-2024,8.67,36.92,0
STU0068,3,2024-2025,8.8,38.5,0
STU0068,4,2024-2025,8.3,43.51,0
STU0069,1,2023-2024,8.48,43.87,0
STU0069,2,2023-2024,8.53,40.03,0
STU0069,3,2024-2025,8.35,50.0,0
STU0069,4,2024-2025,8.53,48.64,0
STU0070,1,2023-2024,8.98,45.37,0
STU0070,2,2023-2024,8.85,43.67,0
STU0070,3,2024-2025,9.06,49.69,0
STU0070,4,2024-2025,8.64,46.38,0
STU0071,1,2023-2024,9.74,50.0,0
STU0071,2,2023-2024,9.06,41.14,0
STU0071,3,2024-2025,9.19,39.12,0
STU0071,4,2024-2025,9.59,50.0,0
STU0072,1,2023-2024,7.67,36.2,0
STU0072,2,2023-2024,7.73,29.33,0
STU0072,3,2024-2025,7.85,31.64,0
STU0072,4,2024-2025,7.42,38.05,0
STU0073,1,2023-2024,7.4,45.67,0
STU0073,2,2023-2024,7.53,37.2,0
STU0073,3,2024-2025,7.84,32.86,0
STU0073,4,2024-2025,8.01,38.89,0
STU0074,1,2023-2024,9.78,45.23,0
STU0074,2,2023-2024,9.83,47.52,0
STU0074,3,2024-2025,9.39,41.27,0
STU0074,4,2024-2025,9.85,49.61,0
STU0075,1,2023-2024,5.67,30.49,0
STU0075,2,2023-2024,5.66,31.71,0
STU0075,3,2024-2025,5.36,20.6,0
STU0075,4,2024-2025,5.8,24.95,0
STU0076,1,2023-2024,6.4,26.01,0
STU0076,2,2023-2024,6.53,23.46,0
STU0076,3,2024-2025,6.38,27.15,0
STU0076,4,2024-2025,6.13,36.59,0
STU0077,1,2023-2024,4.29,20.02,1
STU0077,2,2023-2024,4.1,20.86,0
STU0077,3,2024-2025,3.82,20.0,0
STU0077,4,2024-2025,3.95,22.9,0
STU0078,1,2023-2024,7.47,43.28,0
STU0078,2,2023-2024,7.31,26.7,0
STU0078,3,2024-2025,7.9,34.92,0
STU0078,4,2024-2025,7.69,27.7,0
STU0079,1,2023-2024,8.86,40.35,0
STU0079,2,2023-2024,8.84,46.85,0
STU0079,3,2024-2025,8.0,45.21,0
STU0079,4,2024-2025,8.33,37.37,0
STU0080,1,2023-2024,6.91,38.38,0
STU0080,2,2023-2024,6.66,32.88,0
STU0080,3,2024-2025,6.75,29.12,0
STU0080,4,2024-2025,7.11,47.77,0
STU0081,1,2023-2024,7.65,34.48,0
STU0081,2,2023-2024,7.88,41.84,0
STU0081,3,2024-2025,7.24,39.6,0
STU0081,4,2024-2025,8.25,40.38,0
STU0082,1,2023-2024,9.34,49.05,0
STU0082,2,2023-2024,8.63,36.71,0
STU0082,3,2024-2025,8.67,42.8,0
STU0082,4,2024-2025,8.97,46.29,0
STU0083,1,2023-2024,5.73,26.19,0
STU0083,2,2023-2024,5.23,22.56,3
STU0083,3,2024-2025,5.96,28.3,0
STU0083,4,2024-2025,5.89,22.47,0
STU0084,1,2023-2024,8.88,41.41,0
STU0084,2,2023-2024,9.28,45.15,0
STU0084,3,2024-2025,9.88,46.49,0
STU0084,4,2024-2025,9.95,49.22,0
STU0085,1,2023-2024,6.82,37.3,0
STU0085,2,2023-2024,7.46,40.22,0
STU0085,3,2024-2025,7.15,36.88,0
STU0085,4,2024-2025,6.64,29.11,0
STU0086,1,2023-2024,8.68,39.27,0
STU0086,2,2023-2024,9.07,38.61,0
STU0086,3,2024-2025,9.06,44.84,0
STU0086,4,2024-2025,8.76,50.0,0
STU0087,1,2023-2024,5.17,20.92,0
STU0087,2,2023-2024,5.36,28.44,1
STU0087,3,2024-2025,5.01,26.92,0
STU0087,4,2024-2025,5.41,26.32,1
STU0088,1,2023-2024,9.51,43.26,0
STU0088,2,2023-2024,9.29,50.0,0
STU0088,3,2024-2025,9.03,38.2,0
STU0088,4,2024-2025,8.98,37.73,0
STU0089,1,2023-2024,6.69,31.14,0
STU0089,2,2023-2024,6.88,36.01,0
STU0089,3,2024-2025,6.97,34.3,0
STU0089,4,2024-2025,7.17,35.82,0
STU0090,1,2023-2024,5.32,16.22,0
STU0090,2,2023-2024,5.54,25.78,1
STU0090,3,2024-2025,5.71,27.55,1
STU0090,4,2024-2025,5.42,22.84,0
STU0091,1,2023-2024,8.63,45.92,0
STU0091,2,2023-2024,8.56,39.44,0
STU0091,3,2024-2025,8.76,37.56,0
STU0091,4,2024-2025,8.62,38.24,0
STU0092,1,2023-2024,6.3,29.65,0
STU0092,2,2023-2024,6.57,30.59,0
STU0092,3,2024-2025,6.41,33.65,0
STU0092,4,2024-2025,6.68,27.89,0
STU0093,1,2023-2024,3.95,27.31,1
STU0093,2,2023-2024,4.24,23.34,0
STU0093,3,2024-2025,4.41,16.38,1
STU0093,4,2024-2025,3.25,16.54,1
STU0094,1,2023-2024,9.28,38.17,0
STU0094,2,2023-2024,9.57,46.46,0
STU0094,3,2024-2025,8.88,46.46,0
STU0094,4,2024-2025,9.23,50.0,0
STU0095,1,2023-2024,4.86,17.23,1
STU0095,2,2023-2024,5.33,28.87,0
STU0095,3,2024-2025,4.65,31.49,0
STU0095,4,2024-2025,4.27,17.56,0
STU0096,1,2023-2024,4.69,14.18,0
STU0096,2,2023-2024,5.36,31.09,0
STU0096,3,2024-2025,5.05,25.13,1
STU0096,4,2024-2025,5.46,22.59,0
STU0097,1,2023-2024,8.84,38.25,0
STU0097,2,2023-2024,8.78,42.1,0
STU0097,3,2024-2025,9.19,44.14,0
STU0097,4,2024-2025,8.77,49.56,0
STU0098,1,2023-2024,8.25,37.89,0
STU0098,2,2023-2024,8.53,41.95,0
STU0098,3,2024-2025,8.12,49.02,0
STU0098,4,2024-2025,8.34,42.47,0
STU0099,1,2023-2024,9.17,44.58,0
STU0099,2,2023-2024,8.8,49.75,0
STU0099,3,2024-2025,8.55,42.0,0
STU0099,4,2024-2025,8.72,36.94,0
STU0100,1,2023-2024,6.6,29.63,0
STU0100,2,2023-2024,6.08,29.13,0
STU0100,3,2024-2025,6.59,42.22,0
STU0100,4,2024-2025,6.41,33.26,0
STU0101,1,2023-2024,8.26,41.64,0
STU0101,2,2023-2024,7.81,44.05,0
STU0101,3,2024-2025,8.16,45.5,0
STU0101,4,2024-2025,8.05,37.25,0
STU0102,1,2023-2024,10.0,47.79,0
STU0102,2,2023-2024,9.55,44.03,0
STU0102,3,2024-2025,9.28,43.23,0
STU0102,4,2024-2025,9.76,49.33,0
STU0103,1,2023-2024,6.59,37.25,0
STU0103,2,2023-2024,6.64,28.52,0
STU0103,3,2024-2025,7.21,39.32,0
STU0103,4,2024-2025,7.02,34.48,0
STU0104,1,2023-2024,8.89,41.03,0
STU0104,2,2023-2024,9.26,47.92,0
STU0104,3,2024-2025,8.72,49.02,0
STU0104,4,2024-2025,9.12,44.96,0
STU0105,1,2023-2024,5.67,28.03,0
STU0105,2,2023-2024,5.94,25.22,0
STU0105,3,2024-2025,5.74,28.07,0
STU0105,4,2024-2025,5.87,35.21,1
STU0106,1,2023-2024,5.74,29.31,1
STU0106,2,2023-2024,6.18,36.39,0
STU0106,3,2024-2025,6.04,24.92,0
STU0106,4,2024-2025,5.64,22.48,0
STU0107,1,2023-2024,4.47,18.12,0
STU0107,2,2023-2024,4.21,25.46,0
STU0107,3,2024-2025,4.89,20.41,0
STU0107,4,2024-2025,3.98,11.98,1
STU0108,1,2023-2024,5.94,27.28,1
STU0108,2,2023-2024,6.05,31.08,0
STU0108,3,2024-2025,6.25,31.91,0
STU0108,4,2024-2025,5.98,30.57,1
STU0109,1,2023-2024,6.63,37.42,0
STU0109,2,2023-2024,6.71,37.61,0
STU0109,3,2024-2025,7.35,33.91,0
STU0109,4,2024-2025,7.04,34.25,0
STU0110,1,2023-2024,7.3,32.1,0
STU0110,2,2023-2024,8.18,39.69,0
STU0110,3,2024-2025,7.87,36.04,0
STU0110,4,2024-2025,6.62,35.72,0
STU0111,1,2023-2024,5.25,27.5,0
STU0111,2,2023-2024,5.49,24.24,0
STU0111,3,2024-2025,5.22,30.21,1
STU0111,4,2024-2025,5.3,30.99,0
STU0112,1,2023-2024,6.44,34.23,0
STU0112,2,2023-2024,5.9,38.89,0
STU0112,3,2024-2025,6.89,30.51,0
STU0112,4,2024-2025,6.4,33.45,0
STU0113,1,2023-2024,8.14,33.22,0
STU0113,2,2023-2024,8.17,35.86,0
STU0113,3,2024-2025,8.06,40.41,0
STU0113,4,2024-2025,7.1,36.89,0
STU0114,1,2023-2024,8.36,31.54,0
STU0114,2,2023-2024,8.7,50.0,0
STU0114,3,2024-2025,8.82,47.87,0
STU0114,4,2024-2025,9.07,43.63,0
STU0115,1,2023-2024,9.69,38.89,0
STU0115,2,2023-2024,9.53,50.0,0
STU0115,3,2024-2025,9.65,35.11,0
STU0115,4,2024-2025,9.79,49.59,0
STU0116,1,2023-2024,5.39,31.28,0
STU0116,2,2023-2024,5.3,32.51,2
STU0116,3,2024-2025,5.41,30.79,1
STU0116,4,2024-2025,5.53,19.22,2
STU0117,1,2023-2024,8.43,48.9,0
STU0117,2,2023-2024,8.39,39.71,0
STU0117,3,2024-2025,8.47,50.0,0
STU0117,4,2024-2025,8.91,49.46,0
STU0118,1,2023-2024,8.94,44.06,0
STU0118,2,2023-2024,9.22,41.06,0
STU0118,3,2024-2025,9.51,48.99,0
STU0118,4,2024-2025,9.96,39.31,0
STU0119,1,2023-2024,6.53,33.04,0
STU0119,2,2023-2024,6.54,20.34,0
STU0119,3,2024-2025,6.9,37.04,0
STU0119,4,2024-2025,6.12,35.17,0
STU0120,1,2023-2024,9.24,46.83,0
STU0120,2,2023-2024,8.61,46.78,0
STU0120,3,2024-2025,8.95,47.79,0
STU0120,4,2024-2025,9.46,42.32,0
STU0121,1,2023-2024,7.85,40.83,0
STU0121,2,2023-2024,8.12,45.76,0
STU0121,3,2024-2025,8.13,38.23,0
STU0121,4,2024-2025,8.57,39.16,0
STU0122,1,2023-2024,7.52,34.73,0
STU0122,2,2023-2024,7.65,42.01,0
STU0122,3,2024-2025,7.71,39.26,0
STU0122,4,2024-2025,8.14,35.74,0
STU0123,1,2023-2024,9.32,37.36,0
STU0123,2,2023-2024,9.34,47.46,0
STU0123,3,2024-2025,9.51,50.0,0
STU0123,4,2024-2025,9.34,44.15,0
STU0124,1,2023-2024,7.67,38.23,0
STU0124,2,2023-2024,8.01,37.32,0
STU0124,3,2024-2025,7.25,26.37,0
STU0124,4,2024-2025,7.51,34.5,0
STU0125,1,2023-2024,6.25,23.76,0
STU0125,2,2023-2024,5.82,30.51,0
STU0125,3,2024-2025,6.48,28.39,0
STU0125,4,2024-2025,6.27,32.49,0
STU0126,1,2023-2024,3.99,18.2,0
STU0126,2,2023-2024,3.87,24.33,0
STU0126,3,2024-2025,4.24,24.26,3
STU0126,4,2024-2025,3.96,10.75,1
STU0127,1,2023-2024,8.16,42.95,0
STU0127,2,2023-2024,8.34,45.0,0
STU0127,3,2024-2025,8.19,47.68,0
STU0127,4,2024-2025,7.74,40.96,0
STU0128,1,2023-2024,8.22,37.26,0
STU0128,2,2023-2024,8.36,36.89,0
STU0128,3,2024-2025,8.37,37.99,0
STU0128,4,2024-2025,8.61,45.15,0
STU0129,1,2023-2024,6.51,37.42,0
STU0129,2,2023-2024,7.04,40.64,0
STU0129,3,2024-2025,6.95,32.91,0
STU0129,4,2024-2025,7.17,45.65,0
STU0130,1,2023-2024,9.29,49.97,0
STU0130,2,2023-2024,8.05,39.12,0
STU0130,3,2024-2025,8.84,46.43,0
STU0130,4,2024-2025,8.61,46.83,0
STU0131,1,2023-2024,8.06,37.75,0
STU0131,2,2023-2024,7.54,36.85,0
STU0131,3,2024-2025,7.41,33.94,0
STU0131,4,2024-2025,7.45,31.15,0
STU0132,1,2023-2024,10.0,47.23,0
STU0132,2,2023-2024,9.68,41.18,0
STU0132,3,2024-2025,9.65,41.89,0
STU0132,4,2024-2025,10.0,50.0,0
STU0133,1,2023-2024,7.17,34.16,0
STU0133,2,2023-2024,7.95,46.97,0
STU0133,3,2024-2025,7.46,44.2,0
STU0133,4,2024-2025,7.34,33.07,0
STU0134,1,2023-2024,5.88,23.03,0
STU0134,2,2023-2024,5.8,28.48,0
STU0134,3,2024-2025,5.86,31.16,0
STU0134,4,2024-2025,5.92,28.94,3
STU0135,1,2023-2024,5.72,35.05,0
STU0135,2,2023-2024,5.9,30.08,2
STU0135,3,2024-2025,5.75,24.25,0
STU0135,4,2024-2025,5.61,18.54,0
STU0136,1,2023-2024,4.95,29.02,0
STU0136,2,2023-2024,4.15,19.13,0
STU0136,3,2024-2025,4.69,17.19,3
STU0136,4,2024-2025,4.91,13.04,0
STU0137,1,2023-2024,6.78,33.34,0
STU0137,2,2023-2024,7.53,38.55,0
STU0137,3,2024-2025,6.92,27.13,0
STU0137,4,2024-2025,7.47,32.8,0
STU0138,1,2023-2024,7.79,41.39,0
STU0138,2,2023-2024,7.84,42.55,0
STU0138,3,2024-2025,6.91,38.14,0
STU0138,4,2024-2025,7.75,38.91,0
STU0139,1,2023-2024,8.01,46.29,0
STU0139,2,2023-2024,8.07,37.5,0
STU0139,3,2024-2025,7.64,46.57,0
STU0139,4,2024-2025,7.87,41.83,0
STU0140,1,2023-2024,10.0,46.15,0
STU0140,2,2023-2024,9.22,48.34,0
STU0140,3,2024-2025,9.99,50.0,0
STU0140,4,2024-2025,10.0,50.0,0
STU0141,1,2023-2024,8.63,50.0,0
STU0141,2,2023-2024,8.81,41.26,0
STU0141,3,2024-2025,8.74,44.45,0
STU0141,4,2024-2025,9.11,49.7,0
STU0142,1,2023-2024,8.09,38.63,0
STU0142,2,2023-2024,8.04,43.49,0
STU0142,3,2024-2025,8.28,49.12,0
STU0142,4,2024-2025,7.68,34.56,0
STU0143,1,2023-2024,7.17,47.55,0
STU0143,2,2023-2024,6.99,31.14,0
STU0143,3,2024-2025,6.48,31.4,0
STU0143,4,2024-2025,6.78,34.05,0
STU0144,1,2023-2024,4.92,24.91,0
STU0144,2,2023-2024,5.24,23.77,0
STU0144,3,2024-2025,4.71,24.0,0
STU0144,4,2024-2025,4.45,20.44,2
STU0145,1,2023-2024,6.5,23.85,0
STU0145,2,2023-2024,6.94,34.59,0
STU0145,3,2024-2025,6.88,20.83,0
STU0145,4,2024-2025,6.48,29.66,0
STU0146,1,2023-2024,8.0,37.67,0
STU0146,2,2023-2024,8.28,37.78,0
STU0146,3,2024-2025,8.01,36.26,0
STU0146,4,2024-2025,7.86,41.15,0
STU0147,1,2023-2024,9.74,49.44,0
STU0147,2,2023-2024,9.58,50.0,0
STU0147,3,2024-2025,9.97,50.0,0
STU0147,4,2024-2025,9.9,50.0,0
STU0148,1,2023-2024,6.5,39.01,0
STU0148,2,2023-2024,6.03,33.61,0
STU0148,3,2024-2025,6.93,34.62,0
STU0148,4,2024-2025,6.13,36.61,0
STU0149,1,2023-2024,9.4,48.51,0
STU0149,2,2023-2024,8.38,50.0,0
STU0149,3,2024-2025,9.43,50.0,0
STU0149,4,2024-2025,9.4,45.75,0
STU0150,1,2023-2024,4.63,29.43,1
STU0150,2,2023-2024,5.02,25.08,0
STU0150,3,2024-2025,5.27,26.94,0
STU0150,4,2024-2025,5.31,30.22,1
STU0151,1,2023-2024,5.92,28.46,0
STU0151,2,2023-2024,6.12,26.52,0
STU0151,3,2024-2025,5.18,18.5,0
STU0151,4,2024-2025,5.82,28.76,0
STU0152,1,2023-2024,4.54,15.17,1
STU0152,2,2023-2024,4.35,20.89,1
STU0152,3,2024-2025,4.53,22.83,0
STU0152,4,2024-2025,4.42,25.15,0
STU0153,1,2023-2024,9.56,47.45,0
STU0153,2,2023-2024,9.25,39.93,0
STU0153,3,2024-2025,8.99,50.0,0
STU0153,4,2024-2025,8.99,50.0,0
STU0154,1,2023-2024,5.16,33.49,0
STU0154,2,2023-2024,4.72,20.93,0
STU0154,3,2024-2025,4.97,25.24,0
STU0154,4,2024-2025,5.15,20.23,1
STU0155,1,2023-2024,9.7,50.0,0
STU0155,2,2023-2024,10.0,46.96,0
STU0155,3,2024-2025,9.59,46.11,0
STU0155,4,2024-2025,9.34,49.25,0
STU0156,1,2023-2024,7.68,38.38,0
STU0156,2,2023-2024,7.78,40.73,0
STU0156,3,2024-2025,8.16,37.85,0
STU0156,4,2024-2025,7.49,33.67,0
STU0157,1,2023-2024,9.64,50.0,0
STU0157,2,2023-2024,9.56,47.24,0
STU0157,3,2024-2025,8.29,37.83,0
STU0157,4,2024-2025,8.9,46.34,0
STU0158,1,2023-2024,5.93,25.28,1
STU0158,2,2023-2024,5.83,18.06,0
STU0158,3,2024-2025,5.79,34.3,1
STU0158,4,2024-2025,5.85,37.98,1
STU0159,1,2023-2024,9.6,50.0,0
STU0159,2,2023-2024,9.26,49.62,0
STU0159,3,2024-2025,9.45,50.0,0
STU0159,4,2024-2025,9.48,47.78,0
STU0160,1,2023-2024,6.95,34.57,0
STU0160,2,2023-2024,7.38,41.27,0
STU0160,3,2024-2025,7.14,35.98,0
STU0160,4,2024-2025,6.8,28.49,0
STU0161,1,2023-2024,6.97,37.05,0
STU0161,2,2023-2024,6.91,34.56,0
STU0161,3,2024-2025,7.18,28.42,0
STU0161,4,2024-2025,7.91,37.11,0
STU0162,1,2023-2024,4.79,18.37,0
STU0162,2,2023-2024,5.09,29.72,0
STU0162,3,2024-2025,5.17,25.79,0
STU0162,4,2024-2025,5.0,21.67,0
STU0163,1,2023-2024,8.9,36.49,0
STU0163,2,2023-2024,8.44,43.36,0
STU0163,3,2024-2025,8.6,37.6,0
STU0163,4,2024-2025,9.05,48.1,0
STU0164,1,2023-2024,8.36,39.76,0
STU0164,2,2023-2024,9.15,35.6,0
STU0164,3,2024-2025,9.32,45.95,0
STU0164,4,2024-2025,9.27,50.0,0
STU0165,1,2023-2024,5.8,34.57,0
STU0165,2,2023-2024,6.02,24.75,0
STU0165,3,2024-2025,5.18,19.33,1
STU0165,4,2024-2025,6.39,31.86,0
STU0166,1,2023-2024,4.41,22.3,1
STU0166,2,2023-2024,4.87,26.56,0
STU0166,3,2024-2025,4.27,31.57,0
STU0166,4,2024-2025,4.34,29.83,0
STU0167,1,2023-2024,7.82,29.57,0
STU0167,2,2023-2024,7.99,40.08,0
STU0167,3,2024-2025,7.38,34.95,0
STU0167,4,2024-2025,7.43,43.58,0
STU0168,1,2023-2024,4.55,32.73,0
STU0168,2,2023-2024,4.67,19.87,0
STU0168,3,2024-2025,4.75,23.54,0
STU0168,4,2024-2025,4.21,16.55,1
STU0169,1,2023-2024,8.56,39.21,0
STU0169,2,2023-2024,9.21,46.21,0
STU0169,3,2024-2025,9.18,50.0,0
STU0169,4,2024-2025,8.47,48.18,0
STU0170,1,2023-2024,6.17,28.02,0
STU0170,2,2023-2024,5.7,29.28,3
STU0170,3,2024-2025,6.53,33.37,0
STU0170,4,2024-2025,6.19,24.5,0
STU0171,1,2023-2024,8.36,36.59,0
STU0171,2,2023-2024,8.54,41.43,0
STU0171,3,2024-2025,8.02,35.85,0
STU0171,4,2024-2025,8.16,31.22,0
STU0172,1,2023-2024,8.51,44.49,0
STU0172,2,2023-2024,7.91,43.9,0
STU0172,3,2024-2025,8.77,42.97,0
STU0172,4,2024-2025,8.5,48.73,0
STU0173,1,2023-2024,5.52,37.47,1
STU0173,2,2023-2024,5.61,29.17,1
STU0173,3,2024-2025,5.8,26.73,2
STU0173,4,2024-2025,6.05,42.12,0
STU0174,1,2023-2024,6.96,32.3,0
STU0174,2,2023-2024,7.19,29.58,0
STU0174,3,2024-2025,7.38,39.69,0
STU0174,4,2024-2025,7.2,40.21,0
STU0175,1,2023-2024,5.66,32.37,0
STU0175,2,2023-2024,5.02,28.25,2
STU0175,3,2024-2025,5.97,25.34,0
STU0175,4,2024-2025,5.38,19.78,0
STU0176,1,2023-2024,6.91,29.26,0
STU0176,2,2023-2024,6.76,32.55,0
STU0176,3,2024-2025,6.26,41.83,0
STU0176,4,2024-2025,6.27,38.16,0
STU0177,1,2023-2024,6.39,28.95,0
STU0177,2,2023-2024,5.66,31.09,0
STU0177,3,2024-2025,6.82,29.75,0
STU0177,4,2024-2025,7.35,37.82,0
STU0178,1,2023-2024,6.57,42.98,0
STU0178,2,2023-2024,6.11,30.4,0
STU0178,3,2024-2025,6.24,37.13,0
STU0178,4,2024-2025,6.31,38.1,0
STU0179,1,2023-2024,7.37,33.2,0
STU0179,2,2023-2024,7.13,35.5,0
STU0179,3,2024-2025,6.98,30.67,0
STU0179,4,2024-2025,6.42,26.68,0
STU0180,1,2023-2024,6.95,28.2,0
STU0180,2,2023-2024,6.29,45.04,0
STU0180,3,2024-2025,6.62,38.48,0
STU0180,4,2024-2025,6.38,26.41,0
STU0181,1,2023-2024,7.07,38.18,0
STU0181,2,2023-2024,6.55,36.5,0
STU0181,3,2024-2025,5.48,23.91,0
STU0181,4,2024-2025,6.41,31.01,0
STU0182,1,2023-2024,5.14,25.59,1
STU0182,2,2023-2024,5.01,27.96,2
STU0182,3,2024-2025,4.6,22.16,0
STU0182,4,2024-2025,4.72,23.92,1
STU0183,1,2023-2024,5.75,29.04,0
STU0183,2,2023-2024,5.96,42.81,1
STU0183,3,2024-2025,5.7,30.21,1
STU0183,4,2024-2025,5.99,35.31,0
STU0184,1,2023-2024,4.67,25.47,0
STU0184,2,2023-2024,4.93,22.03,0
STU0184,3,2024-2025,4.92,29.4,1
STU0184,4,2024-2025,4.87,29.77,0
STU0185,1,2023-2024,7.73,48.64,0
STU0185,2,2023-2024,7.57,31.8,0
STU0185,3,2024-2025,7.67,44.72,0
STU0185,4,2024-2025,7.55,50.0,0
STU0186,1,2023-2024,6.09,31.28,0
STU0186,2,2023-2024,6.01,36.68,0
STU0186,3,2024-2025,5.83,31.11,0
STU0186,4,2024-2025,6.26,32.83,0
STU0187,1,2023-2024,8.99,46.53,0
STU0187,2,2023-2024,8.92,48.06,0
STU0187,3,2024-2025,8.69,43.91,0
STU0187,4,2024-2025,9.45,49.77,0
STU0188,1,2023-2024,8.57,40.83,0
STU0188,2,2023-2024,8.7,49.81,0
STU0188,3,2024-2025,8.46,37.76,0
STU0188,4,2024-2025,8.6,41.17,0
STU0189,1,2023-2024,7.89,35.77,0
STU0189,2,2023-2024,7.2,20.3,0
STU0189,3,2024-2025,7.15,40.33,0
STU0189,4,2024-2025,7.2,34.68,0
STU0190,1,2023-2024,8.43,42.69,0
STU0190,2,2023-2024,9.01,45.22,0
STU0190,3,2024-2025,8.22,45.39,0
STU0190,4,2024-2025,8.58,44.68,0
STU0191,1,2023-2024,6.96,29.01,0
STU0191,2,2023-2024,7.14,31.26,0
STU0191,3,2024-2025,7.17,37.93,0
STU0191,4,2024-2025,7.57,40.21,0
STU0192,1,2023-2024,3.99,12.7,0
STU0192,2,2023-2024,4.04,22.53,0
STU0192,3,2024-2025,4.27,24.11,0
STU0192,4,2024-2025,4.08,17.07,1
STU0193,1,2023-2024,1.8,9.27,2
STU0193,2,2023-2024,1.68,18.89,0
STU0193,3,2024-2025,2.13,7.95,0
STU0193,4,2024-2025,2.19,12.94,1
STU0194,1,2023-2024,9.96,50.0,0
STU0194,2,2023-2024,9.33,36.42,0
STU0194,3,2024-2025,10.0,48.64,0
STU0194,4,2024-2025,9.76,50.0,0
STU0195,1,2023-2024,5.24,26.1,0
STU0195,2,2023-2024,5.64,20.83,0
STU0195,3,2024-2025,5.03,16.88,0
STU0195,4,2024-2025,5.82,33.11,1
STU0196,1,2023-2024,6.0,29.04,0
STU0196,2,2023-2024,5.71,19.33,0
STU0196,3,2024-2025,5.63,32.46,1
STU0196,4,2024-2025,5.49,36.46,1
STU0197,1,2023-2024,8.11,43.47,0
STU0197,2,2023-2024,7.98,42.98,0
STU0197,3,2024-2025,7.74,39.95,0
STU0197,4,2024-2025,8.39,42.56,0
STU0198,1,2023-2024,6.96,31.65,0
STU0198,2,2023-2024,7.16,32.62,0
STU0198,3,2024-2025,7.97,37.84,0
STU0198,4,2024-2025,7.53,37.52,0
STU0199,1,2023-2024,6.85,39.31,0
STU0199,2,2023-2024,6.3,36.46,0
STU0199,3,2024-2025,6.43,24.44,0
STU0199,4,2024-2025,7.06,40.31,0
STU0200,1,2023-2024,7.13,32.2,0
STU0200,2,2023-2024,7.98,44.18,0
STU0200,3,2024-2025,8.17,37.69,0
STU0200,4,2024-2025,7.47,35.73,0
STU0201,1,2023-2024,6.84,34.61,0
STU0201,2,2023-2024,6.27,36.04,0
STU0201,3,2024-2025,6.33,19.85,0
STU0201,4,2024-2025,6.18,33.62,0
STU0202,1,2023-2024,5.24,22.69,0
STU0202,2,2023-2024,5.92,33.84,0
STU0202,3,2024-2025,5.98,28.0,0
STU0202,4,2024-2025,6.36,28.12,0
STU0203,1,2023-2024,6.45,25.62,0
STU0203,2,2023-2024,6.32,34.13,0
STU0203,3,2024-2025,6.59,34.19,0
STU0203,4,2024-2025,6.91,38.07,0
STU0204,1,2023-2024,9.51,48.86,0
STU0204,2,2023-2024,8.1,41.63,0
STU0204,3,2024-2025,8.81,29.45,0
STU0204,4,2024-2025,8.59,35.73,0
STU0205,1,2023-2024,6.35,23.14,0
STU0205,2,2023-2024,6.42,24.24,0
STU0205,3,2024-2025,6.54,28.92,0
STU0205,4,2024-2025,7.02,33.31,0
STU0206,1,2023-2024,3.57,27.15,2
STU0206,2,2023-2024,3.36,23.96,0
STU0206,3,2024-2025,2.51,14.63,0
STU0206,4,2024-2025,3.23,19.29,2
STU0207,1,2023-2024,9.37,48.83,0
STU0207,2,2023-2024,9.2,44.63,0
STU0207,3,2024-2025,9.46,50.0,0
STU0207,4,2024-2025,9.02,44.4,0
STU0208,1,2023-2024,6.29,23.43,0
STU0208,2,2023-2024,6.17,26.4,0
STU0208,3,2024-2025,6.57,28.17,0
STU0208,4,2024-2025,6.71,27.1,0
STU0209,1,2023-2024,9.7,43.63,0
STU0209,2,2023-2024,9.76,44.82,0
STU0209,3,2024-2025,9.07,45.24,0
STU0209,4,2024-2025,9.55,42.72,0
STU0210,1,2023-2024,8.31,37.79,0
STU0210,2,2023-2024,9.18,40.09,0
STU0210,3,2024-2025,8.78,42.38,0
STU0210,4,2024-2025,9.31,44.61,0
STU0211,1,2023-2024,10.0,46.97,0
STU0211,2,2023-2024,10.0,46.58,0
STU0211,3,2024-2025,9.47,46.34,0
STU0211,4,2024-2025,10.0,45.27,0
STU0212,1,2023-2024,4.17,18.68,0
STU0212,2,2023-2024,3.98,26.54,0
STU0212,3,2024-2025,4.05,22.28,0
STU0212,4,2024-2025,3.95,18.65,1
STU0213,1,2023-2024,4.86,19.12,1
STU0213,2,2023-2024,4.85,19.63,1
STU0213,3,2024-2025,5.29,17.99,0
STU0213,4,2024-2025,5.3,33.39,0
STU0214,1,2023-2024,4.98,23.22,1
STU0214,2,2023-2024,5.27,34.01,0
STU0214,3,2024-2025,4.85,37.11,1
STU0214,4,2024-2025,4.82,25.72,1
STU0215,1,2023-2024,8.9,44.5,0
STU0215,2,2023-2024,8.63,47.84,0
STU0215,3,2024-2025,8.52,44.18,0
STU0215,4,2024-2025,9.26,44.85,0
STU0216,1,2023-2024,8.63,39.48,0
STU0216,2,2023-2024,8.82,43.64,0
STU0216,3,2024-2025,8.92,50.0,0
STU0216,4,2024-2025,8.56,40.33,0
STU0217,1,2023-2024,9.46,45.23,0
STU0217,2,2023-2024,9.0,36.15,0
STU0217,3,2024-2025,9.55,41.26,0
STU0217,4,2024-2025,8.58,37.98,0
STU0218,1,2023-2024,7.25,37.78,0
STU0218,2,2023-2024,7.41,31.99,0
STU0218,3,2024-2025,6.83,36.33,0
STU0218,4,2024-2025,7.26,46.06,0
STU0219,1,2023-2024,7.92,38.95,0
STU0219,2,2023-2024,7.82,39.6,0
STU0219,3,2024-2025,8.1,35.65,0
STU0219,4,2024-2025,8.08,40.55,0
STU0220,1,2023-2024,3.86,26.44,1
STU0220,2,2023-2024,3.88,11.88,0
STU0220,3,2024-2025,4.14,18.69,0
STU0220,4,2024-2025,3.88,15.43,1
STU0221,1,2023-2024,4.65,19.34,0
STU0221,2,2023-2024,5.38,26.72,0
STU0221,3,2024-2025,5.27,28.2,2
STU0221,4,2024-2025,5.06,26.74,0
STU0222,1,2023-2024,7.27,35.15,0
STU0222,2,2023-2024,7.27,41.86,0
STU0222,3,2024-2025,7.22,34.05,0
STU0222,4,2024-2025,6.76,30.36,0
STU0223,1,2023-2024,7.23,42.37,0
STU0223,2,2023-2024,7.62,39.93,0
STU0223,3,2024-2025,7.29,41.34,0
STU0223,4,2024-2025,8.04,37.61,0
STU0224,1,2023-2024,6.09,32.69,0
STU0224,2,2023-2024,5.63,32.04,1
STU0224,3,2024-2025,5.18,27.71,0
STU0224,4,2024-2025,5.58,23.19,0
STU0225,1,2023-2024,8.28,35.72,0
STU0225,2,2023-2024,8.65,50.0,0
STU0225,3,2024-2025,8.84,45.89,0
STU0225,4,2024-2025,8.77,42.06,0
STU0226,1,2023-2024,7.28,33.88,0
STU0226,2,2023-2024,6.73,38.8,0
STU0226,3,2024-2025,7.35,30.63,0
STU0226,4,2024-2025,7.7,48.5,0
STU0227,1,2023-2024,3.32,15.51,0
STU0227,2,2023-2024,3.23,16.3,1
STU0227,3,2024-2025,3.56,24.53,2
STU0227,4,2024-2025,3.68,17.84,1
STU0228,1,2023-2024,5.53,31.45,0
STU0228,2,2023-2024,5.82,31.5,0
STU0228,3,2024-2025,5.68,19.64,1
STU0228,4,2024-2025,6.17,25.3,0
STU0229,1,2023-2024,6.41,29.72,0
STU0229,2,2023-2024,6.93,37.43,0
STU0229,3,2024-2025,7.01,34.48,0
STU0229,4,2024-2025,6.92,32.31,0
STU0230,1,2023-2024,5.53,12.58,0
STU0230,2,2023-2024,4.75,27.95,1
STU0230,3,2024-2025,4.77,24.79,0
STU0230,4,2024-2025,4.82,24.92,0
STU0231,1,2023-2024,6.91,33.91,0
STU0231,2,2023-2024,6.7,29.45,0
STU0231,3,2024-2025,6.38,26.82,0
STU0231,4,2024-2025,6.88,40.52,0
STU0232,1,2023-2024,7.94,42.34,0
STU0232,2,2023-2024,8.04,47.5,0
STU0232,3,2024-2025,8.09,39.33,0
STU0232,4,2024-2025,7.93,42.37,0
STU0233,1,2023-2024,8.73,48.32,0
STU0233,2,2023-2024,8.07,43.53,0
STU0233,3,2024-2025,8.74,40.09,0
STU0233,4,2024-2025,8.28,40.49,0
STU0234,1,2023-2024,5.43,30.46,2
STU0234,2,2023-2024,5.65,36.98,0
STU0234,3,2024-2025,5.5,26.53,0
STU0234,4,2024-2025,5.61,24.82,0
STU0235,1,2023-2024,9.38,42.32,0
STU0235,2,2023-2024,10.0,50.0,0
STU0235,3,2024-2025,9.67,42.37,0
STU0235,4,2024-2025,9.33,46.75,0
STU0236,1,2023-2024,4.7,22.77,1
STU0236,2,2023-2024,4.68,20.39,0
STU0236,3,2024-2025,5.09,21.9,0
STU0236,4,2024-2025,5.21,20.77,2
STU0237,1,2023-2024,5.19,24.66,0
STU0237,2,2023-2024,5.63,23.06,0
STU0237,3,2024-2025,5.2,29.73,1
STU0237,4,2024-2025,5.39,28.01,0
STU0238,1,2023-2024,9.03,40.32,0
STU0238,2,2023-2024,8.3,35.29,0
STU0238,3,2024-2025,8.49,42.3,0
STU0238,4,2024-2025,8.95,44.35,0
STU0239,1,2023-2024,8.7,43.1,0
STU0239,2,2023-2024,8.8,47.05,0
STU0239,3,2024-2025,8.61,37.08,0
STU0239,4,2024-2025,8.62,36.0,0
STU0240,1,2023-2024,7.22,39.32,0
STU0240,2,2023-2024,7.14,32.54,0
STU0240,3,2024-2025,7.01,34.98,0
STU0240,4,2024-2025,7.31,44.13,0
STU0241,1,2023-2024,8.82,48.9,0
STU0241,2,2023-2024,9.02,37.55,0
STU0241,3,2024-2025,8.62,46.92,0
STU0241,4,2024-2025,8.84,44.45,0
STU0242,1,2023-2024,5.73,35.32,0
STU0242,2,2023-2024,6.47,34.07,0
STU0242,3,2024-2025,6.21,30.56,0
STU0242,4,2024-2025,5.69,24.07,0
STU0243,1,2023-2024,4.89,26.16,0
STU0243,2,2023-2024,4.59,20.1,1
STU0243,3,2024-2025,5.36,28.07,0
STU0243,4,2024-2025,4.76,29.56,1
STU0244,1,2023-2024,6.92,29.8,0
STU0244,2,2023-2024,6.79,29.51,0
STU0244,3,2024-2025,6.99,37.93,0
STU0244,4,2024-2025,6.6,28.29,0
STU0245,1,2023-2024,9.24,50.0,0
STU0245,2,2023-2024,9.11,46.87,0
STU0245,3,2024-2025,9.17,49.45,0
STU0245,4,2024-2025,9.26,46.4,0
STU0246,1,2023-2024,7.89,41.61,0
STU0246,2,2023-2024,7.72,43.35,0
STU0246,3,2024-2025,7.4,34.05,0
STU0246,4,2024-2025,7.89,43.33,0
STU0247,1,2023-2024,7.17,31.74,0
STU0247,2,2023-2024,7.44,32.35,0
STU0247,3,2024-2025,7.5,43.02,0
STU0247,4,2024-2025,7.15,30.7,0
STU0248,1,2023-2024,5.98,29.89,0
STU0248,2,2023-2024,5.47,37.27,0
STU0248,3,2024-2025,5.44,25.98,2
STU0248,4,2024-2025,5.68,19.29,0
STU0249,1,2023-2024,4.44,28.07,0
STU0249,2,2023-2024,4.37,22.25,1
STU0249,3,2024-2025,4.16,14.78,1
STU0249,4,2024-2025,3.93,16.59,0
STU0250,1,2023-2024,7.92,39.08,0
STU0250,2,2023-2024,7.7,44.92,0
STU0250,3,2024-2025,7.7,44.97,0
STU0250,4,2024-2025,7.72,31.22,0
STU0251,1,2023-2024,8.22,44.44,0
STU0251,2,2023-2024,9.21,45.42,0
STU0251,3,2024-2025,8.82,45.04,0
STU0251,4,2024-2025,8.72,35.69,0
STU0252,1,2023-2024,9.27,50.0,0
STU0252,2,2023-2024,9.24,45.85,0
STU0252,3,2024-2025,9.28,49.6,0
STU0252,4,2024-2025,9.36,44.22,0
STU0253,1,2023-2024,5.22,25.17,0
STU0253,2,2023-2024,5.09,20.45,0
STU0253,3,2024-2025,5.2,28.05,1
STU0253,4,2024-2025,5.52,12.5,1
STU0254,1,2023-2024,8.57,41.35,0
STU0254,2,2023-2024,8.85,44.5,0
STU0254,3,2024-2025,8.95,45.72,0
STU0254,4,2024-2025,9.01,49.69,0
STU0255,1,2023-2024,5.29,24.49,0
STU0255,2,2023-2024,5.15,22.39,0
STU0255,3,2024-2025,5.73,25.52,0
STU0255,4,2024-2025,5.77,30.0,1
STU0256,1,2023-2024,6.29,28.02,0
STU0256,2,2023-2024,6.45,33.72,0
STU0256,3,2024-2025,6.36,31.1,0
STU0256,4,2024-2025,6.03,33.77,0
STU0257,1,2023-2024,6.33,29.96,0
STU0257,2,2023-2024,6.09,32.1,0
STU0257,3,2024-2025,6.27,28.64,0
STU0257,4,2024-2025,5.68,16.52,0
STU0258,1,2023-2024,6.58,20.44,0
STU0258,2,2023-2024,6.88,37.83,0
STU0258,3,2024-2025,6.98,35.05,0
STU0258,4,2024-2025,6.79,35.38,0
STU0259,1,2023-2024,9.38,50.0,0
STU0259,2,2023-2024,9.1,38.92,0
STU0259,3,2024-2025,9.29,49.21,0
STU0259,4,2024-2025,9.14,42.37,0
STU0260,1,2023-2024,9.68,44.0,0
STU0260,2,2023-2024,9.27,40.07,0
STU0260,3,2024-2025,9.41,48.33,0
STU0260,4,2024-2025,9.16,41.59,0
STU0261,1,2023-2024,5.99,24.37,0
STU0261,2,2023-2024,6.41,39.82,0
STU0261,3,2024-2025,6.84,32.42,0
STU0261,4,2024-2025,6.42,37.34,0
STU0262,1,2023-2024,8.23,40.56,0
STU0262,2,2023-2024,8.53,38.13,0
STU0262,3,2024-2025,8.17,34.72,0
STU0262,4,2024-2025,8.29,48.74,0
STU0263,1,2023-2024,8.82,50.0,0
STU0263,2,2023-2024,8.64,39.53,0
STU0263,3,2024-2025,8.08,45.52,0
STU0263,4,2024-2025,8.15,44.55,0
STU0264,1,2023-2024,9.17,50.0,0
STU0264,2,2023-2024,9.46,41.18,0
STU0264,3,2024-2025,9.14,48.91,0
STU0264,4,2024-2025,8.98,50.0,0
STU0265,1,2023-2024,5.67,29.15,1
STU0265,2,2023-2024,6.11,30.24,0
STU0265,3,2024-2025,5.41,26.54,1
STU0265,4,2024-2025,5.34,23.91,0
STU0266,1,2023-2024,7.93,39.12,0
STU0266,2,2023-2024,7.64,35.56,0
STU0266,3,2024-2025,7.79,40.07,0
STU0266,4,2024-2025,7.54,38.11,0
STU0267,1,2023-2024,3.89,23.99,0
STU0267,2,2023-2024,4.24,26.23,0
STU0267,3,2024-2025,4.35,17.79,2
STU0267,4,2024-2025,4.85,28.18,0
STU0268,1,2023-2024,9.72,50.0,0
STU0268,2,2023-2024,9.32,42.27,0
STU0268,3,2024-2025,9.87,45.52,0
STU0268,4,2024-2025,9.43,50.0,0
STU0269,1,2023-2024,3.97,21.39,1
STU0269,2,2023-2024,3.73,17.28,0
STU0269,3,2024-2025,3.39,18.87,0
STU0269,4,2024-2025,3.55,7.78,0
STU0270,1,2023-2024,8.48,42.29,0
STU0270,2,2023-2024,9.0,34.08,0
STU0270,3,2024-2025,8.9,44.39,0
STU0270,4,2024-2025,9.14,50.0,0
STU0271,1,2023-2024,7.64,32.37,0
STU0271,2,2023-2024,7.95,34.04,0
STU0271,3,2024-2025,7.34,33.59,0
STU0271,4,2024-2025,7.48,36.17,0
STU0272,1,2023-2024,8.27,44.34,0
STU0272,2,2023-2024,8.81,47.8,0
STU0272,3,2024-2025,7.71,45.8,0
STU0272,4,2024-2025,7.55,38.33,0
STU0273,1,2023-2024,5.45,26.59,1
STU0273,2,2023-2024,5.38,25.37,0
STU0273,3,2024-2025,5.71,43.97,0
STU0273,4,2024-2025,5.81,23.52,2
STU0274,1,2023-2024,9.3,50.0,0
STU0274,2,2023-2024,9.42,47.73,0
STU0274,3,2024-2025,9.44,46.94,0
STU0274,4,2024-2025,9.71,50.0,0
STU0275,1,2023-2024,5.06,32.63,0
STU0275,2,2023-2024,4.89,15.66,1
STU0275,3,2024-2025,4.83,14.81,0
STU0275,4,2024-2025,4.98,19.94,0
STU0276,1,2023-2024,3.21,10.25,0
STU0276,2,2023-2024,3.23,7.86,2
STU0276,3,2024-2025,3.39,21.03,1
STU0276,4,2024-2025,3.32,17.1,0
STU0277,1,2023-2024,7.02,29.77,0
STU0277,2,2023-2024,7.19,44.31,0
STU0277,3,2024-2025,7.77,40.91,0
STU0277,4,2024-2025,6.94,34.73,0
STU0278,1,2023-2024,8.62,39.83,0
STU0278,2,2023-2024,8.56,49.4,0
STU0278,3,2024-2025,8.56,40.24,0
STU0278,4,2024-2025,8.81,40.01,0
STU0279,1,2023-2024,4.36,22.65,0
STU0279,2,2023-2024,4.79,18.36,1
STU0279,3,2024-2025,5.25,33.36,1
STU0279,4,2024-2025,4.58,27.81,0
STU0280,1,2023-2024,9.77,43.81,0
STU0280,2,2023-2024,10.0,49.4,0
STU0280,3,2024-2025,9.75,46.83,0
STU0280,4,2024-2025,9.46,35.98,0
STU0281,1,2023-2024,7.22,39.66,0
STU0281,2,2023-2024,7.46,34.23,0
STU0281,3,2024-2025,7.44,41.18,0
STU0281,4,2024-2025,7.17,35.96,0
STU0282,1,2023-2024,5.64,29.41,1
STU0282,2,2023-2024,6.25,33.16,0
STU0282,3,2024-2025,5.54,24.38,2
STU0282,4,2024-2025,5.7,15.87,2
STU0283,1,2023-2024,7.5,40.08,0
STU0283,2,2023-2024,6.75,37.25,0
STU0283,3,2024-2025,6.56,28.31,0
STU0283,4,2024-2025,6.51,31.25,0
STU0284,1,2023-2024,5.88,28.55,1
STU0284,2,2023-2024,5.68,25.37,0
STU0284,3,2024-2025,5.84,36.13,1
STU0284,4,2024-2025,6.3,28.01,0
STU0285,1,2023-2024,8.2,47.2,0
STU0285,2,2023-2024,7.95,43.08,0
STU0285,3,2024-2025,8.1,32.31,0
STU0285,4,2024-2025,7.7,37.79,0
STU0286,1,2023-2024,4.92,29.34,0
STU0286,2,2023-2024,4.86,24.99,1
STU0286,3,2024-2025,4.9,19.61,0
STU0286,4,2024-2025,5.38,32.27,0
STU0287,1,2023-2024,8.53,50.0,0
STU0287,2,2023-2024,7.92,32.58,0
STU0287,3,2024-2025,9.08,47.45,0
STU0287,4,2024-2025,8.9,44.59,0
STU0288,1,2023-2024,6.91,40.64,0
STU0288,2,2023-2024,6.97,35.72,0
STU0288,3,2024-2025,6.51,37.39,0
STU0288,4,2024-2025,5.87,29.95,0
STU0289,1,2023-2024,6.61,38.85,0
STU0289,2,2023-2024,6.2,31.3,0
STU0289,3,2024-2025,6.13,20.52,0
STU0289,4,2024-2025,6.0,40.26,1
STU0290,1,2023-2024,9.24,43.24,0
STU0290,2,2023-2024,8.84,49.85,0
STU0290,3,2024-2025,8.93,46.93,0
STU0290,4,2024-2025,8.56,41.92,0
STU0291,1,2023-2024,8.09,44.44,0
STU0291,2,2023-2024,8.03,40.01,0
STU0291,3,2024-2025,8.19,41.71,0
STU0291,4,2024-2025,8.35,46.62,0
STU0292,1,2023-2024,7.16,33.09,0
STU0292,2,2023-2024,7.97,36.76,0
STU0292,3,2024-2025,7.79,37.97,0
STU0292,4,2024-2025,7.16,38.05,0
STU0293,1,2023-2024,6.8,25.96,0
STU0293,2,2023-2024,6.41,30.57,0
STU0293,3,2024-2025,6.93,30.68,0
STU0293,4,2024-2025,6.18,28.78,0
STU0294,1,2023-2024,6.41,28.01,0
STU0294,2,2023-2024,6.2,28.83,0
STU0294,3,2024-2025,6.43,29.94,0
STU0294,4,2024-2025,6.22,26.36,0
STU0295,1,2023-2024,9.25,50.0,0
STU0295,2,2023-2024,8.41,45.23,0
STU0295,3,2024-2025,8.62,35.14,0
STU0295,4,2024-2025,8.47,38.49,0
STU0296,1,2023-2024,7.01,33.08,0
STU0296,2,2023-2024,6.73,28.13,0
STU0296,3,2024-2025,6.83,35.77,0
STU0296,4,2024-2025,6.41,33.8,0
STU0297,1,2023-2024,3.94,19.79,1
STU0297,2,2023-2024,4.07,24.66,1
STU0297,3,2024-2025,4.68,15.75,1
STU0297,4,2024-2025,4.25,18.83,1
STU0298,1,2023-2024,10.0,50.0,0
STU0298,2,2023-2024,10.0,45.59,0
STU0298,3,2024-2025,10.0,50.0,0
STU0298,4,2024-2025,9.91,48.86,0
STU0299,1,2023-2024,8.13,40.61,0
STU0299,2,2023-2024,8.22,37.67,0
STU0299,3,2024-2025,7.87,35.87,0
STU0299,4,2024-2025,7.5,42.47,0
STU0300,1,2023-2024,5.25,29.77,0
STU0300,2,2023-2024,4.31,29.6,0
STU0300,3,2024-2025,4.81,21.85,1
STU0300,4,2024-2025,4.8,15.28,0
STU0301,1,2023-2024,8.34,42.66,0
STU0301,2,2023-2024,8.78,45.77,0
STU0301,3,2024-2025,8.77,48.73,0
STU0301,4,2024-2025,8.69,38.61,0
STU0302,1,2023-2024,4.52,23.46,0
STU0302,2,2023-2024,4.15,22.12,1
STU0302,3,2024-2025,4.65,16.23,2
STU0302,4,2024-2025,4.43,24.13,0
STU0303,1,2023-2024,6.16,39.85,0
STU0303,2,2023-2024,6.31,34.21,0
STU0303,3,2024-2025,6.68,34.43,0
STU0303,4,2024-2025,6.7,37.66,0
STU0304,1,2023-2024,5.95,27.57,0
STU0304,2,2023-2024,6.25,28.94,0
STU0304,3,2024-2025,7.02,40.51,0
STU0304,4,2024-2025,5.97,24.17,0
STU0305,1,2023-2024,4.32,20.12,1
STU0305,2,2023-2024,4.72,31.0,0
STU0305,3,2024-2025,4.46,32.19,0
STU0305,4,2024-2025,4.97,29.25,0
STU0306,1,2023-2024,5.55,26.82,1
STU0306,2,2023-2024,5.13,28.3,0
STU0306,3,2024-2025,5.25,22.64,0
STU0306,4,2024-2025,5.62,26.87,0
STU0307,1,2023-2024,4.95,20.66,0
STU0307,2,2023-2024,5.67,20.8,0
STU0307,3,2024-2025,5.14,24.9,1
STU0307,4,2024-2025,5.2,23.08,0
STU0308,1,2023-2024,5.68,38.68,0
STU0308,2,2023-2024,5.67,34.28,0
STU0308,3,2024-2025,6.02,34.76,0
STU0308,4,2024-2025,5.86,38.91,0
STU0309,1,2023-2024,8.48,39.65,0
STU0309,2,2023-2024,8.38,43.46,0
STU0309,3,2024-2025,8.08,33.76,0
STU0309,4,2024-2025,8.15,50.0,0
STU0310,1,2023-2024,5.11,21.02,0
STU0310,2,2023-2024,4.9,29.76,0
STU0310,3,2024-2025,5.52,24.63,1
STU0310,4,2024-2025,4.97,22.67,1
STU0311,1,2023-2024,7.61,35.0,0
STU0311,2,2023-2024,7.22,42.58,0
STU0311,3,2024-2025,7.2,36.94,0
STU0311,4,2024-2025,7.09,30.22,0
STU0312,1,2023-2024,9.53,27.3,0
STU0312,2,2023-2024,9.43,46.08,0
STU0312,3,2024-2025,9.9,48.29,0
STU0312,4,2024-2025,9.59,48.61,0
STU0313,1,2023-2024,7.19,39.58,0
STU0313,2,2023-2024,7.02,35.23,0
STU0313,3,2024-2025,6.6,40.48,0
STU0313,4,2024-2025,7.45,37.62,0
STU0314,1,2023-2024,7.97,37.14,0
STU0314,2,2023-2024,7.35,43.61,0
STU0314,3,2024-2025,7.82,39.01,0
STU0314,4,2024-2025,7.99,43.73,0
STU0315,1,2023-2024,8.41,41.09,0
STU0315,2,2023-2024,9.1,45.39,0
STU0315,3,2024-2025,9.34,50.0,0
STU0315,4,2024-2025,9.59,50.0,0
STU0316,1,2023-2024,4.84,23.94,0
STU0316,2,2023-2024,4.55,29.08,0
STU0316,3,2024-2025,5.42,16.93,3
STU0316,4,2024-2025,5.05,30.37,0
STU0317,1,2023-2024,6.59,41.7,0
STU0317,2,2023-2024,6.37,31.52,0
STU0317,3,2024-2025,6.19,32.23,0
STU0317,4,2024-2025,5.97,27.07,0
STU0318,1,2023-2024,6.65,26.1,0
STU0318,2,2023-2024,6.52,26.99,0
STU0318,3,2024-2025,6.12,32.84,0
STU0318,4,2024-2025,6.05,33.21,0
STU0319,1,2023-2024,7.33,38.62,0
STU0319,2,2023-2024,7.01,32.46,0
STU0319,3,2024-2025,7.05,25.83,0
STU0319,4,2024-2025,6.84,29.7,0
STU0320,1,2023-2024,8.55,39.73,0
STU0320,2,2023-2024,8.77,44.03,0
STU0320,3,2024-2025,8.49,38.0,0
STU0320,4,2024-2025,8.74,41.44,0
STU0321,1,2023-2024,5.99,37.02,0
STU0321,2,2023-2024,5.22,31.89,0
STU0321,3,2024-2025,4.98,22.25,0
STU0321,4,2024-2025,5.61,28.16,1
STU0322,1,2023-2024,6.43,40.93,0
STU0322,2,2023-2024,6.65,24.97,0
STU0322,3,2024-2025,6.84,37.7,0
STU0322,4,2024-2025,6.38,40.89,0
STU0323,1,2023-2024,7.03,32.68,0
STU0323,2,2023-2024,6.77,36.79,0
STU0323,3,2024-2025,6.81,28.89,0
STU0323,4,2024-2025,6.71,28.53,0
STU0324,1,2023-2024,9.57,48.04,0
STU0324,2,2023-2024,9.67,49.85,0
STU0324,3,2024-2025,9.54,50.0,0
STU0324,4,2024-2025,9.46,45.86,0
STU0325,1,2023-2024,8.08,50.0,0
STU0325,2,2023-2024,8.89,50.0,0
STU0325,3,2024-2025,8.55,50.0,0
STU0325,4,2024-2025,8.51,43.69,0
STU0326,1,2023-2024,6.63,29.39,0
STU0326,2,2023-2024,7.03,38.73,0
STU0326,3,2024-2025,6.51,33.2,0
STU0326,4,2024-2025,6.92,38.74,0
STU0327,1,2023-2024,4.78,11.09,0
STU0327,2,2023-2024,4.58,17.34,0
STU0327,3,2024-2025,4.69,33.73,2
STU0327,4,2024-2025,4.83,23.9,1
STU0328,1,2023-2024,9.57,50.0,0
STU0328,2,2023-2024,9.48,44.23,0
STU0328,3,2024-2025,9.55,50.0,0
STU0328,4,2024-2025,9.54,44.0,0
STU0329,1,2023-2024,8.65,43.78,0
STU0329,2,2023-2024,8.42,40.61,0
STU0329,3,2024-2025,8.5,40.43,0
STU0329,4,2024-2025,9.42,40.87,0
STU0330,1,2023-2024,5.17,31.45,0
STU0330,2,2023-2024,5.15,28.64,1
STU0330,3,2024-2025,4.78,14.62,0
STU0330,4,2024-2025,4.47,18.32,1
STU0331,1,2023-2024,4.66,18.37,1
STU0331,2,2023-2024,5.03,36.46,1
STU0331,3,2024-2025,5.5,29.21,0
STU0331,4,2024-2025,5.16,13.06,0
STU0332,1,2023-2024,9.33,42.82,0
STU0332,2,2023-2024,9.16,44.63,0
STU0332,3,2024-2025,9.03,37.7,0
STU0332,4,2024-2025,9.72,43.19,0
STU0333,1,2023-2024,5.29,19.86,0
STU0333,2,2023-2024,5.36,25.89,0
STU0333,3,2024-2025,5.51,21.52,1
STU0333,4,2024-2025,5.36,29.01,1
STU0334,1,2023-2024,9.04,48.15,0
STU0334,2,2023-2024,9.15,47.18,0
STU0334,3,2024-2025,9.01,39.2,0
STU0334,4,2024-2025,9.05,48.83,0
STU0335,1,2023-2024,7.77,30.13,0
STU0335,2,2023-2024,7.64,37.98,0
STU0335,3,2024-2025,8.1,42.16,0
STU0335,4,2024-2025,7.2,43.53,0
STU0336,1,2023-2024,9.39,41.77,0
STU0336,2,2023-2024,9.85,48.68,0
STU0336,3,2024-2025,9.7,44.17,0
STU0336,4,2024-2025,9.52,48.76,0
STU0337,1,2023-2024,5.72,27.14,1
STU0337,2,2023-2024,5.57,34.98,0
STU0337,3,2024-2025,5.69,22.39,0
STU0337,4,2024-2025,5.94,33.73,1
STU0338,1,2023-2024,8.15,48.02,0
STU0338,2,2023-2024,8.49,39.55,0
STU0338,3,2024-2025,7.71,40.53,0
STU0338,4,2024-2025,8.07,34.8,0
STU0339,1,2023-2024,8.21,38.85,0
STU0339,2,2023-2024,8.2,37.47,0
STU0339,3,2024-2025,8.22,47.43,0
STU0339,4,2024-2025,8.3,41.88,0
STU0340,1,2023-2024,7.03,32.14,0
STU0340,2,2023-2024,6.86,28.63,0
STU0340,3,2024-2025,7.06,26.14,0
STU0340,4,2024-2025,7.2,39.87,0
STU0341,1,2023-2024,8.07,47.19,0
STU0341,2,2023-2024,7.71,39.43,0
STU0341,3,2024-2025,8.21,39.49,0
STU0341,4,2024-2025,7.86,40.88,0
STU0342,1,2023-2024,6.41,32.23,0
STU0342,2,2023-2024,5.85,25.18,0
STU0342,3,2024-2025,5.57,31.7,0
STU0342,4,2024-2025,5.92,26.01,0
STU0343,1,2023-2024,8.11,35.84,0
STU0343,2,2023-2024,8.61,47.42,0
STU0343,3,2024-2025,8.82,45.77,0
STU0343,4,2024-2025,8.04,45.26,0
STU0344,1,2023-2024,7.57,35.53,0
STU0344,2,2023-2024,7.7,28.6,0
STU0344,3,2024-2025,7.85,39.25,0
STU0344,4,2024-2025,8.27,42.42,0
STU0345,1,2023-2024,8.74,38.15,0
STU0345,2,2023-2024,8.6,45.96,0
STU0345,3,2024-2025,8.22,47.12,0
STU0345,4,2024-2025,8.03,35.49,0
STU0346,1,2023-2024,5.71,36.47,0
STU0346,2,2023-2024,5.97,31.93,0
STU0346,3,2024-2025,5.33,24.96,2
STU0346,4,2024-2025,5.75,20.54,0
STU0347,1,2023-2024,6.82,33.97,0
STU0347,2,2023-2024,7.18,37.47,0
STU0347,3,2024-2025,7.08,20.75,0
STU0347,4,2024-2025,7.13,33.41,0
STU0348,1,2023-2024,6.9,34.9,0
STU0348,2,2023-2024,6.62,31.08,0
STU0348,3,2024-2025,7.34,27.79,0
STU0348,4,2024-2025,6.97,36.43,0
STU0349,1,2023-2024,3.8,18.94,0
STU0349,2,2023-2024,3.38,21.53,1
STU0349,3,2024-2025,3.71,19.0,0
STU0349,4,2024-2025,3.41,26.85,2
STU0350,1,2023-2024,4.05,19.6,0
STU0350,2,2023-2024,3.88,24.17,1
STU0350,3,2024-2025,4.08,19.49,0
STU0350,4,2024-2025,4.81,23.73,0
STU0351,1,2023-2024,5.08,14.3,1
STU0351,2,2023-2024,4.63,29.65,0
STU0351,3,2024-2025,4.72,32.96,0
STU0351,4,2024-2025,4.6,22.09,1
STU0352,1,2023-2024,8.75,37.77,0
STU0352,2,2023-2024,8.26,36.51,0
STU0352,3,2024-2025,8.62,50.0,0
STU0352,4,2024-2025,8.54,41.99,0
STU0353,1,2023-2024,7.27,39.78,0
STU0353,2,2023-2024,7.56,36.71,0
STU0353,3,2024-2025,7.7,38.73,0
STU0353,4,2024-2025,7.08,36.37,0
STU0354,1,2023-2024,7.82,41.95,0
STU0354,2,2023-2024,7.88,37.44,0
STU0354,3,2024-2025,8.3,43.01,0
STU0354,4,2024-2025,7.41,37.12,0
STU0355,1,2023-2024,8.72,46.59,0
STU0355,2,2023-2024,9.42,44.11,0
STU0355,3,2024-2025,8.8,50.0,0
STU0355,4,2024-2025,9.12,48.96,0
STU0356,1,2023-2024,6.15,35.05,0
STU0356,2,2023-2024,7.13,35.89,0
STU0356,3,2024-2025,6.36,25.24,0
STU0356,4,2024-2025,7.27,30.69,0
STU0357,1,2023-2024,6.94,38.72,0
STU0357,2,2023-2024,7.63,41.3,0
STU0357,3,2024-2025,7.34,41.36,0
STU0357,4,2024-2025,7.21,37.13,0
STU0358,1,2023-2024,9.33,48.12,0
STU0358,2,2023-2024,9.0,50.0,0
STU0358,3,2024-2025,9.26,50.0,0
STU0358,4,2024-2025,9.22,40.96,0
STU0359,1,2023-2024,6.98,36.96,0
STU0359,2,2023-2024,6.84,30.83,0
STU0359,3,2024-2025,6.93,31.14,0
STU0359,4,2024-2025,6.74,22.19,0
STU0360,1,2023-2024,6.31,29.38,0
STU0360,2,2023-2024,6.17,34.55,0
STU0360,3,2024-2025,7.0,41.07,0
STU0360,4,2024-2025,6.32,37.38,0
STU0361,1,2023-2024,4.92,16.52,3
STU0361,2,2023-2024,4.92,23.39,1
STU0361,3,2024-2025,5.3,32.31,1
STU0361,4,2024-2025,5.4,18.02,1
STU0362,1,2023-2024,8.06,41.86,0
STU0362,2,2023-2024,7.46,31.17,0
STU0362,3,2024-2025,8.27,48.9,0
STU0362,4,2024-2025,7.31,36.14,0
STU0363,1,2023-2024,4.58,23.41,0
STU0363,2,2023-2024,4.85,23.01,1
STU0363,3,2024-2025,4.89,16.69,2
STU0363,4,2024-2025,4.87,20.0,1
STU0364,1,2023-2024,5.56,22.47,0
STU0364,2,2023-2024,6.52,27.28,0
STU0364,3,2024-2025,5.94,27.83,2
STU0364,4,2024-2025,6.2,36.81,0
STU0365,1,2023-2024,9.12,36.01,0
STU0365,2,2023-2024,9.0,44.31,0
STU0365,3,2024-2025,8.67,43.09,0
STU0365,4,2024-2025,9.73,47.34,0
STU0366,1,2023-2024,6.44,37.93,0
STU0366,2,2023-2024,6.74,34.59,0
STU0366,3,2024-2025,6.58,33.11,0
STU0366,4,2024-2025,6.04,26.63,0
STU0367,1,2023-2024,6.82,37.26,0
STU0367,2,2023-2024,6.55,30.01,0
STU0367,3,2024-2025,6.47,32.5,0
STU0367,4,2024-2025,6.23,31.39,0
STU0368,1,2023-2024,8.96,41.1,0
STU0368,2,2023-2024,9.54,43.85,0
STU0368,3,2024-2025,9.62,44.98,0
STU0368,4,2024-2025,9.12,44.4,0
STU0369,1,2023-2024,4.47,16.65,2
STU0369,2,2023-2024,4.08,23.13,0
STU0369,3,2024-2025,3.79,15.73,1
STU0369,4,2024-2025,3.8,25.84,0
STU0370,1,2023-2024,8.77,39.41,0
STU0370,2,2023-2024,9.08,47.24,0
STU0370,3,2024-2025,8.98,42.71,0
STU0370,4,2024-2025,8.91,45.04,0
STU0371,1,2023-2024,6.27,26.46,0
STU0371,2,2023-2024,6.06,33.93,0
STU0371,3,2024-2025,5.96,35.76,0
STU0371,4,2024-2025,6.22,32.78,0
STU0372,1,2023-2024,4.84,26.21,0
STU0372,2,2023-2024,4.76,27.93,1
STU0372,3,2024-2025,5.8,28.46,1
STU0372,4,2024-2025,5.67,28.7,0
STU0373,1,2023-2024,6.75,29.02,0
STU0373,2,2023-2024,7.5,35.23,0
STU0373,3,2024-2025,6.77,32.95,0
STU0373,4,2024-2025,7.32,33.0,0
STU0374,1,2023-2024,8.86,45.06,0
STU0374,2,2023-2024,9.26,50.0,0
STU0374,3,2024-2025,9.15,46.76,0
STU0374,4,2024-2025,9.03,50.0,0
STU0375,1,2023-2024,5.67,26.19,1
STU0375,2,2023-2024,6.35,24.49,0
STU0375,3,2024-2025,5.88,25.57,0
STU0375,4,2024-2025,6.44,32.98,0
STU0376,1,2023-2024,6.01,25.35,0
STU0376,2,2023-2024,6.28,32.77,0
STU0376,3,2024-2025,6.18,33.33,0
STU0376,4,2024-2025,7.19,33.54,0
STU0377,1,2023-2024,7.47,25.34,0
STU0377,2,2023-2024,7.28,44.77,0
STU0377,3,2024-2025,7.76,41.19,0
STU0377,4,2024-2025,7.5,31.01,0
STU0378,1,2023-2024,8.95,39.4,0
STU0378,2,2023-2024,8.44,41.87,0
STU0378,3,2024-2025,8.64,34.72,0
STU0378,4,2024-2025,9.02,50.0,0
STU0379,1,2023-2024,5.84,33.95,0
STU0379,2,2023-2024,6.09,37.11,0
STU0379,3,2024-2025,6.34,37.18,0
STU0379,4,2024-2025,5.99,24.36,0
STU0380,1,2023-2024,7.67,37.88,0
STU0380,2,2023-2024,7.47,23.81,0
STU0380,3,2024-2025,7.31,42.24,0
STU0380,4,2024-2025,7.58,41.22,0
STU0381,1,2023-2024,8.62,40.63,0
STU0381,2,2023-2024,8.26,47.76,0
STU0381,3,2024-2025,8.35,41.92,0
STU0381,4,2024-2025,8.38,36.2,0
STU0382,1,2023-2024,8.85,37.71,0
STU0382,2,2023-2024,8.16,45.93,0
STU0382,3,2024-2025,9.22,47.72,0
STU0382,4,2024-2025,8.53,44.89,0
STU0383,1,2023-2024,6.12,27.17,0
STU0383,2,2023-2024,6.03,28.92,0
STU0383,3,2024-2025,7.3,41.14,0
STU0383,4,2024-2025,5.96,30.0,1
STU0384,1,2023-2024,4.98,24.16,1
STU0384,2,2023-2024,5.36,26.82,0
STU0384,3,2024-2025,5.76,30.89,0
STU0384,4,2024-2025,4.53,23.34,0
STU0385,1,2023-2024,8.19,49.88,0
STU0385,2,2023-2024,8.44,44.34,0
STU0385,3,2024-2025,8.93,49.57,0
STU0385,4,2024-2025,8.84,39.41,0
STU0386,1,2023-2024,8.46,44.7,0
STU0386,2,2023-2024,8.41,41.05,0
STU0386,3,2024-2025,8.38,50.0,0
STU0386,4,2024-2025,8.79,45.72,0
STU0387,1,2023-2024,5.1,34.4,3
STU0387,2,2023-2024,5.0,30.56,0
STU0387,3,2024-2025,4.95,23.63,0
STU0387,4,2024-2025,5.28,21.37,0
STU0388,1,2023-2024,9.35,46.01,0
STU0388,2,2023-2024,9.1,44.03,0
STU0388,3,2024-2025,9.22,50.0,0
STU0388,4,2024-2025,9.13,42.97,0
STU0389,1,2023-2024,9.68,49.42,0
STU0389,2,2023-2024,9.9,41.86,0
STU0389,3,2024-2025,9.7,48.67,0
STU0389,4,2024-2025,9.24,47.4,0
STU0390,1,2023-2024,7.1,28.77,0
STU0390,2,2023-2024,6.75,31.22,0
STU0390,3,2024-2025,7.1,41.67,0
STU0390,4,2024-2025,6.67,31.46,0
STU0391,1,2023-2024,7.29,43.17,0
STU0391,2,2023-2024,7.05,43.31,0
STU0391,3,2024-2025,7.78,39.73,0
STU0391,4,2024-2025,7.69,38.97,0
STU0392,1,2023-2024,8.76,38.66,0
STU0392,2,2023-2024,8.97,46.65,0
STU0392,3,2024-2025,8.72,44.83,0
STU0392,4,2024-2025,9.1,50.0,0
STU0393,1,2023-2024,8.66,38.98,0
STU0393,2,2023-2024,8.46,40.24,0
STU0393,3,2024-2025,8.25,41.67,0
STU0393,4,2024-2025,8.54,42.06,0
STU0394,1,2023-2024,6.23,27.05,0
STU0394,2,2023-2024,6.37,27.44,0
STU0394,3,2024-2025,6.26,30.8,0
STU0394,4,2024-2025,6.16,37.82,0
STU0395,1,2023-2024,7.31,39.05,0
STU0395,2,2023-2024,7.59,40.09,0
STU0395,3,2024-2025,7.47,38.16,0
STU0395,4,2024-2025,6.92,38.12,0
STU0396,1,2023-2024,5.17,25.87,0
STU0396,2,2023-2024,5.49,36.13,0
STU0396,3,2024-2025,5.44,25.72,1
STU0396,4,2024-2025,5.17,28.13,0
STU0397,1,2023-2024,8.89,34.85,0
STU0397,2,2023-2024,8.04,46.24,0
STU0397,3,2024-2025,8.47,49.22,0
STU0397,4,2024-2025,8.35,43.67,0
STU0398,1,2023-2024,9.14,46.48,0
STU0398,2,2023-2024,8.63,40.96,0
STU0398,3,2024-2025,8.68,44.29,0
STU0398,4,2024-2025,8.98,50.0,0
STU0399,1,2023-2024,6.65,34.85,0
STU0399,2,2023-2024,7.41,46.17,0
STU0399,3,2024-2025,6.69,38.55,0
STU0399,4,2024-2025,7.34,40.47,0
STU0400,1,2023-2024,8.95,46.86,0
STU0400,2,2023-2024,9.01,49.43,0
STU0400,3,2024-2025,8.81,36.92,0
STU0400,4,2024-2025,8.99,46.15,0
STU0401,1,2023-2024,4.49,25.55,0
STU0401,2,2023-2024,4.55,25.34,0
STU0401,3,2024-2025,4.94,25.3,0
STU0401,4,2024-2025,4.79,22.49,1
STU0402,1,2023-2024,6.92,48.44,0
STU0402,2,2023-2024,7.07,36.67,0
STU0402,3,2024-2025,6.66,31.57,0
STU0402,4,2024-2025,7.0,42.93,0
STU0403,1,2023-2024,2.84,13.46,0
STU0403,2,2023-2024,2.83,7.44,0
STU0403,3,2024-2025,3.33,21.66,1
STU0403,4,2024-2025,2.67,13.79,0
STU0404,1,2023-2024,7.5,36.67,0
STU0404,2,2023-2024,6.82,30.09,0
STU0404,3,2024-2025,6.93,33.41,0
STU0404,4,2024-2025,7.05,40.56,0
STU0405,1,2023-2024,8.53,38.05,0
STU0405,2,2023-2024,7.93,43.57,0
STU0405,3,2024-2025,8.59,41.74,0
STU0405,4,2024-2025,8.03,42.45,0
STU0406,1,2023-2024,4.94,20.73,1
STU0406,2,2023-2024,5.29,26.17,0
STU0406,3,2024-2025,5.26,32.88,0
STU0406,4,2024-2025,5.12,29.57,0
STU0407,1,2023-2024,7.39,39.23,0
STU0407,2,2023-2024,6.65,31.99,0
STU0407,3,2024-2025,6.91,32.32,0
STU0407,4,2024-2025,6.35,30.31,0
STU0408,1,2023-2024,4.92,21.79,1
STU0408,2,2023-2024,4.71,27.82,0
STU0408,3,2024-2025,5.21,19.53,1
STU0408,4,2024-2025,4.38,19.99,0
STU0409,1,2023-2024,5.21,32.89,0
STU0409,2,2023-2024,6.36,39.35,0
STU0409,3,2024-2025,5.93,26.67,0
STU0409,4,2024-2025,5.81,35.87,3
STU0410,1,2023-2024,4.91,17.97,0
STU0410,2,2023-2024,5.56,37.38,0
STU0410,3,2024-2025,4.64,23.81,0
STU0410,4,2024-2025,5.43,25.22,1
STU0411,1,2023-2024,8.56,50.0,0
STU0411,2,2023-2024,8.52,35.06,0
STU0411,3,2024-2025,8.28,45.64,0
STU0411,4,2024-2025,8.58,45.0,0
STU0412,1,2023-2024,5.77,36.54,0
STU0412,2,2023-2024,6.01,32.31,0
STU0412,3,2024-2025,5.93,21.0,2
STU0412,4,2024-2025,5.78,31.65,1
STU0413,1,2023-2024,5.32,22.22,1
STU0413,2,2023-2024,5.96,24.12,0
STU0413,3,2024-2025,6.18,28.92,0
STU0413,4,2024-2025,4.97,35.16,0
STU0414,1,2023-2024,9.17,50.0,0
STU0414,2,2023-2024,8.76,43.31,0
STU0414,3,2024-2025,8.55,25.02,0
STU0414,4,2024-2025,8.94,36.87,0
STU0415,1,2023-2024,8.28,41.36,0
STU0415,2,2023-2024,8.45,41.53,0
STU0415,3,2024-2025,8.73,36.16,0
STU0415,4,2024-2025,8.28,37.21,0
STU0416,1,2023-2024,7.13,38.27,0
STU0416,2,2023-2024,6.32,34.46,0
STU0416,3,2024-2025,6.94,35.31,0
STU0416,4,2024-2025,6.0,28.54,1
STU0417,1,2023-2024,8.7,49.84,0
STU0417,2,2023-2024,8.71,50.0,0
STU0417,3,2024-2025,8.8,49.78,0
STU0417,4,2024-2025,8.09,40.51,0
STU0418,1,2023-2024,8.97,50.0,0
STU0418,2,2023-2024,9.79,50.0,0
STU0418,3,2024-2025,9.58,40.75,0
STU0418,4,2024-2025,8.76,46.69,0
STU0419,1,2023-2024,5.76,31.42,0
STU0419,2,2023-2024,5.17,24.95,0
STU0419,3,2024-2025,5.39,37.61,0
STU0419,4,2024-2025,5.47,35.89,2
STU0420,1,2023-2024,8.03,33.47,0
STU0420,2,2023-2024,9.02,49.52,0
STU0420,3,2024-2025,8.75,45.5,0
STU0420,4,2024-2025,9.07,50.0,0
STU0421,1,2023-2024,7.07,29.29,0
STU0421,2,2023-2024,7.26,32.88,0
STU0421,3,2024-2025,7.33,28.41,0
STU0421,4,2024-2025,7.42,36.06,0
STU0422,1,2023-2024,6.6,30.99,0
STU0422,2,2023-2024,7.22,40.59,0
STU0422,3,2024-2025,7.02,44.99,0
STU0422,4,2024-2025,6.42,30.87,0
STU0423,1,2023-2024,7.32,39.42,0
STU0423,2,2023-2024,6.62,37.09,0
STU0423,3,2024-2025,7.88,36.89,0
STU0423,4,2024-2025,6.89,40.39,0
STU0424,1,2023-2024,5.96,25.86,1
STU0424,2,2023-2024,5.99,30.66,0
STU0424,3,2024-2025,6.15,39.0,0
STU0424,4,2024-2025,5.59,38.51,0
STU0425,1,2023-2024,3.92,16.39,1
STU0425,2,2023-2024,3.35,9.28,0
STU0425,3,2024-2025,3.62,24.88,0
STU0425,4,2024-2025,2.94,22.57,2
STU0426,1,2023-2024,8.95,46.7,0
STU0426,2,2023-2024,8.93,50.0,0
STU0426,3,2024-2025,9.41,37.9,0
STU0426,4,2024-2025,8.98,38.04,0
STU0427,1,2023-2024,8.56,46.73,0
STU0427,2,2023-2024,8.75,33.94,0
STU0427,3,2024-2025,8.66,45.76,0
STU0427,4,2024-2025,8.87,42.41,0
STU0428,1,2023-2024,5.22,26.34,1
STU0428,2,2023-2024,5.58,18.32,1
STU0428,3,2024-2025,5.64,38.74,1
STU0428,4,2024-2025,5.57,31.94,1
STU0429,1,2023-2024,8.98,49.49,0
STU0429,2,2023-2024,9.44,50.0,0
STU0429,3,2024-2025,9.7,46.68,0
STU0429,4,2024-2025,8.95,41.23,0
STU0430,1,2023-2024,5.11,26.74,0
STU0430,2,2023-2024,4.38,21.86,0
STU0430,3,2024-2025,4.57,22.16,0
STU0430,4,2024-2025,4.61,23.02,0
STU0431,1,2023-2024,5.91,25.67,1
STU0431,2,2023-2024,6.02,26.5,0
STU0431,3,2024-2025,5.72,26.75,0
STU0431,4,2024-2025,6.0,30.91,0
STU0432,1,2023-2024,7.54,32.96,0
STU0432,2,2023-2024,7.52,38.03,0
STU0432,3,2024-2025,7.18,30.47,0
STU0432,4,2024-2025,7.93,33.93,0
STU0433,1,2023-2024,6.49,23.0,0
STU0433,2,2023-2024,6.27,30.07,0
STU0433,3,2024-2025,6.59,37.0,0
STU0433,4,2024-2025,6.31,28.04,0
STU0434,1,2023-2024,7.49,36.78,0
STU0434,2,2023-2024,7.07,35.52,0
STU0434,3,2024-2025,6.79,32.01,0
STU0434,4,2024-2025,7.18,31.44,0
STU0435,1,2023-2024,8.59,50.0,0
STU0435,2,2023-2024,8.58,46.89,0
STU0435,3,2024-2025,9.38,46.39,0
STU0435,4,2024-2025,9.38,44.7,0
STU0436,1,2023-2024,6.15,22.93,0
STU0436,2,2023-2024,6.19,35.5,0
STU0436,3,2024-2025,6.44,32.03,0
STU0436,4,2024-2025,6.26,32.06,0
STU0437,1,2023-2024,7.77,40.25,0
STU0437,2,2023-2024,8.21,39.57,0
STU0437,3,2024-2025,7.99,39.73,0
STU0437,4,2024-2025,8.1,40.4,0
STU0438,1,2023-2024,9.99,49.69,0
STU0438,2,2023-2024,9.11,44.82,0
STU0438,3,2024-2025,9.59,45.94,0
STU0438,4,2024-2025,9.61,50.0,0
STU0439,1,2023-2024,7.35,42.16,0
STU0439,2,2023-2024,7.52,33.41,0
STU0439,3,2024-2025,7.42,38.78,0
STU0439,4,2024-2025,7.09,35.42,0
STU0440,1,2023-2024,5.55,26.2,0
STU0440,2,2023-2024,6.47,32.52,0
STU0440,3,2024-2025,5.97,30.56,1
STU0440,4,2024-2025,5.83,28.75,0
STU0441,1,2023-2024,8.9,50.0,0
STU0441,2,2023-2024,8.45,36.02,0
STU0441,3,2024-2025,8.8,50.0,0
STU0441,4,2024-2025,8.01,46.15,0
STU0442,1,2023-2024,6.6,38.81,0
STU0442,2,2023-2024,6.41,35.52,0
STU0442,3,2024-2025,6.52,26.72,0
STU0442,4,2024-2025,6.08,34.69,0
STU0443,1,2023-2024,6.94,39.36,0
STU0443,2,2023-2024,7.16,34.18,0
STU0443,3,2024-2025,6.56,42.11,0
STU0443,4,2024-2025,6.23,35.71,0
STU0444,1,2023-2024,6.52,21.82,0
STU0444,2,2023-2024,6.58,36.28,0
STU0444,3,2024-2025,6.56,40.08,0
STU0444,4,2024-2025,6.0,42.31,0
STU0445,1,2023-2024,8.46,46.37,0
STU0445,2,2023-2024,8.6,37.54,0
STU0445,3,2024-2025,8.65,36.81,0
STU0445,4,2024-2025,8.47,40.63,0
STU0446,1,2023-2024,6.64,37.58,0
STU0446,2,2023-2024,6.43,32.03,0
STU0446,3,2024-2025,5.9,29.79,0
STU0446,4,2024-2025,6.56,33.66,0
STU0447,1,2023-2024,4.78,28.24,0
STU0447,2,2023-2024,4.83,29.77,0
STU0447,3,2024-2025,4.87,24.83,1
STU0447,4,2024-2025,4.99,16.98,1
STU0448,1,2023-2024,5.72,30.03,0
STU0448,2,2023-2024,5.86,36.24,1
STU0448,3,2024-2025,5.87,30.95,1
STU0448,4,2024-2025,5.74,29.57,1
STU0449,1,2023-2024,9.37,49.0,0
STU0449,2,2023-2024,9.2,42.66,0
STU0449,3,2024-2025,9.15,46.17,0
STU0449,4,2024-2025,9.34,50.0,0
STU0450,1,2023-2024,8.32,39.41,0
STU0450,2,2023-2024,7.7,31.31,0
STU0450,3,2024-2025,8.81,47.02,0
STU0450,4,2024-2025,8.8,44.77,0
STU0451,1,2023-2024,7.24,33.09,0
STU0451,2,2023-2024,7.34,38.64,0
STU0451,3,2024-2025,7.55,37.77,0
STU0451,4,2024-2025,8.08,31.69,0
STU0452,1,2023-2024,6.44,38.18,0
STU0452,2,2023-2024,6.81,38.83,0
STU0452,3,2024-2025,7.18,33.56,0
STU0452,4,2024-2025,6.85,31.92,0
STU0453,1,2023-2024,9.52,47.08,0
STU0453,2,2023-2024,9.68,46.89,0
STU0453,3,2024-2025,9.26,48.74,0
STU0453,4,2024-2025,9.61,48.8,0
STU0454,1,2023-2024,6.38,29.31,0
STU0454,2,2023-2024,6.56,31.49,0
STU0454,3,2024-2025,6.56,30.13,0
STU0454,4,2024-2025,7.23,40.49,0
STU0455,1,2023-2024,4.97,21.03,0
STU0455,2,2023-2024,4.82,31.18,0
STU0455,3,2024-2025,5.11,16.44,1
STU0455,4,2024-2025,4.57,28.4,2
STU0456,1,2023-2024,8.35,38.77,0
STU0456,2,2023-2024,8.19,38.13,0
STU0456,3,2024-2025,7.88,38.67,0
STU0456,4,2024-2025,8.12,49.34,0
STU0457,1,2023-2024,7.12,35.25,0
STU0457,2,2023-2024,6.82,33.96,0
STU0457,3,2024-2025,7.02,41.34,0
STU0457,4,2024-2025,7.11,31.88,0
STU0458,1,2023-2024,7.68,35.52,0
STU0458,2,2023-2024,7.28,33.96,0
STU0458,3,2024-2025,7.67,39.98,0
STU0458,4,2024-2025,7.65,33.86,0
STU0459,1,2023-2024,8.81,31.64,0
STU0459,2,2023-2024,8.91,39.16,0
STU0459,3,2024-2025,8.94,39.81,0
STU0459,4,2024-2025,9.37,48.49,0
STU0460,1,2023-2024,3.82,22.5,0
STU0460,2,2023-2024,4.23,26.49,0
STU0460,3,2024-2025,4.81,18.69,0
STU0460,4,2024-2025,4.68,20.91,0
STU0461,1,2023-2024,6.37,35.79,0
STU0461,2,2023-2024,5.82,21.42,0
STU0461,3,2024-2025,6.0,35.19,0
STU0461,4,2024-2025,6.29,36.83,0
STU0462,1,2023-2024,9.15,48.01,0
STU0462,2,2023-2024,9.03,50.0,0
STU0462,3,2024-2025,9.5,50.0,0
STU0462,4,2024-2025,9.27,41.86,0
STU0463,1,2023-2024,8.75,45.01,0
STU0463,2,2023-2024,9.08,49.97,0
STU0463,3,2024-2025,8.64,50.0,0
STU0463,4,2024-2025,8.28,44.22,0
STU0464,1,2023-2024,7.51,33.82,0
STU0464,2,2023-2024,7.59,18.69,0
STU0464,3,2024-2025,8.04,45.61,0
STU0464,4,2024-2025,7.7,40.29,0
STU0465,1,2023-2024,7.12,40.86,0
STU0465,2,2023-2024,6.92,27.45,0
STU0465,3,2024-2025,7.49,30.24,0
STU0465,4,2024-2025,7.78,30.5,0
STU0466,1,2023-2024,7.07,41.83,0
STU0466,2,2023-2024,7.4,41.78,0
STU0466,3,2024-2025,6.72,38.72,0
STU0466,4,2024-2025,6.77,23.18,0
STU0467,1,2023-2024,4.21,30.58,0
STU0467,2,2023-2024,4.35,28.84,1
STU0467,3,2024-2025,4.05,26.34,1
STU0467,4,2024-2025,4.17,16.36,1
STU0468,1,2023-2024,9.26,42.1,0
STU0468,2,2023-2024,8.87,42.53,0
STU0468,3,2024-2025,8.91,45.26,0
STU0468,4,2024-2025,9.6,50.0,0
STU0469,1,2023-2024,7.24,32.0,0
STU0469,2,2023-2024,7.16,36.91,0
STU0469,3,2024-2025,8.22,35.96,0
STU0469,4,2024-2025,7.57,39.52,0
STU0470,1,2023-2024,9.55,44.44,0
STU0470,2,2023-2024,9.72,50.0,0
STU0470,3,2024-2025,9.24,50.0,0
STU0470,4,2024-2025,9.09,43.08,0
STU0471,1,2023-2024,4.85,29.65,1
STU0471,2,2023-2024,4.79,18.41,0
STU0471,3,2024-2025,5.39,24.94,0
STU0471,4,2024-2025,5.37,28.97,0
STU0472,1,2023-2024,10.0,48.74,0
STU0472,2,2023-2024,9.59,48.54,0
STU0472,3,2024-2025,9.86,50.0,0
STU0472,4,2024-2025,9.51,37.22,0
STU0473,1,2023-2024,8.5,45.67,0
STU0473,2,2023-2024,9.14,50.0,0
STU0473,3,2024-2025,9.27,41.29,0
STU0473,4,2024-2025,8.84,38.87,0
STU0474,1,2023-2024,5.01,30.51,0
STU0474,2,2023-2024,5.75,26.02,1
STU0474,3,2024-2025,5.55,25.46,1
STU0474,4,2024-2025,5.23,28.6,0
STU0475,1,2023-2024,7.96,30.25,0
STU0475,2,2023-2024,7.68,38.58,0
STU0475,3,2024-2025,7.71,37.59,0
STU0475,4,2024-2025,7.95,43.78,0
STU0476,1,2023-2024,6.04,25.29,0
STU0476,2,2023-2024,7.0,23.25,0
STU0476,3,2024-2025,6.91,34.79,0
STU0476,4,2024-2025,6.13,30.71,0
STU0477,1,2023-2024,7.75,41.62,0
STU0477,2,2023-2024,6.61,26.69,0
STU0477,3,2024-2025,6.87,45.96,0
STU0477,4,2024-2025,7.58,41.85,0
STU0478,1,2023-2024,6.64,25.94,0
STU0478,2,2023-2024,5.9,35.33,0
STU0478,3,2024-2025,6.44,26.36,0
STU0478,4,2024-2025,6.51,24.65,0
STU0479,1,2023-2024,4.49,24.4,0
STU0479,2,2023-2024,4.21,16.57,0
STU0479,3,2024-2025,4.51,23.02,0
STU0479,4,2024-2025,4.71,17.39,1
STU0480,1,2023-2024,5.54,30.23,0
STU0480,2,2023-2024,6.54,27.63,0
STU0480,3,2024-2025,6.1,28.9,0
STU0480,4,2024-2025,6.14,24.9,0
STU0481,1,2023-2024,9.33,46.29,0
STU0481,2,2023-2024,8.95,46.06,0
STU0481,3,2024-2025,8.7,48.27,0
STU0481,4,2024-2025,9.08,47.79,0
STU0482,1,2023-2024,4.33,15.26,0
STU0482,2,2023-2024,4.82,23.75,1
STU0482,3,2024-2025,4.36,27.65,2
STU0482,4,2024-2025,5.16,25.25,1
STU0483,1,2023-2024,6.94,41.62,0
STU0483,2,2023-2024,7.2,40.43,0
STU0483,3,2024-2025,6.8,23.27,0
STU0483,4,2024-2025,6.94,29.53,0
STU0484,1,2023-2024,9.09,50.0,0
STU0484,2,2023-2024,9.71,50.0,0
STU0484,3,2024-2025,9.82,47.99,0
STU0484,4,2024-2025,9.91,50.0,0
STU0485,1,2023-2024,6.38,31.2,0
STU0485,2,2023-2024,6.96,24.34,0
STU0485,3,2024-2025,6.08,27.64,0
STU0485,4,2024-2025,7.06,34.15,0
STU0486,1,2023-2024,6.5,46.02,0
STU0486,2,2023-2024,6.66,30.67,0
STU0486,3,2024-2025,6.43,38.99,0
STU0486,4,2024-2025,6.9,34.5,0
STU0487,1,2023-2024,9.67,50.0,0
STU0487,2,2023-2024,8.62,43.0,0
STU0487,3,2024-2025,9.44,50.0,0
STU0487,4,2024-2025,9.11,50.0,0
STU0488,1,2023-2024,8.6,42.69,0
STU0488,2,2023-2024,9.0,32.27,0
STU0488,3,2024-2025,8.62,39.42,0
STU0488,4,2024-2025,8.64,30.52,0
STU0489,1,2023-2024,9.19,39.21,0
STU0489,2,2023-2024,9.25,48.01,0
STU0489,3,2024-2025,9.21,43.61,0
STU0489,4,2024-2025,9.5,47.02,0
STU0490,1,2023-2024,7.15,25.84,0
STU0490,2,2023-2024,7.23,30.71,0
STU0490,3,2024-2025,6.5,39.77,0
STU0490,4,2024-2025,7.26,34.56,0
STU0491,1,2023-2024,5.57,28.29,0
STU0491,2,2023-2024,5.09,24.26,1
STU0491,3,2024-2025,5.35,22.11,0
STU0491,4,2024-2025,5.31,22.37,0
STU0492,1,2023-2024,5.09,28.14,0
STU0492,2,2023-2024,4.88,12.69,0
STU0492,3,2024-2025,5.45,28.24,1
STU0492,4,2024-2025,5.0,25.29,0
STU0493,1,2023-2024,5.64,26.41,0
STU0493,2,2023-2024,5.64,36.36,1
STU0493,3,2024-2025,5.43,29.17,0
STU0493,4,2024-2025,5.72,27.0,0
STU0494,1,2023-2024,6.78,43.45,0
STU0494,2,2023-2024,6.54,31.41,0
STU0494,3,2024-2025,6.28,29.33,0
STU0494,4,2024-2025,6.4,36.51,0
STU0495,1,2023-2024,6.26,31.29,0
STU0495,2,2023-2024,6.35,29.37,0
STU0495,3,2024-2025,6.11,26.77,0
STU0495,4,2024-2025,5.23,38.7,2
STU0496,1,2023-2024,7.9,34.08,0
STU0496,2,2023-2024,7.82,45.4,0
STU0496,3,2024-2025,7.47,34.58,0
STU0496,4,2024-2025,7.44,34.36,0
STU0497,1,2023-2024,9.49,50.0,0
STU0497,2,2023-2024,9.13,35.29,0
STU0497,3,2024-2025,10.0,46.58,0
STU0497,4,2024-2025,9.55,49.09,0
STU0498,1,2023-2024,9.37,45.48,0
STU0498,2,2023-2024,9.23,42.61,0
STU0498,3,2024-2025,9.12,45.74,0
STU0498,4,2024-2025,9.59,50.0,0
STU0499,1,2023-2024,8.61,50.0,0
STU0499,2,2023-2024,9.02,50.0,0
STU0499,3,2024-2025,8.8,41.66,0
STU0499,4,2024-2025,8.52,48.66,0
STU0500,1,2023-2024,5.19,28.66,0
STU0500,2,2023-2024,5.1,23.66,0
STU0500,3,2024-2025,5.0,22.9,0
STU0500,4,2024-2025,4.75,24.79,1
STU0501,1,2023-2024,4.78,21.02,1
STU0501,2,2023-2024,5.34,26.17,1
STU0501,3,2024-2025,5.28,28.29,0
STU0501,4,2024-2025,4.9,34.11,0
STU0502,1,2023-2024,5.74,29.38,0
STU0502,2,2023-2024,5.96,29.01,2
STU0502,3,2024-2025,5.25,27.35,1
STU0502,4,2024-2025,5.58,26.72,1
STU0503,1,2023-2024,8.58,40.06,0
STU0503,2,2023-2024,8.15,29.0,0
STU0503,3,2024-2025,8.12,39.61,0
STU0503,4,2024-2025,8.74,50.0,0
STU0504,1,2023-2024,5.55,13.71,0
STU0504,2,2023-2024,5.39,28.89,1
STU0504,3,2024-2025,5.93,28.88,3
STU0504,4,2024-2025,5.24,25.54,0
STU0505,1,2023-2024,5.82,33.79,0
STU0505,2,2023-2024,5.4,27.59,1
STU0505,3,2024-2025,4.9,30.87,0
STU0505,4,2024-2025,5.53,31.64,2
STU0506,1,2023-2024,9.43,44.86,0
STU0506,2,2023-2024,9.6,50.0,0
STU0506,3,2024-2025,9.33,47.65,0
STU0506,4,2024-2025,8.97,44.33,0
STU0507,1,2023-2024,8.35,36.36,0
STU0507,2,2023-2024,7.79,42.7,0
STU0507,3,2024-2025,7.69,44.81,0
STU0507,4,2024-2025,8.05,42.4,0
STU0508,1,2023-2024,8.86,46.49,0
STU0508,2,2023-2024,8.83,50.0,0
STU0508,3,2024-2025,8.31,46.65,0
STU0508,4,2024-2025,8.68,38.25,0
STU0509,1,2023-2024,8.0,35.42,0
STU0509,2,2023-2024,8.05,32.21,0
STU0509,3,2024-2025,8.77,44.41,0
STU0509,4,2024-2025,7.46,32.96,0
STU0510,1,2023-2024,6.68,38.13,0
STU0510,2,2023-2024,6.96,33.4,0
STU0510,3,2024-2025,7.07,40.48,0
STU0510,4,2024-2025,6.63,39.3,0
STU0511,1,2023-2024,8.93,36.2,0
STU0511,2,2023-2024,9.21,40.84,0
STU0511,3,2024-2025,9.21,42.58,0
STU0511,4,2024-2025,8.46,50.0,0
STU0512,1,2023-2024,9.44,50.0,0
STU0512,2,2023-2024,9.19,47.72,0
STU0512,3,2024-2025,9.5,49.14,0
STU0512,4,2024-2025,9.84,48.72,0
STU0513,1,2023-2024,9.28,50.0,0
STU0513,2,2023-2024,9.09,41.94,0
STU0513,3,2024-2025,9.67,41.2,0
STU0513,4,2024-2025,9.18,45.75,0
STU0514,1,2023-2024,9.3,49.62,0
STU0514,2,2023-2024,9.15,39.83,0
STU0514,3,2024-2025,9.26,50.0,0
STU0514,4,2024-2025,9.39,47.89,0
STU0515,1,2023-2024,7.31,28.59,0
STU0515,2,2023-2024,7.48,40.01,0
STU0515,3,2024-2025,7.04,36.21,0
STU0515,4,2024-2025,7.14,35.54,0
STU0516,1,2023-2024,7.68,46.01,0
STU0516,2,2023-2024,6.94,36.3,0
STU0516,3,2024-2025,7.29,33.64,0
STU0516,4,2024-2025,7.08,36.59,0
STU0517,1,2023-2024,6.61,39.48,0
STU0517,2,2023-2024,7.23,38.46,0
STU0517,3,2024-2025,7.17,39.15,0
STU0517,4,2024-2025,6.29,20.08,0
STU0518,1,2023-2024,4.49,16.1,0
STU0518,2,2023-2024,4.58,31.08,0
STU0518,3,2024-2025,3.93,25.68,1
STU0518,4,2024-2025,4.73,22.2,1
STU0519,1,2023-2024,8.69,39.45,0
STU0519,2,2023-2024,8.42,34.77,0
STU0519,3,2024-2025,8.94,39.38,0
STU0519,4,2024-2025,9.23,49.58,0
STU0520,1,2023-2024,4.94,27.79,0
STU0520,2,2023-2024,5.43,14.87,1
STU0520,3,2024-2025,5.11,23.75,0
STU0520,4,2024-2025,5.0,23.49,2
STU0521,1,2023-2024,7.66,40.92,0
STU0521,2,2023-2024,8.02,45.11,0
STU0521,3,2024-2025,7.92,39.83,0
STU0521,4,2024-2025,7.84,35.36,0
STU0522,1,2023-2024,4.76,19.32,0
STU0522,2,2023-2024,5.33,24.22,1
STU0522,3,2024-2025,4.78,24.33,0
STU0522,4,2024-2025,5.49,33.25,1
STU0523,1,2023-2024,6.36,34.54,0
STU0523,2,2023-2024,6.76,33.25,0
STU0523,3,2024-2025,6.88,29.57,0
STU0523,4,2024-2025,6.75,37.44,0
STU0524,1,2023-2024,5.36,28.01,0
STU0524,2,2023-2024,5.68,33.99,0
STU0524,3,2024-2025,5.55,24.82,0
STU0524,4,2024-2025,5.08,25.49,0
STU0525,1,2023-2024,6.47,22.12,0
STU0525,2,2023-2024,7.06,27.82,0
STU0525,3,2024-2025,6.59,32.81,0
STU0525,4,2024-2025,6.72,27.36,0
STU0526,1,2023-2024,8.52,39.0,0
STU0526,2,2023-2024,8.61,47.58,0
STU0526,3,2024-2025,8.09,38.38,0
STU0526,4,2024-2025,8.36,40.76,0
STU0527,1,2023-2024,5.33,19.8,0
STU0527,2,2023-2024,5.77,27.35,1
STU0527,3,2024-2025,5.25,28.3,1
STU0527,4,2024-2025,5.21,23.92,1
STU0528,1,2023-2024,4.47,23.96,1
STU0528,2,2023-2024,4.93,19.62,0
STU0528,3,2024-2025,4.71,24.1,1
STU0528,4,2024-2025,4.94,21.4,0
STU0529,1,2023-2024,8.93,42.24,0
STU0529,2,2023-2024,8.43,48.32,0
STU0529,3,2024-2025,9.02,41.28,0
STU0529,4,2024-2025,8.74,35.58,0
STU0530,1,2023-2024,7.14,29.53,0
STU0530,2,2023-2024,7.47,44.64,0
STU0530,3,2024-2025,7.09,31.74,0
STU0530,4,2024-2025,7.23,23.93,0
STU0531,1,2023-2024,9.22,46.39,0
STU0531,2,2023-2024,8.95,50.0,0
STU0531,3,2024-2025,9.11,46.68,0
STU0531,4,2024-2025,9.22,47.3,0
STU0532,1,2023-2024,4.78,31.17,1
STU0532,2,2023-2024,4.53,14.8,0
STU0532,3,2024-2025,5.08,36.05,0
STU0532,4,2024-2025,4.95,29.58,0
STU0533,1,2023-2024,5.3,25.3,0
STU0533,2,2023-2024,4.93,16.13,1
STU0533,3,2024-2025,5.13,19.28,0
STU0533,4,2024-2025,4.92,25.66,2
STU0534,1,2023-2024,7.78,34.94,0
STU0534,2,2023-2024,7.89,32.25,0
STU0534,3,2024-2025,8.71,41.01,0
STU0534,4,2024-2025,7.85,41.25,0
STU0535,1,2023-2024,3.92,17.75,0
STU0535,2,2023-2024,4.43,34.03,1
STU0535,3,2024-2025,4.3,24.27,0
STU0535,4,2024-2025,4.33,22.0,0
STU0536,1,2023-2024,4.44,23.74,1
STU0536,2,2023-2024,4.62,22.89,0
STU0536,3,2024-2025,4.48,18.78,0
STU0536,4,2024-2025,4.75,12.98,1
STU0537,1,2023-2024,8.4,44.51,0
STU0537,2,2023-2024,8.45,33.04,0
STU0537,3,2024-2025,9.2,35.62,0
STU0537,4,2024-2025,8.46,49.85,0
STU0538,1,2023-2024,7.95,34.34,0
STU0538,2,2023-2024,8.4,42.74,0
STU0538,3,2024-2025,7.95,36.01,0
STU0538,4,2024-2025,8.71,48.45,0
STU0539,1,2023-2024,4.2,18.11,0
STU0539,2,2023-2024,4.75,31.77,0
STU0539,3,2024-2025,4.37,27.07,1
STU0539,4,2024-2025,4.89,32.86,1
STU0540,1,2023-2024,5.11,26.12,1
STU0540,2,2023-2024,5.06,19.55,0
STU0540,3,2024-2025,5.63,32.22,1
STU0540,4,2024-2025,5.13,24.87,1
STU0541,1,2023-2024,4.97,29.97,2
STU0541,2,2023-2024,5.18,20.04,0
STU0541,3,2024-2025,5.31,27.04,2
STU0541,4,2024-2025,5.73,27.94,2
STU0542,1,2023-2024,9.19,48.82,0
STU0542,2,2023-2024,9.56,50.0,0
STU0542,3,2024-2025,9.86,50.0,0
STU0542,4,2024-2025,9.88,46.96,0
STU0543,1,2023-2024,5.89,29.54,0
STU0543,2,2023-2024,6.23,32.01,0
STU0543,3,2024-2025,6.2,26.21,0
STU0543,4,2024-2025,6.02,35.22,0
STU0544,1,2023-2024,5.84,31.85,1
STU0544,2,2023-2024,6.21,24.01,0
STU0544,3,2024-2025,6.38,32.55,0
STU0544,4,2024-2025,6.3,35.18,0
STU0545,1,2023-2024,5.78,34.61,1
STU0545,2,2023-2024,5.65,35.12,0
STU0545,3,2024-2025,5.48,26.72,1
STU0545,4,2024-2025,4.85,28.09,0
STU0546,1,2023-2024,9.18,37.76,0
STU0546,2,2023-2024,9.37,39.31,0
STU0546,3,2024-2025,8.85,40.05,0
STU0546,4,2024-2025,9.16,50.0,0
STU0547,1,2023-2024,9.0,50.0,0
STU0547,2,2023-2024,9.91,43.97,0
STU0547,3,2024-2025,8.59,43.05,0
STU0547,4,2024-2025,9.37,43.91,0
STU0548,1,2023-2024,7.13,26.88,0
STU0548,2,2023-2024,7.24,38.99,0
STU0548,3,2024-2025,6.69,27.67,0
STU0548,4,2024-2025,7.13,29.3,0
STU0549,1,2023-2024,8.84,50.0,0
STU0549,2,2023-2024,8.34,42.75,0
STU0549,3,2024-2025,8.49,31.25,0
STU0549,4,2024-2025,8.67,34.15,0
STU0550,1,2023-2024,7.56,39.35,0
STU0550,2,2023-2024,8.2,45.13,0
STU0550,3,2024-2025,7.59,47.78,0
STU0550,4,2024-2025,8.0,47.1,0
STU0551,1,2023-2024,8.37,48.31,0
STU0551,2,2023-2024,8.42,43.92,0
STU0551,3,2024-2025,9.3,40.16,0
STU0551,4,2024-2025,9.18,48.51,0
STU0552,1,2023-2024,4.11,19.83,1
STU0552,2,2023-2024,5.03,21.01,1
STU0552,3,2024-2025,4.1,26.62,1
STU0552,4,2024-2025,4.44,28.35,0
STU0553,1,2023-2024,9.55,50.0,0
STU0553,2,2023-2024,10.0,50.0,0
STU0553,3,2024-2025,9.93,50.0,0
STU0553,4,2024-2025,10.0,49.62,0
STU0554,1,2023-2024,7.28,48.5,0
STU0554,2,2023-2024,7.51,37.64,0
STU0554,3,2024-2025,7.23,40.9,0
STU0554,4,2024-2025,7.74,37.2,0
STU0555,1,2023-2024,6.64,38.01,0
STU0555,2,2023-2024,7.09,31.97,0
STU0555,3,2024-2025,7.23,35.88,0
STU0555,4,2024-2025,7.02,34.13,0
STU0556,1,2023-2024,8.56,49.96,0
STU0556,2,2023-2024,8.76,40.16,0
STU0556,3,2024-2025,8.56,36.64,0
STU0556,4,2024-2025,8.55,47.02,0
STU0557,1,2023-2024,8.61,47.04,0
STU0557,2,2023-2024,8.79,45.44,0
STU0557,3,2024-2025,8.03,43.18,0
STU0557,4,2024-2025,8.74,43.3,0
STU0558,1,2023-2024,8.15,38.91,0
STU0558,2,2023-2024,8.0,42.17,0
STU0558,3,2024-2025,7.97,45.54,0
STU0558,4,2024-2025,8.49,45.77,0
STU0559,1,2023-2024,7.26,36.85,0
STU0559,2,2023-2024,7.14,33.58,0
STU0559,3,2024-2025,6.79,33.36,0
STU0559,4,2024-2025,6.91,34.94,0
STU0560,1,2023-2024,5.75,26.66,0
STU0560,2,2023-2024,5.84,27.01,0
STU0560,3,2024-2025,5.55,30.55,0
STU0560,4,2024-2025,5.9,28.43,3
STU0561,1,2023-2024,7.0,36.23,0
STU0561,2,2023-2024,6.45,26.71,0
STU0561,3,2024-2025,7.13,37.06,0
STU0561,4,2024-2025,6.64,34.73,0
STU0562,1,2023-2024,7.97,42.2,0
STU0562,2,2023-2024,8.74,43.85,0
STU0562,3,2024-2025,8.32,40.03,0
STU0562,4,2024-2025,8.77,45.37,0
STU0563,1,2023-2024,5.87,25.07,1
STU0563,2,2023-2024,6.13,37.12,0
STU0563,3,2024-2025,6.22,28.97,0
STU0563,4,2024-2025,5.92,27.94,0
STU0564,1,2023-2024,9.66,46.68,0
STU0564,2,2023-2024,9.53,45.24,0
STU0564,3,2024-2025,9.36,44.21,0
STU0564,4,2024-2025,9.57,50.0,0
STU0565,1,2023-2024,4.51,20.63,0
STU0565,2,2023-2024,4.96,23.43,1
STU0565,3,2024-2025,4.6,17.84,0
STU0565,4,2024-2025,4.96,25.9,1
STU0566,1,2023-2024,5.82,32.47,1
STU0566,2,2023-2024,5.7,29.55,0
STU0566,3,2024-2025,5.22,20.69,2
STU0566,4,2024-2025,5.76,23.9,0
STU0567,1,2023-2024,8.83,37.79,0
STU0567,2,2023-2024,9.25,50.0,0
STU0567,3,2024-2025,9.63,50.0,0
STU0567,4,2024-2025,8.83,41.49,0
STU0568,1,2023-2024,5.13,32.67,0
STU0568,2,2023-2024,5.44,37.56,0
STU0568,3,2024-2025,5.78,30.61,0
STU0568,4,2024-2025,5.44,24.52,0
STU0569,1,2023-2024,6.13,30.93,0
STU0569,2,2023-2024,6.34,39.87,0
STU0569,3,2024-2025,5.97,25.99,2
STU0569,4,2024-2025,5.81,33.4,1
STU0570,1,2023-2024,8.93,45.13,0
STU0570,2,2023-2024,9.63,50.0,0
STU0570,3,2024-2025,9.17,50.0,0
STU0570,4,2024-2025,9.27,36.79,0
STU0571,1,2023-2024,8.15,40.37,0
STU0571,2,2023-2024,8.36,41.34,0
STU0571,3,2024-2025,9.04,39.74,0
STU0571,4,2024-2025,8.51,39.07,0
STU0572,1,2023-2024,5.04,32.47,1
STU0572,2,2023-2024,5.01,26.02,0
STU0572,3,2024-2025,4.48,25.1,0
STU0572,4,2024-2025,4.3,22.95,3
STU0573,1,2023-2024,7.45,33.97,0
STU0573,2,2023-2024,7.68,40.95,0
STU0573,3,2024-2025,7.19,34.99,0
STU0573,4,2024-2025,7.36,41.46,0
STU0574,1,2023-2024,6.89,32.25,0
STU0574,2,2023-2024,6.35,30.92,0
STU0574,3,2024-2025,6.49,26.9,0
STU0574,4,2024-2025,6.27,33.36,0
STU0575,1,2023-2024,9.09,49.7,0
STU0575,2,2023-2024,8.84,49.63,0
STU0575,3,2024-2025,9.21,50.0,0
STU0575,4,2024-2025,8.95,40.96,0
STU0576,1,2023-2024,8.9,44.5,0
STU0576,2,2023-2024,9.0,47.73,0
STU0576,3,2024-2025,9.1,45.54,0
STU0576,4,2024-2025,8.85,42.5,0
STU0577,1,2023-2024,4.13,24.93,0
STU0577,2,2023-2024,3.57,16.98,0
STU0577,3,2024-2025,4.62,28.74,0
STU0577,4,2024-2025,3.99,22.22,1
STU0578,1,2023-2024,6.7,36.61,0
STU0578,2,2023-2024,6.32,31.15,0
STU0578,3,2024-2025,6.19,33.12,0
STU0578,4,2024-2025,6.13,24.04,0
STU0579,1,2023-2024,5.68,23.77,0
STU0579,2,2023-2024,5.67,26.4,1
STU0579,3,2024-2025,5.45,31.81,0
STU0579,4,2024-2025,5.79,30.27,1
STU0580,1,2023-2024,5.78,29.41,1
STU0580,2,2023-2024,5.29,25.61,0
STU0580,3,2024-2025,5.99,33.34,1
STU0580,4,2024-2025,4.67,18.74,2
STU0581,1,2023-2024,8.19,47.13,0
STU0581,2,2023-2024,8.33,42.14,0
STU0581,3,2024-2025,9.12,48.88,0
STU0581,4,2024-2025,7.7,36.87,0
STU0582,1,2023-2024,5.12,17.94,1
STU0582,2,2023-2024,5.01,27.55,0
STU0582,3,2024-2025,5.27,23.25,0
STU0582,4,2024-2025,5.77,28.92,0
STU0583,1,2023-2024,5.82,34.28,0
STU0583,2,2023-2024,5.77,27.66,0
STU0583,3,2024-2025,5.69,25.31,1
STU0583,4,2024-2025,6.44,31.46,0
STU0584,1,2023-2024,6.43,31.35,0
STU0584,2,2023-2024,5.97,26.94,0
STU0584,3,2024-2025,6.14,35.44,0
STU0584,4,2024-2025,5.87,30.3,0
STU0585,1,2023-2024,7.0,35.06,0
STU0585,2,2023-2024,7.04,39.97,0
STU0585,3,2024-2025,7.12,41.92,0
STU0585,4,2024-2025,7.19,27.89,0
STU0586,1,2023-2024,5.4,19.48,0
STU0586,2,2023-2024,5.69,36.81,1
STU0586,3,2024-2025,6.07,24.7,0
STU0586,4,2024-2025,5.75,30.16,0
STU0587,1,2023-2024,8.77,46.88,0
STU0587,2,2023-2024,8.72,35.32,0
STU0587,3,2024-2025,9.01,50.0,0
STU0587,4,2024-2025,8.75,50.0,0
STU0588,1,2023-2024,9.16,46.56,0
STU0588,2,2023-2024,9.24,40.35,0
STU0588,3,2024-2025,8.52,46.39,0
STU0588,4,2024-2025,9.2,45.7,0
STU0589,1,2023-2024,6.46,34.49,0
STU0589,2,2023-2024,7.05,35.04,0
STU0589,3,2024-2025,6.84,33.14,0
STU0589,4,2024-2025,6.41,32.8,0
STU0590,1,2023-2024,8.93,38.37,0
STU0590,2,2023-2024,9.04,46.03,0
STU0590,3,2024-2025,9.21,49.97,0
STU0590,4,2024-2025,9.25,38.41,0
STU0591,1,2023-2024,4.73,17.31,0
STU0591,2,2023-2024,4.79,23.02,0
STU0591,3,2024-2025,4.46,19.27,0
STU0591,4,2024-2025,4.82,19.77,1
STU0592,1,2023-2024,5.38,27.62,0
STU0592,2,2023-2024,4.86,25.17,1
STU0592,3,2024-2025,5.11,20.8,1
STU0592,4,2024-2025,5.42,31.86,0
STU0593,1,2023-2024,8.83,50.0,0
STU0593,2,2023-2024,8.95,46.48,0
STU0593,3,2024-2025,8.53,47.42,0
STU0593,4,2024-2025,8.55,41.87,0
STU0594,1,2023-2024,6.61,31.03,0
STU0594,2,2023-2024,6.56,31.87,0
STU0594,3,2024-2025,5.96,32.97,1
STU0594,4,2024-2025,6.27,26.72,0
STU0595,1,2023-2024,4.87,23.74,0
STU0595,2,2023-2024,5.27,27.51,0
STU0595,3,2024-2025,5.48,23.59,1
STU0595,4,2024-2025,5.44,34.49,0
STU0596,1,2023-2024,6.74,43.9,0
STU0596,2,2023-2024,6.87,30.76,0
STU0596,3,2024-2025,6.47,41.15,0
STU0596,4,2024-2025,6.97,33.21,0
STU0597,1,2023-2024,8.73,45.75,0
STU0597,2,2023-2024,8.55,37.72,0
STU0597,3,2024-2025,9.0,45.21,0
STU0597,4,2024-2025,8.44,47.42,0
STU0598,1,2023-2024,5.9,35.3,2
STU0598,2,2023-2024,6.18,29.29,0
STU0598,3,2024-2025,6.13,33.19,0
STU0598,4,2024-2025,5.98,39.2,0
STU0599,1,2023-2024,5.79,23.54,1
STU0599,2,2023-2024,5.96,23.14,0
STU0599,3,2024-2025,6.14,35.41,0
STU0599,4,2024-2025,6.27,34.69,0
STU0600,1,2023-2024,7.57,39.07,0
STU0600,2,2023-2024,7.8,33.8,0
STU0600,3,2024-2025,7.57,49.05,0
STU0600,4,2024-2025,7.47,36.56,0
STU0601,1,2023-2024,8.72,50.0,0
STU0601,2,2023-2024,8.73,40.5,0
STU0601,3,2024-2025,8.75,48.03,0
STU0601,4,2024-2025,9.21,41.06,0
STU0602,1,2023-2024,7.84,37.73,0
STU0602,2,2023-2024,7.78,45.9,0
STU0602,3,2024-2025,6.96,40.46,0
STU0602,4,2024-2025,7.11,34.04,0
STU0603,1,2023-2024,6.92,36.72,0
STU0603,2,2023-2024,7.11,33.68,0
STU0603,3,2024-2025,6.45,27.3,0
STU0603,4,2024-2025,7.9,43.17,0
STU0604,1,2023-2024,9.94,49.9,0
STU0604,2,2023-2024,9.96,37.75,0
STU0604,3,2024-2025,9.93,50.0,0
STU0604,4,2024-2025,9.55,49.52,0
STU0605,1,2023-2024,6.44,38.95,0
STU0605,2,2023-2024,6.61,38.1,0
STU0605,3,2024-2025,6.52,31.42,0
STU0605,4,2024-2025,6.51,32.93,0
STU0606,1,2023-2024,9.14,50.0,0
STU0606,2,2023-2024,8.63,46.7,0
STU0606,3,2024-2025,8.66,39.75,0
STU0606,4,2024-2025,8.86,43.79,0
STU0607,1,2023-2024,3.53,12.85,0
STU0607,2,2023-2024,3.69,2.93,0
STU0607,3,2024-2025,3.56,11.66,3
STU0607,4,2024-2025,3.66,18.1,1
STU0608,1,2023-2024,7.05,39.58,0
STU0608,2,2023-2024,7.26,35.25,0
STU0608,3,2024-2025,7.0,44.76,0
STU0608,4,2024-2025,7.43,46.93,0
STU0609,1,2023-2024,7.28,33.87,0
STU0609,2,2023-2024,6.7,37.48,0
STU0609,3,2024-2025,7.38,37.5,0
STU0609,4,2024-2025,6.54,30.34,0
STU0610,1,2023-2024,6.69,40.98,0
STU0610,2,2023-2024,7.21,29.17,0
STU0610,3,2024-2025,7.26,35.52,0
STU0610,4,2024-2025,7.22,38.08,0
STU0611,1,2023-2024,6.67,35.24,0
STU0611,2,2023-2024,6.5,29.12,0
STU0611,3,2024-2025,6.38,36.86,0
STU0611,4,2024-2025,6.6,25.69,0
STU0612,1,2023-2024,3.03,15.83,1
STU0612,2,2023-2024,3.3,12.82,4
STU0612,3,2024-2025,3.25,10.67,0
STU0612,4,2024-2025,3.14,11.15,1
STU0613,1,2023-2024,9.02,39.55,0
STU0613,2,2023-2024,9.46,41.42,0
STU0613,3,2024-2025,9.07,40.92,0
STU0613,4,2024-2025,8.74,43.11,0
STU0614,1,2023-2024,9.01,50.0,0
STU0614,2,2023-2024,8.9,47.77,0
STU0614,3,2024-2025,8.84,49.7,0
STU0614,4,2024-2025,8.77,49.87,0
STU0615,1,2023-2024,9.34,41.63,0
STU0615,2,2023-2024,9.48,45.25,0
STU0615,3,2024-2025,9.44,50.0,0
STU0615,4,2024-2025,9.14,42.13,0
STU0616,1,2023-2024,9.46,47.9,0
STU0616,2,2023-2024,8.99,48.58,0
STU0616,3,2024-2025,9.5,47.42,0
STU0616,4,2024-2025,8.89,50.0,0
STU0617,1,2023-2024,3.18,22.61,1
STU0617,2,2023-2024,3.47,16.44,0
STU0617,3,2024-2025,3.34,18.35,0
STU0617,4,2024-2025,3.87,18.44,1
STU0618,1,2023-2024,6.36,31.11,0
STU0618,2,2023-2024,7.1,36.46,0
STU0618,3,2024-2025,6.4,36.09,0
STU0618,4,2024-2025,6.76,49.49,0
STU0619,1,2023-2024,3.85,27.25,0
STU0619,2,2023-2024,4.56,19.39,1
STU0619,3,2024-2025,3.96,21.83,3
STU0619,4,2024-2025,4.41,20.95,0
STU0620,1,2023-2024,5.57,34.5,0
STU0620,2,2023-2024,5.96,26.46,0
STU0620,3,2024-2025,5.58,22.46,1
STU0620,4,2024-2025,5.7,29.23,2
STU0621,1,2023-2024,8.78,44.36,0
STU0621,2,2023-2024,9.3,44.29,0
STU0621,3,2024-2025,8.94,44.91,0
STU0621,4,2024-2025,8.91,40.86,0
STU0622,1,2023-2024,6.84,34.98,0
STU0622,2,2023-2024,6.76,37.43,0
STU0622,3,2024-2025,6.82,40.15,0
STU0622,4,2024-2025,6.99,33.11,0
STU0623,1,2023-2024,7.28,30.5,0
STU0623,2,2023-2024,7.18,36.13,0
STU0623,3,2024-2025,7.21,37.35,0
STU0623,4,2024-2025,7.18,34.21,0
STU0624,1,2023-2024,8.63,48.12,0
STU0624,2,2023-2024,8.68,50.0,0
STU0624,3,2024-2025,8.47,46.11,0
STU0624,4,2024-2025,8.5,48.73,0
STU0625,1,2023-2024,9.24,50.0,0
STU0625,2,2023-2024,9.52,46.57,0
STU0625,3,2024-2025,9.18,41.76,0
STU0625,4,2024-2025,9.14,50.0,0
STU0626,1,2023-2024,7.39,38.0,0
STU0626,2,2023-2024,6.17,33.14,0
STU0626,3,2024-2025,6.8,34.16,0
STU0626,4,2024-2025,6.41,26.78,0
STU0627,1,2023-2024,5.87,33.51,0
STU0627,2,2023-2024,6.26,25.12,0
STU0627,3,2024-2025,6.06,38.99,0
STU0627,4,2024-2025,6.27,38.57,0
STU0628,1,2023-2024,4.28,25.11,1
STU0628,2,2023-2024,4.74,13.91,0
STU0628,3,2024-2025,4.6,28.69,0
STU0628,4,2024-2025,4.73,23.47,0
STU0629,1,2023-2024,7.08,34.67,0
STU0629,2,2023-2024,7.58,33.9,0
STU0629,3,2024-2025,7.16,35.21,0
STU0629,4,2024-2025,7.37,33.07,0
STU0630,1,2023-2024,5.4,20.08,0
STU0630,2,2023-2024,5.11,28.18,0
STU0630,3,2024-2025,4.91,25.15,0
STU0630,4,2024-2025,5.27,32.36,0
STU0631,1,2023-2024,4.61,26.86,0
STU0631,2,2023-2024,4.31,21.37,1
STU0631,3,2024-2025,4.24,15.19,0
STU0631,4,2024-2025,3.97,13.84,0
STU0632,1,2023-2024,8.57,40.52,0
STU0632,2,2023-2024,8.37,44.33,0
STU0632,3,2024-2025,8.33,44.67,0
STU0632,4,2024-2025,8.34,39.71,0
STU0633,1,2023-2024,6.13,29.55,0
STU0633,2,2023-2024,6.15,26.35,0
STU0633,3,2024-2025,6.55,40.23,0
STU0633,4,2024-2025,5.85,23.69,0
STU0634,1,2023-2024,7.33,36.79,0
STU0634,2,2023-2024,7.73,39.45,0
STU0634,3,2024-2025,7.52,27.64,0
STU0634,4,2024-2025,8.11,41.24,0
STU0635,1,2023-2024,3.71,34.34,1
STU0635,2,2023-2024,4.03,15.41,0
STU0635,3,2024-2025,3.92,17.41,0
STU0635,4,2024-2025,3.91,20.57,2
STU0636,1,2023-2024,3.11,9.41,0
STU0636,2,2023-2024,3.11,14.37,0
STU0636,3,2024-2025,3.34,16.2,1
STU0636,4,2024-2025,3.09,21.96,0
STU0637,1,2023-2024,6.72,27.55,0
STU0637,2,2023-2024,6.7,30.29,0
STU0637,3,2024-2025,6.13,30.4,0
STU0637,4,2024-2025,6.63,32.55,0
STU0638,1,2023-2024,9.16,50.0,0
STU0638,2,2023-2024,9.41,41.66,0
STU0638,3,2024-2025,9.05,47.68,0
STU0638,4,2024-2025,8.8,39.88,0
STU0639,1,2023-2024,4.53,16.43,1
STU0639,2,2023-2024,5.0,25.14,0
STU0639,3,2024-2025,4.91,17.28,1
STU0639,4,2024-2025,5.47,24.92,1
STU0640,1,2023-2024,8.67,39.27,0
STU0640,2,2023-2024,8.41,50.0,0
STU0640,3,2024-2025,7.88,49.65,0
STU0640,4,2024-2025,9.14,50.0,0
STU0641,1,2023-2024,5.69,20.66,0
STU0641,2,2023-2024,5.6,33.57,0
STU0641,3,2024-2025,5.28,25.38,1
STU0641,4,2024-2025,5.51,26.51,0
STU0642,1,2023-2024,4.94,26.79,0
STU0642,2,2023-2024,4.5,26.65,0
STU0642,3,2024-2025,4.6,24.93,0
STU0642,4,2024-2025,4.89,19.2,1
STU0643,1,2023-2024,7.93,35.24,0
STU0643,2,2023-2024,8.04,27.49,0
STU0643,3,2024-2025,8.31,39.79,0
STU0643,4,2024-2025,8.17,46.15,0
STU0644,1,2023-2024,4.03,21.32,0
STU0644,2,2023-2024,4.4,22.65,2
STU0644,3,2024-2025,3.98,22.77,1
STU0644,4,2024-2025,4.32,26.44,1
STU0645,1,2023-2024,7.02,36.57,0
STU0645,2,2023-2024,7.33,38.31,0
STU0645,3,2024-2025,6.63,35.69,0
STU0645,4,2024-2025,7.74,37.13,0
STU0646,1,2023-2024,2.98,12.45,1
STU0646,2,2023-2024,2.62,16.12,0
STU0646,3,2024-2025,2.71,19.7,0
STU0646,4,2024-2025,3.11,14.97,0
STU0647,1,2023-2024,5.37,23.25,0
STU0647,2,2023-2024,5.11,30.52,1
STU0647,3,2024-2025,5.2,20.16,0
STU0647,4,2024-2025,4.86,19.7,0
STU0648,1,2023-2024,7.99,43.23,0
STU0648,2,2023-2024,7.1,42.89,0
STU0648,3,2024-2025,7.28,42.5,0
STU0648,4,2024-2025,7.49,35.24,0
STU0649,1,2023-2024,8.68,43.13,0
STU0649,2,2023-2024,8.71,50.0,0
STU0649,3,2024-2025,8.75,40.27,0
STU0649,4,2024-2025,8.77,34.73,0
STU0650,1,2023-2024,9.1,50.0,0
STU0650,2,2023-2024,9.67,42.91,0
STU0650,3,2024-2025,9.22,45.18,0
STU0650,4,2024-2025,8.99,48.06,0
STU0651,1,2023-2024,5.05,16.37,1
STU0651,2,2023-2024,5.58,30.97,1
STU0651,3,2024-2025,5.1,22.61,1
STU0651,4,2024-2025,5.5,29.1,0
STU0652,1,2023-2024,6.73,31.61,0
STU0652,2,2023-2024,6.69,27.68,0
STU0652,3,2024-2025,6.52,31.26,0
STU0652,4,2024-2025,6.26,35.39,0
STU0653,1,2023-2024,5.25,29.88,0
STU0653,2,2023-2024,5.09,22.16,0
STU0653,3,2024-2025,5.22,19.41,0
STU0653,4,2024-2025,5.52,23.59,2
STU0654,1,2023-2024,8.25,41.01,0
STU0654,2,2023-2024,7.36,39.78,0
STU0654,3,2024-2025,7.53,41.81,0
STU0654,4,2024-2025,8.05,43.35,0
STU0655,1,2023-2024,6.44,36.48,0
STU0655,2,2023-2024,5.62,27.75,3
STU0655,3,2024-2025,5.65,27.68,0
STU0655,4,2024-2025,6.21,40.34,0
STU0656,1,2023-2024,6.23,24.9,0
STU0656,2,2023-2024,6.88,40.56,0
STU0656,3,2024-2025,6.03,28.07,0
STU0656,4,2024-2025,5.77,22.86,0
STU0657,1,2023-2024,7.61,45.07,0
STU0657,2,2023-2024,7.8,40.68,0
STU0657,3,2024-2025,7.5,45.36,0
STU0657,4,2024-2025,7.7,43.47,0
STU0658,1,2023-2024,4.18,15.26,0
STU0658,2,2023-2024,3.89,25.54,0
STU0658,3,2024-2025,3.92,10.89,0
STU0658,4,2024-2025,4.64,19.02,0
STU0659,1,2023-2024,6.34,25.55,0
STU0659,2,2023-2024,5.9,30.16,0
STU0659,3,2024-2025,6.42,33.33,0
STU0659,4,2024-2025,6.18,28.27,0
STU0660,1,2023-2024,6.53,36.23,0
STU0660,2,2023-2024,6.24,30.9,0
STU0660,3,2024-2025,6.52,35.21,0
STU0660,4,2024-2025,6.39,31.48,0
STU0661,1,2023-2024,6.54,33.65,0
STU0661,2,2023-2024,6.69,35.9,0
STU0661,3,2024-2025,6.25,22.43,0
STU0661,4,2024-2025,6.3,39.33,0
STU0662,1,2023-2024,9.6,50.0,0
STU0662,2,2023-2024,9.29,48.59,0
STU0662,3,2024-2025,10.0,50.0,0
STU0662,4,2024-2025,9.47,48.14,0
STU0663,1,2023-2024,8.24,38.83,0
STU0663,2,2023-2024,8.52,34.56,0
STU0663,3,2024-2025,8.83,40.94,0
STU0663,4,2024-2025,8.17,40.29,0
STU0664,1,2023-2024,7.35,43.69,0
STU0664,2,2023-2024,8.19,40.26,0
STU0664,3,2024-2025,8.07,37.89,0
STU0664,4,2024-2025,7.89,38.66,0
STU0665,1,2023-2024,8.89,43.35,0
STU0665,2,2023-2024,7.87,33.36,0
STU0665,3,2024-2025,8.32,50.0,0
STU0665,4,2024-2025,7.83,40.15,0
STU0666,1,2023-2024,5.14,17.76,0
STU0666,2,2023-2024,5.35,19.89,1
STU0666,3,2024-2025,5.56,25.34,0
STU0666,4,2024-2025,6.0,41.04,1
STU0667,1,2023-2024,8.17,39.85,0
STU0667,2,2023-2024,8.24,45.62,0
STU0667,3,2024-2025,8.37,43.01,0
STU0667,4,2024-2025,8.34,34.51,0
STU0668,1,2023-2024,8.79,43.19,0
STU0668,2,2023-2024,9.25,45.22,0
STU0668,3,2024-2025,8.53,42.67,0
STU0668,4,2024-2025,8.37,43.09,0
STU0669,1,2023-2024,7.77,47.07,0
STU0669,2,2023-2024,7.76,40.45,0
STU0669,3,2024-2025,7.77,36.71,0
STU0669,4,2024-2025,7.4,36.53,0
STU0670,1,2023-2024,6.32,36.27,0
STU0670,2,2023-2024,5.88,31.5,0
STU0670,3,2024-2025,5.97,30.61,2
STU0670,4,2024-2025,5.83,28.9,1
STU0671,1,2023-2024,7.86,43.05,0
STU0671,2,2023-2024,7.45,43.55,0
STU0671,3,2024-2025,7.28,31.99,0
STU0671,4,2024-2025,7.63,38.94,0
STU0672,1,2023-2024,9.18,50.0,0
STU0672,2,2023-2024,8.59,42.39,0
STU0672,3,2024-2025,8.96,50.0,0
STU0672,4,2024-2025,8.28,45.3,0
STU0673,1,2023-2024,7.7,39.69,0
STU0673,2,2023-2024,7.36,34.16,0
STU0673,3,2024-2025,7.27,34.43,0
STU0673,4,2024-2025,7.16,29.55,0
STU0674,1,2023-2024,9.4,44.35,0
STU0674,2,2023-2024,9.01,45.72,0
STU0674,3,2024-2025,9.51,50.0,0
STU0674,4,2024-2025,8.93,37.69,0
STU0675,1,2023-2024,6.32,31.72,0
STU0675,2,2023-2024,6.0,33.44,0
STU0675,3,2024-2025,5.72,25.45,0
STU0675,4,2024-2025,6.11,39.78,0
STU0676,1,2023-2024,7.76,46.72,0
STU0676,2,2023-2024,7.13,35.37,0
STU0676,3,2024-2025,7.76,34.06,0
STU0676,4,2024-2025,6.85,33.49,0
STU0677,1,2023-2024,4.8,21.31,0
STU0677,2,2023-2024,5.07,13.61,0
STU0677,3,2024-2025,5.09,24.04,1
STU0677,4,2024-2025,4.76,28.2,0
STU0678,1,2023-2024,5.35,28.35,1
STU0678,2,2023-2024,4.97,23.98,0
STU0678,3,2024-2025,5.37,17.84,1
STU0678,4,2024-2025,4.87,22.22,0
STU0679,1,2023-2024,4.78,17.74,0
STU0679,2,2023-2024,5.33,27.43,1
STU0679,3,2024-2025,4.98,22.83,0
STU0679,4,2024-2025,5.05,18.08,0
STU0680,1,2023-2024,7.17,36.67,0
STU0680,2,2023-2024,7.32,44.38,0
STU0680,3,2024-2025,7.27,32.9,0
STU0680,4,2024-2025,7.01,34.29,0
STU0681,1,2023-2024,8.42,45.78,0
STU0681,2,2023-2024,8.49,43.39,0
STU0681,3,2024-2025,8.6,41.02,0
STU0681,4,2024-2025,8.86,48.57,0
STU0682,1,2023-2024,5.59,21.33,0
STU0682,2,2023-2024,5.62,23.22,1
STU0682,3,2024-2025,6.01,28.55,0
STU0682,4,2024-2025,5.67,28.89,0
STU0683,1,2023-2024,4.95,28.59,1
STU0683,2,2023-2024,4.57,18.77,0
STU0683,3,2024-2025,5.2,28.13,0
STU0683,4,2024-2025,5.1,30.45,0
STU0684,1,2023-2024,6.44,29.53,0
STU0684,2,2023-2024,6.73,40.34,0
STU0684,3,2024-2025,6.59,42.22,0
STU0684,4,2024-2025,6.32,28.45,0
STU0685,1,2023-2024,5.59,22.09,0
STU0685,2,2023-2024,5.55,33.67,2
STU0685,3,2024-2025,5.76,37.02,0
STU0685,4,2024-2025,6.11,29.62,0
STU0686,1,2023-2024,8.13,45.21,0
STU0686,2,2023-2024,8.13,34.95,0
STU0686,3,2024-2025,8.44,39.67,0
STU0686,4,2024-2025,8.39,38.21,0
STU0687,1,2023-2024,8.12,44.02,0
STU0687,2,2023-2024,8.68,40.17,0
STU0687,3,2024-2025,8.75,45.99,0
STU0687,4,2024-2025,8.71,35.41,0
STU0688,1,2023-2024,9.33,47.8,0
STU0688,2,2023-2024,9.74,50.0,0
STU0688,3,2024-2025,9.82,44.77,0
STU0688,4,2024-2025,9.18,50.0,0
STU0689,1,2023-2024,5.49,28.11,0
STU0689,2,2023-2024,5.3,29.93,0
STU0689,3,2024-2025,5.35,23.28,1
STU0689,4,2024-2025,5.64,25.26,0
STU0690,1,2023-2024,8.36,41.41,0
STU0690,2,2023-2024,8.56,44.45,0
STU0690,3,2024-2025,8.28,42.6,0
STU0690,4,2024-2025,8.74,46.3,0
STU0691,1,2023-2024,5.74,24.75,0
STU0691,2,2023-2024,5.94,32.0,0
STU0691,3,2024-2025,5.82,36.08,1
STU0691,4,2024-2025,6.14,42.83,0
STU0692,1,2023-2024,6.17,28.09,0
STU0692,2,2023-2024,6.37,39.83,0
STU0692,3,2024-2025,6.43,28.26,0
STU0692,4,2024-2025,6.28,27.51,0
STU0693,1,2023-2024,5.21,21.5,0
STU0693,2,2023-2024,4.35,25.73,0
STU0693,3,2024-2025,5.19,27.91,0
STU0693,4,2024-2025,4.65,16.68,1
STU0694,1,2023-2024,8.27,45.31,0
STU0694,2,2023-2024,7.94,48.74,0
STU0694,3,2024-2025,8.45,41.18,0
STU0694,4,2024-2025,8.11,50.0,0
STU0695,1,2023-2024,6.14,33.79,0
STU0695,2,2023-2024,5.92,26.21,2
STU0695,3,2024-2025,5.51,21.99,1
STU0695,4,2024-2025,5.59,24.1,0
STU0696,1,2023-2024,5.89,25.53,0
STU0696,2,2023-2024,4.94,23.98,2
STU0696,3,2024-2025,4.98,24.24,0
STU0696,4,2024-2025,5.69,29.55,0
STU0697,1,2023-2024,7.41,41.61,0
STU0697,2,2023-2024,7.6,30.2,0
STU0697,3,2024-2025,8.01,50.0,0
STU0697,4,2024-2025,7.93,46.46,0
STU0698,1,2023-2024,8.22,38.04,0
STU0698,2,2023-2024,8.7,47.44,0
STU0698,3,2024-2025,8.37,38.97,0
STU0698,4,2024-2025,8.82,34.59,0
STU0699,1,2023-2024,8.66,40.73,0
STU0699,2,2023-2024,8.72,48.74,0
STU0699,3,2024-2025,9.27,50.0,0
STU0699,4,2024-2025,8.67,50.0,0
STU0700,1,2023-2024,7.92,38.01,0
STU0700,2,2023-2024,8.21,33.17,0
STU0700,3,2024-2025,8.16,38.88,0
STU0700,4,2024-2025,8.48,44.61,0
STU0701,1,2023-2024,9.37,43.52,0
STU0701,2,2023-2024,8.68,43.51,0
STU0701,3,2024-2025,9.05,47.81,0
STU0701,4,2024-2025,9.13,43.3,0
STU0702,1,2023-2024,7.36,40.2,0
STU0702,2,2023-2024,7.33,31.7,0
STU0702,3,2024-2025,7.14,28.82,0
STU0702,4,2024-2025,7.0,42.03,0
STU0703,1,2023-2024,8.36,38.11,0
STU0703,2,2023-2024,8.84,39.78,0
STU0703,3,2024-2025,8.3,36.27,0
STU0703,4,2024-2025,8.96,45.99,0
STU0704,1,2023-2024,8.33,38.46,0
STU0704,2,2023-2024,8.0,39.89,0
STU0704,3,2024-2025,7.96,39.58,0
STU0704,4,2024-2025,8.05,43.55,0
STU0705,1,2023-2024,9.7,45.01,0
STU0705,2,2023-2024,9.73,49.12,0
STU0705,3,2024-2025,9.5,47.23,0
STU0705,4,2024-2025,9.5,50.0,0
STU0706,1,2023-2024,7.99,42.53,0
STU0706,2,2023-2024,7.25,43.25,0
STU0706,3,2024-2025,7.29,36.15,0
STU0706,4,2024-2025,7.01,33.28,0
STU0707,1,2023-2024,6.84,27.5,0
STU0707,2,2023-2024,6.99,32.97,0
STU0707,3,2024-2025,6.94,25.24,0
STU0707,4,2024-2025,7.33,25.25,0
STU0708,1,2023-2024,4.94,29.8,2
STU0708,2,2023-2024,4.85,19.39,0
STU0708,3,2024-2025,5.07,25.85,0
STU0708,4,2024-2025,4.9,20.64,0
STU0709,1,2023-2024,6.02,32.18,0
STU0709,2,2023-2024,6.12,24.9,0
STU0709,3,2024-2025,6.07,23.56,0
STU0709,4,2024-2025,6.07,29.04,0
STU0710,1,2023-2024,7.49,32.09,0
STU0710,2,2023-2024,6.96,40.95,0
STU0710,3,2024-2025,7.4,39.13,0
STU0710,4,2024-2025,7.29,36.33,0
STU0711,1,2023-2024,4.7,24.32,0
STU0711,2,2023-2024,5.44,19.37,0
STU0711,3,2024-2025,4.8,14.49,0
STU0711,4,2024-2025,5.55,27.68,1
STU0712,1,2023-2024,4.81,30.83,1
STU0712,2,2023-2024,5.48,27.72,0
STU0712,3,2024-2025,5.36,26.01,0
STU0712,4,2024-2025,5.64,32.17,1
STU0713,1,2023-2024,6.58,36.58,0
STU0713,2,2023-2024,6.62,36.72,0
STU0713,3,2024-2025,7.11,34.65,0
STU0713,4,2024-2025,6.7,38.78,0
STU0714,1,2023-2024,7.04,35.17,0
STU0714,2,2023-2024,7.06,43.09,0
STU0714,3,2024-2025,6.59,34.49,0
STU0714,4,2024-2025,7.49,41.46,0
STU0715,1,2023-2024,7.53,32.74,0
STU0715,2,2023-2024,7.58,33.24,0
STU0715,3,2024-2025,8.08,34.89,0
STU0715,4,2024-2025,7.65,39.62,0
STU0716,1,2023-2024,6.38,34.71,0
STU0716,2,2023-2024,5.99,32.37,1
STU0716,3,2024-2025,6.05,34.0,0
STU0716,4,2024-2025,6.09,32.47,0
STU0717,1,2023-2024,5.46,20.81,0
STU0717,2,2023-2024,5.54,21.38,1
STU0717,3,2024-2025,5.62,21.43,1
STU0717,4,2024-2025,5.77,25.29,2
STU0718,1,2023-2024,4.95,25.3,0
STU0718,2,2023-2024,4.35,19.17,0
STU0718,3,2024-2025,5.23,17.97,0
STU0718,4,2024-2025,4.51,19.54,0
STU0719,1,2023-2024,9.52,48.01,0
STU0719,2,2023-2024,9.18,35.47,0
STU0719,3,2024-2025,9.35,46.28,0
STU0719,4,2024-2025,8.91,50.0,0
STU0720,1,2023-2024,6.14,33.66,0
STU0720,2,2023-2024,6.67,34.99,0
STU0720,3,2024-2025,6.76,26.02,0
STU0720,4,2024-2025,6.24,27.63,0
STU0721,1,2023-2024,8.77,41.42,0
STU0721,2,2023-2024,8.65,42.43,0
STU0721,3,2024-2025,8.52,47.01,0
STU0721,4,2024-2025,8.69,37.47,0
STU0722,1,2023-2024,6.49,37.78,0
STU0722,2,2023-2024,6.25,28.63,0
STU0722,3,2024-2025,6.39,28.8,0
STU0722,4,2024-2025,6.53,26.95,0
STU0723,1,2023-2024,6.36,41.82,0
STU0723,2,2023-2024,6.76,37.25,0
STU0723,3,2024-2025,6.75,33.45,0
STU0723,4,2024-2025,6.7,31.58,0
STU0724,1,2023-2024,5.27,27.89,0
STU0724,2,2023-2024,4.76,31.11,0
STU0724,3,2024-2025,5.2,28.01,0
STU0724,4,2024-2025,5.33,34.56,1
STU0725,1,2023-2024,4.08,17.75,1
STU0725,2,2023-2024,4.71,23.29,0
STU0725,3,2024-2025,5.14,25.26,0
STU0725,4,2024-2025,4.62,17.38,1
STU0726,1,2023-2024,4.43,20.22,3
STU0726,2,2023-2024,4.56,17.63,1
STU0726,3,2024-2025,5.01,23.44,0
STU0726,4,2024-2025,3.91,15.85,0
STU0727,1,2023-2024,8.75,46.76,0
STU0727,2,2023-2024,8.41,50.0,0
STU0727,3,2024-2025,8.64,38.67,0
STU0727,4,2024-2025,8.31,49.46,0
STU0728,1,2023-2024,8.29,41.54,0
STU0728,2,2023-2024,7.95,46.02,0
STU0728,3,2024-2025,7.86,36.53,0
STU0728,4,2024-2025,7.91,42.91,0
STU0729,1,2023-2024,9.31,38.31,0
STU0729,2,2023-2024,9.0,37.61,0
STU0729,3,2024-2025,9.55,50.0,0
STU0729,4,2024-2025,9.34,48.71,0
STU0730,1,2023-2024,6.19,27.91,0
STU0730,2,2023-2024,6.15,39.67,0
STU0730,3,2024-2025,6.27,25.58,0
STU0730,4,2024-2025,7.0,36.13,0
STU0731,1,2023-2024,4.74,24.56,0
STU0731,2,2023-2024,4.76,24.32,0
STU0731,3,2024-2025,4.81,26.21,1
STU0731,4,2024-2025,5.13,19.06,1
STU0732,1,2023-2024,6.3,31.31,0
STU0732,2,2023-2024,6.69,35.1,0
STU0732,3,2024-2025,6.68,39.13,0
STU0732,4,2024-2025,6.78,31.02,0
STU0733,1,2023-2024,7.42,41.16,0
STU0733,2,2023-2024,7.56,45.54,0
STU0733,3,2024-2025,7.4,39.11,0
STU0733,4,2024-2025,7.75,30.69,0
STU0734,1,2023-2024,9.0,43.59,0
STU0734,2,2023-2024,8.7,43.19,0
STU0734,3,2024-2025,9.39,47.28,0
STU0734,4,2024-2025,9.44,50.0,0
STU0735,1,2023-2024,6.08,31.73,0
STU0735,2,2023-2024,6.4,25.36,0
STU0735,3,2024-2025,6.12,27.21,0
STU0735,4,2024-2025,6.18,22.94,0
STU0736,1,2023-2024,5.85,25.54,0
STU0736,2,2023-2024,5.26,28.74,0
STU0736,3,2024-2025,5.3,24.47,0
STU0736,4,2024-2025,5.23,19.56,0
STU0737,1,2023-2024,6.19,25.8,0
STU0737,2,2023-2024,6.05,27.42,0
STU0737,3,2024-2025,5.89,27.17,0
STU0737,4,2024-2025,5.87,22.11,1
STU0738,1,2023-2024,8.57,46.31,0
STU0738,2,2023-2024,7.95,39.54,0
STU0738,3,2024-2025,8.91,47.67,0
STU0738,4,2024-2025,8.84,47.26,0
STU0739,1,2023-2024,6.19,33.2,0
STU0739,2,2023-2024,6.63,30.0,0
STU0739,3,2024-2025,6.08,21.6,0
STU0739,4,2024-2025,5.9,37.57,1
STU0740,1,2023-2024,6.34,29.06,0
STU0740,2,2023-2024,6.77,31.56,0
STU0740,3,2024-2025,6.39,24.87,0
STU0740,4,2024-2025,5.92,26.51,0
STU0741,1,2023-2024,4.53,27.14,0
STU0741,2,2023-2024,5.76,26.74,0
STU0741,3,2024-2025,5.65,25.22,0
STU0741,4,2024-2025,5.6,29.24,0
STU0742,1,2023-2024,7.83,46.77,0
STU0742,2,2023-2024,7.64,33.78,0
STU0742,3,2024-2025,7.94,38.05,0
STU0742,4,2024-2025,7.61,42.61,0
STU0743,1,2023-2024,7.94,36.3,0
STU0743,2,2023-2024,7.56,43.83,0
STU0743,3,2024-2025,7.23,30.13,0
STU0743,4,2024-2025,7.71,35.83,0
STU0744,1,2023-2024,8.67,50.0,0
STU0744,2,2023-2024,8.63,42.14,0
STU0744,3,2024-2025,8.5,37.87,0
STU0744,4,2024-2025,9.23,50.0,0
STU0745,1,2023-2024,7.26,36.57,0
STU0745,2,2023-2024,6.59,24.39,0
STU0745,3,2024-2025,6.43,29.47,0
STU0745,4,2024-2025,6.11,28.84,0
STU0746,1,2023-2024,7.75,37.02,0
STU0746,2,2023-2024,7.75,42.98,0
STU0746,3,2024-2025,7.74,33.79,0
STU0746,4,2024-2025,7.83,42.25,0
STU0747,1,2023-2024,8.52,41.52,0
STU0747,2,2023-2024,8.98,44.59,0
STU0747,3,2024-2025,8.61,50.0,0
STU0747,4,2024-2025,8.59,46.7,0
STU0748,1,2023-2024,7.21,36.69,0
STU0748,2,2023-2024,6.67,35.45,0
STU0748,3,2024-2025,6.25,27.71,0
STU0748,4,2024-2025,6.74,31.58,0
STU0749,1,2023-2024,6.56,29.0,0
STU0749,2,2023-2024,6.08,25.55,0
STU0749,3,2024-2025,6.3,33.18,0
STU0749,4,2024-2025,6.17,36.66,0
STU0750,1,2023-2024,5.25,20.54,0
STU0750,2,2023-2024,5.92,34.55,1
STU0750,3,2024-2025,6.09,21.04,0
STU0750,4,2024-2025,6.0,21.8,0
STU0751,1,2023-2024,8.54,37.67,0
STU0751,2,2023-2024,8.57,50.0,0
STU0751,3,2024-2025,8.41,36.98,0
STU0751,4,2024-2025,8.93,44.74,0
STU0752,1,2023-2024,3.91,22.19,1
STU0752,2,2023-2024,3.82,19.84,2
STU0752,3,2024-2025,4.22,17.41,0
STU0752,4,2024-2025,3.94,26.95,0
STU0753,1,2023-2024,7.01,30.81,0
STU0753,2,2023-2024,7.3,34.66,0
STU0753,3,2024-2025,7.96,47.92,0
STU0753,4,2024-2025,6.58,30.08,0
STU0754,1,2023-2024,9.6,44.1,0
STU0754,2,2023-2024,8.76,44.68,0
STU0754,3,2024-2025,9.09,41.93,0
STU0754,4,2024-2025,9.3,47.4,0
STU0755,1,2023-2024,7.14,34.16,0
STU0755,2,2023-2024,7.33,38.98,0
STU0755,3,2024-2025,6.68,34.36,0
STU0755,4,2024-2025,6.84,22.8,0
STU0756,1,2023-2024,9.15,43.13,0
STU0756,2,2023-2024,9.09,45.69,0
STU0756,3,2024-2025,9.56,42.62,0
STU0756,4,2024-2025,9.55,50.0,0
STU0757,1,2023-2024,7.65,35.93,0
STU0757,2,2023-2024,7.96,39.85,0
STU0757,3,2024-2025,8.0,44.7,0
STU0757,4,2024-2025,8.17,37.57,0
STU0758,1,2023-2024,6.72,41.53,0
STU0758,2,2023-2024,6.23,31.24,0
STU0758,3,2024-2025,6.98,39.32,0
STU0758,4,2024-2025,6.8,27.92,0
STU0759,1,2023-2024,9.3,40.93,0
STU0759,2,2023-2024,9.48,37.49,0
STU0759,3,2024-2025,9.51,48.18,0
STU0759,4,2024-2025,9.51,43.01,0
STU0760,1,2023-2024,3.79,11.51,0
STU0760,2,2023-2024,3.66,20.92,0
STU0760,3,2024-2025,3.75,9.05,0
STU0760,4,2024-2025,3.72,11.21,0
STU0761,1,2023-2024,6.58,40.46,0
STU0761,2,2023-2024,6.33,25.57,0
STU0761,3,2024-2025,6.56,38.24,0
STU0761,4,2024-2025,6.5,30.68,0
STU0762,1,2023-2024,7.38,33.21,0
STU0762,2,2023-2024,7.97,29.87,0
STU0762,3,2024-2025,7.78,41.83,0
STU0762,4,2024-2025,7.22,34.73,0
STU0763,1,2023-2024,6.75,29.2,0
STU0763,2,2023-2024,5.69,23.52,0
STU0763,3,2024-2025,6.02,39.86,0
STU0763,4,2024-2025,6.22,26.62,0
STU0764,1,2023-2024,4.13,18.13,0
STU0764,2,2023-2024,4.62,30.06,2
STU0764,3,2024-2025,4.18,13.54,1
STU0764,4,2024-2025,3.93,19.44,0
STU0765,1,2023-2024,9.07,38.87,0
STU0765,2,2023-2024,8.86,44.52,0
STU0765,3,2024-2025,8.92,50.0,0
STU0765,4,2024-2025,8.99,48.57,0
STU0766,1,2023-2024,8.78,40.61,0
STU0766,2,2023-2024,8.94,36.0,0
STU0766,3,2024-2025,9.36,45.33,0
STU0766,4,2024-2025,8.99,43.08,0
STU0767,1,2023-2024,4.56,28.1,3
STU0767,2,2023-2024,4.36,24.33,2
STU0767,3,2024-2025,4.25,18.02,1
STU0767,4,2024-2025,4.21,22.29,3
STU0768,1,2023-2024,6.7,36.91,0
STU0768,2,2023-2024,7.36,40.89,0
STU0768,3,2024-2025,5.67,24.61,1
STU0768,4,2024-2025,6.99,32.46,0
STU0769,1,2023-2024,4.66,19.47,1
STU0769,2,2023-2024,4.55,27.77,0
STU0769,3,2024-2025,4.47,20.35,0
STU0769,4,2024-2025,4.7,31.97,0
STU0770,1,2023-2024,6.42,33.89,0
STU0770,2,2023-2024,6.53,28.8,0
STU0770,3,2024-2025,5.79,30.22,2
STU0770,4,2024-2025,6.44,37.2,0
STU0771,1,2023-2024,9.52,50.0,0
STU0771,2,2023-2024,9.75,48.94,0
STU0771,3,2024-2025,9.87,50.0,0
STU0771,4,2024-2025,9.94,50.0,0
STU0772,1,2023-2024,9.12,38.39,0
STU0772,2,2023-2024,9.3,47.23,0
STU0772,3,2024-2025,8.85,50.0,0
STU0772,4,2024-2025,9.39,43.09,0
STU0773,1,2023-2024,5.27,37.36,0
STU0773,2,2023-2024,5.23,28.68,2
STU0773,3,2024-2025,4.81,21.06,1
STU0773,4,2024-2025,4.63,24.08,0
STU0774,1,2023-2024,6.41,32.0,0
STU0774,2,2023-2024,5.65,20.77,0
STU0774,3,2024-2025,6.17,34.38,0
STU0774,4,2024-2025,6.04,24.03,0
STU0775,1,2023-2024,5.58,27.58,1
STU0775,2,2023-2024,6.14,33.56,0
STU0775,3,2024-2025,6.24,31.11,0
STU0775,4,2024-2025,5.63,29.53,0
STU0776,1,2023-2024,7.11,28.65,0
STU0776,2,2023-2024,6.87,26.12,0
STU0776,3,2024-2025,6.88,26.88,0
STU0776,4,2024-2025,7.24,34.38,0
STU0777,1,2023-2024,6.28,29.75,0
STU0777,2,2023-2024,6.18,24.88,0
STU0777,3,2024-2025,6.49,30.65,0
STU0777,4,2024-2025,6.19,36.33,0
STU0778,1,2023-2024,5.55,30.17,0
STU0778,2,2023-2024,5.55,27.65,0
STU0778,3,2024-2025,4.98,25.58,1
STU0778,4,2024-2025,4.71,24.83,0
STU0779,1,2023-2024,9.64,45.87,0
STU0779,2,2023-2024,9.35,42.72,0
STU0779,3,2024-2025,9.26,50.0,0
STU0779,4,2024-2025,8.82,49.92,0
STU0780,1,2023-2024,8.22,44.23,0
STU0780,2,2023-2024,8.82,37.01,0
STU0780,3,2024-2025,7.72,45.53,0
STU0780,4,2024-2025,7.92,44.69,0
STU0781,1,2023-2024,7.74,32.82,0
STU0781,2,2023-2024,8.27,37.86,0
STU0781,3,2024-2025,7.86,39.59,0
STU0781,4,2024-2025,8.01,38.56,0
STU0782,1,2023-2024,9.05,40.88,0
STU0782,2,2023-2024,9.22,44.93,0
STU0782,3,2024-2025,8.8,47.12,0
STU0782,4,2024-2025,8.9,42.92,0
STU0783,1,2023-2024,8.05,39.66,0
STU0783,2,2023-2024,8.5,39.38,0
STU0783,3,2024-2025,8.17,36.89,0
STU0783,4,2024-2025,7.84,44.12,0
STU0784,1,2023-2024,8.16,33.15,0
STU0784,2,2023-2024,8.18,39.47,0
STU0784,3,2024-2025,7.98,44.86,0
STU0784,4,2024-2025,7.99,41.4,0
STU0785,1,2023-2024,8.39,45.07,0
STU0785,2,2023-2024,8.9,42.37,0
STU0785,3,2024-2025,8.42,35.86,0
STU0785,4,2024-2025,8.34,44.49,0
STU0786,1,2023-2024,6.21,25.69,0
STU0786,2,2023-2024,6.53,36.95,0
STU0786,3,2024-2025,6.4,34.97,0
STU0786,4,2024-2025,6.6,37.61,0
STU0787,1,2023-2024,4.4,27.96,0
STU0787,2,2023-2024,4.08,11.4,0
STU0787,3,2024-2025,4.22,25.45,1
STU0787,4,2024-2025,4.16,27.06,2
STU0788,1,2023-2024,4.9,25.65,0
STU0788,2,2023-2024,4.78,26.52,0
STU0788,3,2024-2025,4.85,44.35,1
STU0788,4,2024-2025,5.06,21.34,0
STU0789,1,2023-2024,9.21,50.0,0
STU0789,2,2023-2024,9.67,50.0,0
STU0789,3,2024-2025,8.66,40.45,0
STU0789,4,2024-2025,8.91,37.63,0
STU0790,1,2023-2024,8.72,42.51,0
STU0790,2,2023-2024,9.09,37.16,0
STU0790,3,2024-2025,9.4,43.17,0
STU0790,4,2024-2025,8.85,48.79,0
STU0791,1,2023-2024,6.09,38.29,0
STU0791,2,2023-2024,6.2,31.95,0
STU0791,3,2024-2025,6.03,32.9,0
STU0791,4,2024-2025,6.61,31.22,0
STU0792,1,2023-2024,9.28,36.3,0
STU0792,2,2023-2024,9.79,48.04,0
STU0792,3,2024-2025,9.13,48.17,0
STU0792,4,2024-2025,8.7,48.0,0
STU0793,1,2023-2024,8.37,48.25,0
STU0793,2,2023-2024,8.15,45.09,0
STU0793,3,2024-2025,8.39,45.41,0
STU0793,4,2024-2025,8.19,38.96,0
STU0794,1,2023-2024,6.82,31.3,0
STU0794,2,2023-2024,7.5,44.9,0
STU0794,3,2024-2025,7.36,36.45,0
STU0794,4,2024-2025,7.72,31.75,0
STU0795,1,2023-2024,8.75,46.62,0
STU0795,2,2023-2024,8.88,34.09,0
STU0795,3,2024-2025,8.14,30.75,0
STU0795,4,2024-2025,8.36,41.35,0
STU0796,1,2023-2024,5.88,33.53,1
STU0796,2,2023-2024,6.31,40.57,0
STU0796,3,2024-2025,6.33,33.95,0
STU0796,4,2024-2025,5.65,33.35,0
STU0797,1,2023-2024,6.87,35.76,0
STU0797,2,2023-2024,7.06,32.58,0
STU0797,3,2024-2025,6.81,33.14,0
STU0797,4,2024-2025,6.97,39.96,0
STU0798,1,2023-2024,6.05,34.06,0
STU0798,2,2023-2024,6.39,27.99,0
STU0798,3,2024-2025,6.01,33.54,0
STU0798,4,2024-2025,6.13,40.35,0
STU0799,1,2023-2024,8.14,35.15,0
STU0799,2,2023-2024,8.61,44.28,0
STU0799,3,2024-2025,9.1,50.0,0
STU0799,4,2024-2025,8.62,43.84,0
STU0800,1,2023-2024,3.33,16.54,0
STU0800,2,2023-2024,3.2,9.81,0
STU0800,3,2024-2025,3.21,20.88,0
STU0800,4,2024-2025,2.94,16.54,0
STU0801,1,2023-2024,9.54,42.9,0
STU0801,2,2023-2024,9.49,50.0,0
STU0801,3,2024-2025,9.45,50.0,0
STU0801,4,2024-2025,9.64,50.0,0
STU0802,1,2023-2024,7.72,38.22,0
STU0802,2,2023-2024,7.19,36.93,0
STU0802,3,2024-2025,7.34,41.71,0
STU0802,4,2024-2025,7.39,44.53,0
STU0803,1,2023-2024,7.15,38.89,0
STU0803,2,2023-2024,8.12,42.41,0
STU0803,3,2024-2025,7.54,37.0,0
STU0803,4,2024-2025,7.96,43.91,0
STU0804,1,2023-2024,7.62,34.12,0
STU0804,2,2023-2024,6.95,26.27,0
STU0804,3,2024-2025,7.46,41.94,0
STU0804,4,2024-2025,6.5,34.7,0
STU0805,1,2023-2024,8.26,50.0,0
STU0805,2,2023-2024,7.79,50.0,0
STU0805,3,2024-2025,8.47,42.45,0
STU0805,4,2024-2025,8.36,37.13,0
STU0806,1,2023-2024,5.29,33.65,0
STU0806,2,2023-2024,6.19,31.53,0
STU0806,3,2024-2025,5.94,28.3,0
STU0806,4,2024-2025,5.56,49.31,0
STU0807,1,2023-2024,7.65,41.22,0
STU0807,2,2023-2024,7.08,29.49,0
STU0807,3,2024-2025,7.69,38.98,0
STU0807,4,2024-2025,6.81,29.72,0
STU0808,1,2023-2024,8.0,43.87,0
STU0808,2,2023-2024,8.14,40.37,0
STU0808,3,2024-2025,8.38,37.34,0
STU0808,4,2024-2025,8.68,42.39,0
STU0809,1,2023-2024,7.26,39.29,0
STU0809,2,2023-2024,7.54,29.75,0
STU0809,3,2024-2025,7.68,43.62,0
STU0809,4,2024-2025,7.7,30.87,0
STU0810,1,2023-2024,8.6,36.98,0
STU0810,2,2023-2024,8.33,42.32,0
STU0810,3,2024-2025,8.38,34.81,0
STU0810,4,2024-2025,8.37,31.8,0
STU0811,1,2023-2024,7.19,35.13,0
STU0811,2,2023-2024,7.68,35.85,0
STU0811,3,2024-2025,7.46,35.19,0
STU0811,4,2024-2025,7.27,30.51,0
STU0812,1,2023-2024,5.98,25.58,0
STU0812,2,2023-2024,5.97,28.69,0
STU0812,3,2024-2025,6.31,33.03,0
STU0812,4,2024-2025,6.19,35.34,0
STU0813,1,2023-2024,6.15,28.3,0
STU0813,2,2023-2024,6.5,26.88,0
STU0813,3,2024-2025,6.18,37.33,0
STU0813,4,2024-2025,6.2,28.72,0
STU0814,1,2023-2024,3.94,25.6,0
STU0814,2,2023-2024,4.13,23.75,0
STU0814,3,2024-2025,4.04,18.51,2
STU0814,4,2024-2025,3.44,17.43,0
STU0815,1,2023-2024,5.13,16.19,2
STU0815,2,2023-2024,5.19,17.47,1
STU0815,3,2024-2025,4.84,27.89,1
STU0815,4,2024-2025,4.92,22.24,1
STU0816,1,2023-2024,9.74,45.01,0
STU0816,2,2023-2024,9.24,50.0,0
STU0816,3,2024-2025,9.05,46.61,0
STU0816,4,2024-2025,9.5,49.55,0
STU0817,1,2023-2024,9.77,43.08,0
STU0817,2,2023-2024,8.98,48.25,0
STU0817,3,2024-2025,9.65,50.0,0
STU0817,4,2024-2025,8.84,40.94,0
STU0818,1,2023-2024,5.79,24.76,0
STU0818,2,2023-2024,6.0,27.71,0
STU0818,3,2024-2025,6.05,23.55,0
STU0818,4,2024-2025,6.31,39.55,0
STU0819,1,2023-2024,5.89,39.05,1
STU0819,2,2023-2024,5.32,36.28,1
STU0819,3,2024-2025,5.48,22.91,0
STU0819,4,2024-2025,5.88,33.88,1
STU0820,1,2023-2024,6.58,35.41,0
STU0820,2,2023-2024,7.24,36.54,0
STU0820,3,2024-2025,6.88,32.1,0
STU0820,4,2024-2025,7.08,27.68,0
STU0821,1,2023-2024,6.29,30.79,0
STU0821,2,2023-2024,6.16,34.56,0
STU0821,3,2024-2025,6.11,33.31,0
STU0821,4,2024-2025,6.23,30.17,0
STU0822,1,2023-2024,9.22,48.89,0
STU0822,2,2023-2024,8.58,42.15,0
STU0822,3,2024-2025,9.35,50.0,0
STU0822,4,2024-2025,8.78,41.71,0
STU0823,1,2023-2024,7.69,44.17,0
STU0823,2,2023-2024,7.41,32.12,0
STU0823,3,2024-2025,7.21,38.29,0
STU0823,4,2024-2025,7.48,41.74,0
STU0824,1,2023-2024,8.57,40.39,0
STU0824,2,2023-2024,8.12,43.89,0
STU0824,3,2024-2025,8.09,47.2,0
STU0824,4,2024-2025,7.91,44.41,0
STU0825,1,2023-2024,6.98,32.93,0
STU0825,2,2023-2024,6.38,29.48,0
STU0825,3,2024-2025,7.26,42.8,0
STU0825,4,2024-2025,6.81,33.05,0
STU0826,1,2023-2024,8.54,43.06,0
STU0826,2,2023-2024,8.57,33.22,0
STU0826,3,2024-2025,8.71,49.98,0
STU0826,4,2024-2025,8.61,36.73,0
STU0827,1,2023-2024,5.64,32.79,0
STU0827,2,2023-2024,6.06,37.39,0
STU0827,3,2024-2025,5.91,27.73,1
STU0827,4,2024-2025,5.84,26.75,1
STU0828,1,2023-2024,5.27,21.48,0
STU0828,2,2023-2024,5.77,28.22,0
STU0828,3,2024-2025,5.99,26.26,0
STU0828,4,2024-2025,5.07,23.77,0
STU0829,1,2023-2024,7.58,31.92,0
STU0829,2,2023-2024,7.25,28.18,0
STU0829,3,2024-2025,7.18,34.65,0
STU0829,4,2024-2025,6.85,32.69,0
STU0830,1,2023-2024,6.52,43.18,0
STU0830,2,2023-2024,6.63,23.93,0
STU0830,3,2024-2025,6.27,28.0,0
STU0830,4,2024-2025,6.56,37.21,0
STU0831,1,2023-2024,4.08,16.49,2
STU0831,2,2023-2024,3.85,23.37,0
STU0831,3,2024-2025,4.55,27.68,0
STU0831,4,2024-2025,3.6,19.04,0
STU0832,1,2023-2024,6.12,25.32,0
STU0832,2,2023-2024,6.18,29.12,0
STU0832,3,2024-2025,6.3,34.26,0
STU0832,4,2024-2025,5.82,41.18,0
STU0833,1,2023-2024,9.69,50.0,0
STU0833,2,2023-2024,9.73,48.42,0
STU0833,3,2024-2025,9.11,40.07,0
STU0833,4,2024-2025,9.57,37.87,0
STU0834,1,2023-2024,6.88,35.12,0
STU0834,2,2023-2024,7.36,37.16,0
STU0834,3,2024-2025,7.18,26.5,0
STU0834,4,2024-2025,7.33,36.35,0
STU0835,1,2023-2024,8.46,32.54,0
STU0835,2,2023-2024,8.31,42.98,0
STU0835,3,2024-2025,8.2,44.01,0
STU0835,4,2024-2025,8.23,34.45,0
STU0836,1,2023-2024,9.2,46.27,0
STU0836,2,2023-2024,9.35,39.75,0
STU0836,3,2024-2025,8.93,45.23,0
STU0836,4,2024-2025,9.42,40.79,0
STU0837,1,2023-2024,6.34,27.98,0
STU0837,2,2023-2024,6.86,30.51,0
STU0837,3,2024-2025,6.29,30.51,0
STU0837,4,2024-2025,6.75,28.4,0
STU0838,1,2023-2024,6.17,31.35,0
STU0838,2,2023-2024,5.64,17.94,0
STU0838,3,2024-2025,6.07,33.27,0
STU0838,4,2024-2025,5.74,32.81,0
STU0839,1,2023-2024,8.33,49.24,0
STU0839,2,2023-2024,7.96,39.4,0
STU0839,3,2024-2025,8.28,43.18,0
STU0839,4,2024-2025,8.82,40.08,0
STU0840,1,2023-2024,4.67,25.5,1
STU0840,2,2023-2024,4.26,23.86,1
STU0840,3,2024-2025,4.72,23.84,0
STU0840,4,2024-2025,4.83,22.61,2
STU0841,1,2023-2024,6.09,21.18,0
STU0841,2,2023-2024,5.19,21.66,0
STU0841,3,2024-2025,6.19,30.18,0
STU0841,4,2024-2025,5.97,32.45,1
STU0842,1,2023-2024,6.54,25.67,0
STU0842,2,2023-2024,7.21,40.49,0
STU0842,3,2024-2025,6.58,35.13,0
STU0842,4,2024-2025,7.38,31.77,0
STU0843,1,2023-2024,9.76,50.0,0
STU0843,2,2023-2024,9.66,50.0,0
STU0843,3,2024-2025,8.82,45.58,0
STU0843,4,2024-2025,9.05,30.75,0
STU0844,1,2023-2024,9.15,41.63,0
STU0844,2,2023-2024,9.49,50.0,0
STU0844,3,2024-2025,9.17,47.78,0
STU0844,4,2024-2025,9.26,47.16,0
STU0845,1,2023-2024,6.29,30.97,0
STU0845,2,2023-2024,5.72,33.35,0
STU0845,3,2024-2025,6.16,33.56,0
STU0845,4,2024-2025,6.08,35.68,0
STU0846,1,2023-2024,7.59,42.15,0
STU0846,2,2023-2024,7.39,41.28,0
STU0846,3,2024-2025,7.46,40.98,0
STU0846,4,2024-2025,7.0,37.94,0
STU0847,1,2023-2024,5.87,29.65,1
STU0847,2,2023-2024,5.4,32.33,1
STU0847,3,2024-2025,5.81,20.87,2
STU0847,4,2024-2025,5.01,24.54,0
STU0848,1,2023-2024,7.33,37.28,0
STU0848,2,2023-2024,7.72,32.95,0
STU0848,3,2024-2025,7.91,46.54,0
STU0848,4,2024-2025,7.34,30.85,0
STU0849,1,2023-2024,8.08,40.8,0
STU0849,2,2023-2024,8.59,41.55,0
STU0849,3,2024-2025,9.14,43.02,0
STU0849,4,2024-2025,8.52,50.0,0
STU0850,1,2023-2024,7.72,44.63,0
STU0850,2,2023-2024,7.19,29.99,0
STU0850,3,2024-2025,7.37,31.35,0
STU0850,4,2024-2025,7.0,24.03,0
STU0851,1,2023-2024,9.86,48.64,0
STU0851,2,2023-2024,9.87,44.88,0
STU0851,3,2024-2025,10.0,50.0,0
STU0851,4,2024-2025,9.57,50.0,0
STU0852,1,2023-2024,7.98,50.0,0
STU0852,2,2023-2024,7.55,38.34,0
STU0852,3,2024-2025,7.47,43.7,0
STU0852,4,2024-2025,7.9,37.56,0
STU0853,1,2023-2024,9.37,47.61,0
STU0853,2,2023-2024,8.73,36.45,0
STU0853,3,2024-2025,8.32,48.63,0
STU0853,4,2024-2025,7.92,39.82,0
STU0854,1,2023-2024,7.74,41.41,0
STU0854,2,2023-2024,7.8,38.77,0
STU0854,3,2024-2025,7.99,38.48,0
STU0854,4,2024-2025,7.88,43.24,0
STU0855,1,2023-2024,5.45,27.06,0
STU0855,2,2023-2024,5.76,24.2,1
STU0855,3,2024-2025,5.38,27.57,0
STU0855,4,2024-2025,5.37,32.87,0
STU0856,1,2023-2024,8.81,37.37,0
STU0856,2,2023-2024,8.69,43.29,0
STU0856,3,2024-2025,9.58,45.15,0
STU0856,4,2024-2025,8.53,49.05,0
STU0857,1,2023-2024,8.12,37.62,0
STU0857,2,2023-2024,8.36,44.71,0
STU0857,3,2024-2025,8.57,39.55,0
STU0857,4,2024-2025,8.26,50.0,0
STU0858,1,2023-2024,5.69,31.08,1
STU0858,2,2023-2024,5.54,34.81,0
STU0858,3,2024-2025,5.49,26.31,0
STU0858,4,2024-2025,5.42,25.08,1
STU0859,1,2023-2024,6.28,34.86,0
STU0859,2,2023-2024,6.6,22.5,0
STU0859,3,2024-2025,7.05,31.78,0
STU0859,4,2024-2025,7.17,36.66,0
STU0860,1,2023-2024,7.14,32.28,0
STU0860,2,2023-2024,7.36,31.6,0
STU0860,3,2024-2025,6.92,31.74,0
STU0860,4,2024-2025,7.76,37.63,0
STU0861,1,2023-2024,7.91,37.13,0
STU0861,2,2023-2024,7.54,39.57,0
STU0861,3,2024-2025,7.83,40.85,0
STU0861,4,2024-2025,8.28,34.7,0
STU0862,1,2023-2024,4.47,17.33,1
STU0862,2,2023-2024,3.97,19.71,2
STU0862,3,2024-2025,3.88,15.85,1
STU0862,4,2024-2025,4.62,19.8,0
STU0863,1,2023-2024,5.96,27.45,0
STU0863,2,2023-2024,6.0,25.67,0
STU0863,3,2024-2025,6.08,31.25,0
STU0863,4,2024-2025,5.72,28.73,0
STU0864,1,2023-2024,7.31,25.6,0
STU0864,2,2023-2024,6.84,31.69,0
STU0864,3,2024-2025,7.05,33.03,0
STU0864,4,2024-2025,7.0,40.72,0
STU0865,1,2023-2024,5.13,27.64,0
STU0865,2,2023-2024,4.74,24.64,0
STU0865,3,2024-2025,4.21,23.96,0
STU0865,4,2024-2025,4.56,23.97,0
STU0866,1,2023-2024,4.16,21.05,0
STU0866,2,2023-2024,4.4,19.63,0
STU0866,3,2024-2025,4.26,24.76,2
STU0866,4,2024-2025,4.19,18.96,0
STU0867,1,2023-2024,8.65,46.71,0
STU0867,2,2023-2024,8.41,38.61,0
STU0867,3,2024-2025,8.34,47.2,0
STU0867,4,2024-2025,8.82,50.0,0
STU0868,1,2023-2024,6.56,31.26,0
STU0868,2,2023-2024,6.26,18.13,0
STU0868,3,2024-2025,7.13,36.7,0
STU0868,4,2024-2025,6.64,28.06,0
STU0869,1,2023-2024,7.58,28.04,0
STU0869,2,2023-2024,7.6,30.46,0
STU0869,3,2024-2025,7.26,39.5,0
STU0869,4,2024-2025,7.61,37.13,0
STU0870,1,2023-2024,8.85,44.22,0
STU0870,2,2023-2024,7.98,46.81,0
STU0870,3,2024-2025,8.08,38.01,0
STU0870,4,2024-2025,8.27,37.45,0
STU0871,1,2023-2024,9.38,42.45,0
STU0871,2,2023-2024,9.03,45.4,0
STU0871,3,2024-2025,8.63,50.0,0
STU0871,4,2024-2025,9.4,46.15,0
STU0872,1,2023-2024,4.97,28.41,0
STU0872,2,2023-2024,4.81,16.8,0
STU0872,3,2024-2025,4.84,23.67,1
STU0872,4,2024-2025,5.21,30.72,0
STU0873,1,2023-2024,9.0,50.0,0
STU0873,2,2023-2024,8.77,37.89,0
STU0873,3,2024-2025,9.22,38.52,0
STU0873,4,2024-2025,8.91,50.0,0
STU0874,1,2023-2024,8.3,35.92,0
STU0874,2,2023-2024,8.4,38.53,0
STU0874,3,2024-2025,9.0,42.89,0
STU0874,4,2024-2025,9.03,36.48,0
STU0875,1,2023-2024,9.27,44.33,0
STU0875,2,2023-2024,10.0,50.0,0
STU0875,3,2024-2025,9.95,49.86,0
STU0875,4,2024-2025,9.74,50.0,0
STU0876,1,2023-2024,5.12,26.29,1
STU0876,2,2023-2024,5.25,33.6,0
STU0876,3,2024-2025,4.88,26.43,0
STU0876,4,2024-2025,5.1,21.61,0
STU0877,1,2023-2024,8.7,50.0,0
STU0877,2,2023-2024,8.61,50.0,0
STU0877,3,2024-2025,8.29,42.06,0
STU0877,4,2024-2025,9.27,49.18,0
STU0878,1,2023-2024,9.21,48.34,0
STU0878,2,2023-2024,8.65,37.74,0
STU0878,3,2024-2025,9.06,44.06,0
STU0878,4,2024-2025,8.88,38.3,0
STU0879,1,2023-2024,6.73,37.61,0
STU0879,2,2023-2024,7.25,42.83,0
STU0879,3,2024-2025,7.81,39.91,0
STU0879,4,2024-2025,7.45,48.82,0
STU0880,1,2023-2024,4.85,22.84,1
STU0880,2,2023-2024,4.66,23.59,0
STU0880,3,2024-2025,4.18,9.42,0
STU0880,4,2024-2025,4.75,27.09,0
STU0881,1,2023-2024,9.2,48.45,0
STU0881,2,2023-2024,9.07,47.36,0
STU0881,3,2024-2025,8.51,35.98,0
STU0881,4,2024-2025,9.18,47.52,0
STU0882,1,2023-2024,7.95,36.12,0
STU0882,2,2023-2024,7.74,35.81,0
STU0882,3,2024-2025,8.01,42.28,0
STU0882,4,2024-2025,8.07,33.73,0
STU0883,1,2023-2024,4.49,24.09,1
STU0883,2,2023-2024,4.21,23.72,0
STU0883,3,2024-2025,4.84,25.66,1
STU0883,4,2024-2025,4.55,16.89,0
STU0884,1,2023-2024,6.88,30.03,0
STU0884,2,2023-2024,7.03,36.45,0
STU0884,3,2024-2025,7.13,35.91,0
STU0884,4,2024-2025,6.84,32.08,0
STU0885,1,2023-2024,6.71,41.51,0
STU0885,2,2023-2024,7.13,25.44,0
STU0885,3,2024-2025,7.19,33.28,0
STU0885,4,2024-2025,6.44,36.88,0
STU0886,1,2023-2024,5.1,33.35,0
STU0886,2,2023-2024,4.99,22.84,0
STU0886,3,2024-2025,4.99,29.04,1
STU0886,4,2024-2025,4.92,24.53,3
STU0887,1,2023-2024,5.05,23.92,0
STU0887,2,2023-2024,4.67,24.54,0
STU0887,3,2024-2025,4.46,13.52,1
STU0887,4,2024-2025,4.44,23.7,1
STU0888,1,2023-2024,6.25,25.46,0
STU0888,2,2023-2024,6.42,32.26,0
STU0888,3,2024-2025,6.24,28.05,0
STU0888,4,2024-2025,6.24,21.56,0
STU0889,1,2023-2024,8.82,50.0,0
STU0889,2,2023-2024,8.7,42.46,0
STU0889,3,2024-2025,8.5,41.53,0
STU0889,4,2024-2025,8.35,37.56,0
STU0890,1,2023-2024,8.01,39.37,0
STU0890,2,2023-2024,8.09,42.01,0
STU0890,3,2024-2025,7.49,35.81,0
STU0890,4,2024-2025,8.36,39.99,0
STU0891,1,2023-2024,6.49,30.61,0
STU0891,2,2023-2024,6.64,32.69,0
STU0891,3,2024-2025,6.47,35.44,0
STU0891,4,2024-2025,6.61,27.4,0
STU0892,1,2023-2024,8.5,37.92,0
STU0892,2,2023-2024,8.59,40.35,0
STU0892,3,2024-2025,8.59,38.71,0
STU0892,4,2024-2025,8.47,40.72,0
STU0893,1,2023-2024,4.33,23.33,1
STU0893,2,2023-2024,4.05,23.9,1
STU0893,3,2024-2025,4.47,21.63,1
STU0893,4,2024-2025,4.24,16.37,0
STU0894,1,2023-2024,7.19,36.47,0
STU0894,2,2023-2024,6.84,40.4,0
STU0894,3,2024-2025,7.16,37.3,0
STU0894,4,2024-2025,7.38,43.14,0
STU0895,1,2023-2024,5.76,25.37,0
STU0895,2,2023-2024,6.03,23.48,0
STU0895,3,2024-2025,5.61,27.42,0
STU0895,4,2024-2025,5.84,29.81,0
STU0896,1,2023-2024,6.5,37.97,0
STU0896,2,2023-2024,6.53,39.24,0
STU0896,3,2024-2025,6.17,25.19,0
STU0896,4,2024-2025,6.34,23.87,0
STU0897,1,2023-2024,5.95,24.83,0
STU0897,2,2023-2024,6.4,30.07,0
STU0897,3,2024-2025,6.72,37.87,0
STU0897,4,2024-2025,5.85,24.05,1
STU0898,1,2023-2024,7.69,41.14,0
STU0898,2,2023-2024,8.36,38.62,0
STU0898,3,2024-2025,7.97,44.51,0
STU0898,4,2024-2025,8.01,47.02,0
STU0899,1,2023-2024,7.87,36.96,0
STU0899,2,2023-2024,7.49,34.22,0
STU0899,3,2024-2025,7.72,35.46,0
STU0899,4,2024-2025,7.73,35.49,0
STU0900,1,2023-2024,6.08,35.38,0
STU0900,2,2023-2024,5.85,28.37,2
STU0900,3,2024-2025,6.49,32.81,0
STU0900,4,2024-2025,6.31,30.65,0
STU0901,1,2023-2024,6.66,35.98,0
STU0901,2,2023-2024,6.89,45.49,0
STU0901,3,2024-2025,6.95,29.65,0
STU0901,4,2024-2025,6.54,33.48,0
STU0902,1,2023-2024,8.63,40.87,0
STU0902,2,2023-2024,9.23,50.0,0
STU0902,3,2024-2025,9.18,50.0,0
STU0902,4,2024-2025,8.7,49.09,0
STU0903,1,2023-2024,6.1,28.8,0
STU0903,2,2023-2024,5.94,30.34,2
STU0903,3,2024-2025,6.14,26.8,0
STU0903,4,2024-2025,5.78,24.21,0
STU0904,1,2023-2024,5.96,30.02,0
STU0904,2,2023-2024,6.28,25.91,0
STU0904,3,2024-2025,5.74,24.13,0
STU0904,4,2024-2025,6.19,38.96,0
STU0905,1,2023-2024,7.7,33.95,0
STU0905,2,2023-2024,8.02,36.54,0
STU0905,3,2024-2025,8.29,47.32,0
STU0905,4,2024-2025,8.55,48.3,0
STU0906,1,2023-2024,7.85,43.51,0
STU0906,2,2023-2024,8.93,39.17,0
STU0906,3,2024-2025,7.75,38.68,0
STU0906,4,2024-2025,8.71,41.43,0
STU0907,1,2023-2024,3.77,23.38,0
STU0907,2,2023-2024,4.04,22.69,1
STU0907,3,2024-2025,3.81,18.66,1
STU0907,4,2024-2025,4.37,19.84,0
STU0908,1,2023-2024,6.41,32.9,0
STU0908,2,2023-2024,5.55,23.95,2
STU0908,3,2024-2025,5.96,28.91,0
STU0908,4,2024-2025,6.09,39.01,0
STU0909,1,2023-2024,8.05,33.58,0
STU0909,2,2023-2024,8.72,47.17,0
STU0909,3,2024-2025,8.31,40.71,0
STU0909,4,2024-2025,8.34,41.89,0
STU0910,1,2023-2024,4.51,24.49,0
STU0910,2,2023-2024,4.59,22.65,3
STU0910,3,2024-2025,5.12,28.02,0
STU0910,4,2024-2025,5.0,23.15,1
STU0911,1,2023-2024,5.59,24.63,0
STU0911,2,2023-2024,5.19,17.3,0
STU0911,3,2024-2025,5.71,26.29,1
STU0911,4,2024-2025,5.3,22.74,0
STU0912,1,2023-2024,7.82,40.08,0
STU0912,2,2023-2024,7.51,38.22,0
STU0912,3,2024-2025,7.47,28.01,0
STU0912,4,2024-2025,7.55,34.76,0
STU0913,1,2023-2024,2.91,12.4,1
STU0913,2,2023-2024,3.37,17.26,0
STU0913,3,2024-2025,2.96,9.33,0
STU0913,4,2024-2025,2.79,12.23,0
STU0914,1,2023-2024,6.49,35.23,0
STU0914,2,2023-2024,6.14,20.03,0
STU0914,3,2024-2025,5.98,21.01,1
STU0914,4,2024-2025,5.69,26.18,0
STU0915,1,2023-2024,6.97,27.47,0
STU0915,2,2023-2024,6.69,32.56,0
STU0915,3,2024-2025,7.1,39.47,0
STU0915,4,2024-2025,6.47,27.63,0
STU0916,1,2023-2024,9.61,42.94,0
STU0916,2,2023-2024,9.75,50.0,0
STU0916,3,2024-2025,10.0,48.03,0
STU0916,4,2024-2025,9.13,50.0,0
STU0917,1,2023-2024,8.67,44.77,0
STU0917,2,2023-2024,8.42,49.08,0
STU0917,3,2024-2025,8.28,35.87,0
STU0917,4,2024-2025,8.92,43.68,0
STU0918,1,2023-2024,3.62,27.27,1
STU0918,2,2023-2024,3.69,11.0,0
STU0918,3,2024-2025,4.07,19.36,0
STU0918,4,2024-2025,4.13,22.55,0
STU0919,1,2023-2024,8.73,41.05,0
STU0919,2,2023-2024,8.02,38.95,0
STU0919,3,2024-2025,9.41,45.15,0
STU0919,4,2024-2025,8.21,37.79,0
STU0920,1,2023-2024,8.89,50.0,0
STU0920,2,2023-2024,8.98,41.16,0
STU0920,3,2024-2025,8.67,42.99,0
STU0920,4,2024-2025,8.99,43.33,0
STU0921,1,2023-2024,8.65,46.07,0
STU0921,2,2023-2024,8.28,35.96,0
STU0921,3,2024-2025,9.03,41.63,0
STU0921,4,2024-2025,8.9,48.49,0
STU0922,1,2023-2024,10.0,45.17,0
STU0922,2,2023-2024,9.61,44.61,0
STU0922,3,2024-2025,10.0,50.0,0
STU0922,4,2024-2025,9.65,45.56,0
STU0923,1,2023-2024,7.75,30.72,0
STU0923,2,2023-2024,7.53,38.63,0
STU0923,3,2024-2025,7.84,31.94,0
STU0923,4,2024-2025,8.02,45.2,0
STU0924,1,2023-2024,6.47,42.72,0
STU0924,2,2023-2024,5.81,16.78,0
STU0924,3,2024-2025,6.58,25.89,0
STU0924,4,2024-2025,6.67,32.3,0
STU0925,1,2023-2024,5.07,15.17,2
STU0925,2,2023-2024,4.75,13.34,1
STU0925,3,2024-2025,5.19,30.16,0
STU0925,4,2024-2025,4.84,30.77,0
STU0926,1,2023-2024,6.62,32.76,0
STU0926,2,2023-2024,6.77,28.63,0
STU0926,3,2024-2025,6.5,32.66,0
STU0926,4,2024-2025,6.6,37.54,0
STU0927,1,2023-2024,6.43,34.27,0
STU0927,2,2023-2024,5.23,19.61,1
STU0927,3,2024-2025,5.75,21.78,0
STU0927,4,2024-2025,5.55,32.95,1
STU0928,1,2023-2024,9.82,50.0,0
STU0928,2,2023-2024,9.37,44.15,0
STU0928,3,2024-2025,9.12,37.89,0
STU0928,4,2024-2025,9.55,49.43,0
STU0929,1,2023-2024,5.21,20.17,1
STU0929,2,2023-2024,4.92,25.55,0
STU0929,3,2024-2025,5.02,27.78,1
STU0929,4,2024-2025,5.38,21.62,0
STU0930,1,2023-2024,6.7,33.97,0
STU0930,2,2023-2024,6.34,33.55,0
STU0930,3,2024-2025,6.15,32.48,0
STU0930,4,2024-2025,6.29,36.49,0
STU0931,1,2023-2024,8.38,46.23,0
STU0931,2,2023-2024,8.7,42.17,0
STU0931,3,2024-2025,8.89,43.73,0
STU0931,4,2024-2025,8.83,49.37,0
STU0932,1,2023-2024,5.9,31.85,1
STU0932,2,2023-2024,7.03,39.13,0
STU0932,3,2024-2025,6.75,30.02,0
STU0932,4,2024-2025,6.76,33.93,0
STU0933,1,2023-2024,8.84,42.73,0
STU0933,2,2023-2024,8.98,47.49,0
STU0933,3,2024-2025,9.03,31.82,0
STU0933,4,2024-2025,9.11,43.93,0
STU0934,1,2023-2024,5.15,23.97,0
STU0934,2,2023-2024,5.09,23.38,0
STU0934,3,2024-2025,4.68,20.98,0
STU0934,4,2024-2025,5.21,26.51,1
STU0935,1,2023-2024,7.19,45.35,0
STU0935,2,2023-2024,7.75,39.21,0
STU0935,3,2024-2025,7.52,42.99,0
STU0935,4,2024-2025,7.27,32.75,0
STU0936,1,2023-2024,6.8,46.95,0
STU0936,2,2023-2024,6.46,37.47,0
STU0936,3,2024-2025,6.78,31.62,0
STU0936,4,2024-2025,6.8,38.15,0
STU0937,1,2023-2024,8.57,41.92,0
STU0937,2,2023-2024,7.87,40.13,0
STU0937,3,2024-2025,8.15,37.01,0
STU0937,4,2024-2025,7.99,48.98,0
STU0938,1,2023-2024,6.57,37.11,0
STU0938,2,2023-2024,7.36,40.11,0
STU0938,3,2024-2025,6.93,31.82,0
STU0938,4,2024-2025,7.08,37.44,0
STU0939,1,2023-2024,6.43,35.45,0
STU0939,2,2023-2024,6.82,32.62,0
STU0939,3,2024-2025,6.97,29.8,0
STU0939,4,2024-2025,6.8,31.49,0
STU0940,1,2023-2024,6.31,36.53,0
STU0940,2,2023-2024,6.32,35.04,0
STU0940,3,2024-2025,6.57,33.6,0
STU0940,4,2024-2025,6.19,33.22,0
STU0941,1,2023-2024,7.22,33.76,0
STU0941,2,2023-2024,7.02,41.26,0
STU0941,3,2024-2025,6.5,30.31,0
STU0941,4,2024-2025,6.83,38.46,0
STU0942,1,2023-2024,5.65,25.53,0
STU0942,2,2023-2024,6.36,28.83,0
STU0942,3,2024-2025,6.0,26.57,1
STU0942,4,2024-2025,6.29,37.94,0
STU0943,1,2023-2024,5.71,35.86,0
STU0943,2,2023-2024,5.8,36.37,0
STU0943,3,2024-2025,5.55,25.5,0
STU0943,4,2024-2025,5.63,23.94,1
STU0944,1,2023-2024,8.69,49.95,0
STU0944,2,2023-2024,8.14,34.37,0
STU0944,3,2024-2025,8.31,39.43,0
STU0944,4,2024-2025,8.14,42.2,0
STU0945,1,2023-2024,7.88,39.03,0
STU0945,2,2023-2024,8.77,50.0,0
STU0945,3,2024-2025,8.89,50.0,0
STU0945,4,2024-2025,8.39,40.97,0
STU0946,1,2023-2024,8.04,43.09,0
STU0946,2,2023-2024,8.23,39.43,0
STU0946,3,2024-2025,8.43,41.24,0
STU0946,4,2024-2025,8.12,37.22,0
STU0947,1,2023-2024,8.27,44.54,0
STU0947,2,2023-2024,7.83,40.37,0
STU0947,3,2024-2025,7.85,36.59,0
STU0947,4,2024-2025,8.18,38.88,0
STU0948,1,2023-2024,6.01,26.68,0
STU0948,2,2023-2024,6.31,24.38,0
STU0948,3,2024-2025,6.11,18.09,0
STU0948,4,2024-2025,6.06,30.4,0
STU0949,1,2023-2024,6.7,29.11,0
STU0949,2,2023-2024,7.28,23.67,0
STU0949,3,2024-2025,6.97,43.68,0
STU0949,4,2024-2025,6.94,44.6,0
STU0950,1,2023-2024,9.1,49.51,0
STU0950,2,2023-2024,9.12,39.97,0
STU0950,3,2024-2025,9.44,43.26,0
STU0950,4,2024-2025,8.89,40.88,0
STU0951,1,2023-2024,6.72,30.68,0
STU0951,2,2023-2024,6.34,34.74,0
STU0951,3,2024-2025,6.59,38.95,0
STU0951,4,2024-2025,7.25,38.9,0
STU0952,1,2023-2024,6.15,31.23,0
STU0952,2,2023-2024,6.39,29.98,0
STU0952,3,2024-2025,6.65,24.61,0
STU0952,4,2024-2025,6.19,26.28,0
STU0953,1,2023-2024,5.68,35.02,0
STU0953,2,2023-2024,5.36,25.23,0
STU0953,3,2024-2025,5.89,24.31,1
STU0953,4,2024-2025,5.54,24.17,0
STU0954,1,2023-2024,5.82,26.9,1
STU0954,2,2023-2024,5.93,30.53,1
STU0954,3,2024-2025,5.87,29.98,1
STU0954,4,2024-2025,6.53,42.08,0
STU0955,1,2023-2024,8.66,47.35,0
STU0955,2,2023-2024,8.41,38.22,0
STU0955,3,2024-2025,8.87,46.21,0
STU0955,4,2024-2025,8.86,49.68,0
STU0956,1,2023-2024,7.81,41.0,0
STU0956,2,2023-2024,8.12,43.05,0
STU0956,3,2024-2025,8.0,42.54,0
STU0956,4,2024-2025,8.1,38.04,0
STU0957,1,2023-2024,6.0,34.31,1
STU0957,2,2023-2024,6.07,36.45,0
STU0957,3,2024-2025,5.85,33.44,0
STU0957,4,2024-2025,5.97,30.75,0
STU0958,1,2023-2024,5.71,30.27,0
STU0958,2,2023-2024,6.01,29.2,0
STU0958,3,2024-2025,6.13,31.96,0
STU0958,4,2024-2025,6.57,36.29,0
STU0959,1,2023-2024,8.35,43.38,0
STU0959,2,2023-2024,8.46,43.07,0
STU0959,3,2024-2025,8.71,47.15,0
STU0959,4,2024-2025,8.56,42.15,0
STU0960,1,2023-2024,6.87,30.6,0
STU0960,2,2023-2024,7.25,23.43,0
STU0960,3,2024-2025,7.63,40.48,0
STU0960,4,2024-2025,7.12,44.33,0
STU0961,1,2023-2024,7.24,38.66,0
STU0961,2,2023-2024,7.11,38.93,0
STU0961,3,2024-2025,6.81,32.06,0
STU0961,4,2024-2025,7.66,41.06,0
STU0962,1,2023-2024,6.77,30.84,0
STU0962,2,2023-2024,6.79,32.61,0
STU0962,3,2024-2025,6.62,39.7,0
STU0962,4,2024-2025,6.74,33.63,0
STU0963,1,2023-2024,9.18,50.0,0
STU0963,2,2023-2024,9.18,46.87,0
STU0963,3,2024-2025,9.67,49.53,0
STU0963,4,2024-2025,9.17,43.49,0
STU0964,1,2023-2024,4.67,28.4,0
STU0964,2,2023-2024,5.25,31.24,1
STU0964,3,2024-2025,4.94,18.66,0
STU0964,4,2024-2025,4.33,14.44,1
STU0965,1,2023-2024,8.91,41.44,0
STU0965,2,2023-2024,9.01,43.76,0
STU0965,3,2024-2025,8.23,28.97,0
STU0965,4,2024-2025,9.0,39.57,0
STU0966,1,2023-2024,8.81,48.0,0
STU0966,2,2023-2024,8.23,27.74,0
STU0966,3,2024-2025,8.44,47.77,0
STU0966,4,2024-2025,9.0,41.66,0
STU0967,1,2023-2024,7.58,44.39,0
STU0967,2,2023-2024,7.54,39.2,0
STU0967,3,2024-2025,7.57,31.56,0
STU0967,4,2024-2025,7.48,36.51,0
STU0968,1,2023-2024,7.04,32.61,0
STU0968,2,2023-2024,7.22,33.25,0
STU0968,3,2024-2025,7.59,36.19,0
STU0968,4,2024-2025,7.14,42.95,0
STU0969,1,2023-2024,4.48,28.14,2
STU0969,2,2023-2024,4.36,23.71,1
STU0969,3,2024-2025,4.43,27.62,0
STU0969,4,2024-2025,4.68,24.24,0
STU0970,1,2023-2024,6.87,38.41,0
STU0970,2,2023-2024,7.18,41.84,0
STU0970,3,2024-2025,7.15,48.7,0
STU0970,4,2024-2025,7.37,35.41,0
STU0971,1,2023-2024,6.87,35.74,0
STU0971,2,2023-2024,6.93,29.55,0
STU0971,3,2024-2025,7.18,31.04,0
STU0971,4,2024-2025,7.43,35.98,0
STU0972,1,2023-2024,8.98,50.0,0
STU0972,2,2023-2024,8.76,48.95,0
STU0972,3,2024-2025,8.71,43.28,0
STU0972,4,2024-2025,8.53,39.65,0
STU0973,1,2023-2024,8.64,44.61,0
STU0973,2,2023-2024,8.26,43.19,0
STU0973,3,2024-2025,8.37,37.06,0
STU0973,4,2024-2025,8.12,41.0,0
STU0974,1,2023-2024,4.73,29.37,1
STU0974,2,2023-2024,4.35,28.36,1
STU0974,3,2024-2025,4.36,33.68,0
STU0974,4,2024-2025,4.27,13.95,0
STU0975,1,2023-2024,8.89,40.96,0
STU0975,2,2023-2024,8.53,48.98,0
STU0975,3,2024-2025,9.26,41.47,0
STU0975,4,2024-2025,9.54,50.0,0
STU0976,1,2023-2024,8.73,42.67,0
STU0976,2,2023-2024,8.61,38.52,0
STU0976,3,2024-2025,8.56,41.1,0
STU0976,4,2024-2025,9.04,39.22,0
STU0977,1,2023-2024,8.23,42.55,0
STU0977,2,2023-2024,8.76,40.39,0
STU0977,3,2024-2025,8.49,49.25,0
STU0977,4,2024-2025,8.55,46.93,0
STU0978,1,2023-2024,4.71,29.45,0
STU0978,2,2023-2024,4.83,21.99,2
STU0978,3,2024-2025,5.25,27.84,1
STU0978,4,2024-2025,5.32,25.7,0
STU0979,1,2023-2024,6.95,19.64,0
STU0979,2,2023-2024,7.51,38.64,0
STU0979,3,2024-2025,6.44,32.87,0
STU0979,4,2024-2025,7.45,44.4,0
STU0980,1,2023-2024,5.33,33.23,0
STU0980,2,2023-2024,5.04,14.68,0
STU0980,3,2024-2025,5.37,24.65,1
STU0980,4,2024-2025,5.75,35.01,0
STU0981,1,2023-2024,4.66,25.2,1
STU0981,2,2023-2024,4.46,19.25,0
STU0981,3,2024-2025,4.42,28.07,2
STU0981,4,2024-2025,3.92,12.17,0
STU0982,1,2023-2024,8.27,37.92,0
STU0982,2,2023-2024,8.17,40.98,0
STU0982,3,2024-2025,8.06,43.83,0
STU0982,4,2024-2025,8.34,41.57,0
STU0983,1,2023-2024,8.99,39.5,0
STU0983,2,2023-2024,8.65,48.58,0
STU0983,3,2024-2025,9.35,46.4,0
STU0983,4,2024-2025,9.26,50.0,0
STU0984,1,2023-2024,4.9,13.02,1
STU0984,2,2023-2024,5.17,30.07,0
STU0984,3,2024-2025,5.37,27.1,0
STU0984,4,2024-2025,4.99,23.84,0
STU0985,1,2023-2024,5.48,28.4,0
STU0985,2,2023-2024,4.78,22.42,0
STU0985,3,2024-2025,5.54,31.62,0
STU0985,4,2024-2025,5.72,22.18,0
STU0986,1,2023-2024,9.59,47.5,0
STU0986,2,2023-2024,9.35,50.0,0
STU0986,3,2024-2025,9.4,42.68,0
STU0986,4,2024-2025,9.26,46.43,0
STU0987,1,2023-2024,3.74,26.01,1
STU0987,2,2023-2024,4.54,17.99,0
STU0987,3,2024-2025,3.41,16.18,0
STU0987,4,2024-2025,3.45,15.14,1
STU0988,1,2023-2024,5.68,37.64,0
STU0988,2,2023-2024,5.81,27.6,0
STU0988,3,2024-2025,5.77,33.2,2
STU0988,4,2024-2025,5.66,25.84,2
STU0989,1,2023-2024,8.18,42.63,0
STU0989,2,2023-2024,8.43,40.4,0
STU0989,3,2024-2025,7.94,38.55,0
STU0989,4,2024-2025,8.74,48.24,0
STU0990,1,2023-2024,5.54,27.32,0
STU0990,2,2023-2024,6.36,33.72,0
STU0990,3,2024-2025,6.61,29.44,0
STU0990,4,2024-2025,5.9,24.97,0
STU0991,1,2023-2024,7.67,38.67,0
STU0991,2,2023-2024,8.19,45.09,0
STU0991,3,2024-2025,8.65,40.23,0
STU0991,4,2024-2025,7.89,44.37,0
STU0992,1,2023-2024,8.54,40.06,0
STU0992,2,2023-2024,8.58,47.12,0
STU0992,3,2024-2025,8.71,50.0,0
STU0992,4,2024-2025,8.96,40.55,0
STU0993,1,2023-2024,7.51,44.83,0
STU0993,2,2023-2024,7.89,41.91,0
STU0993,3,2024-2025,7.81,33.41,0
STU0993,4,2024-2025,7.41,45.08,0
STU0994,1,2023-2024,7.84,35.01,0
STU0994,2,2023-2024,8.04,38.83,0
STU0994,3,2024-2025,8.28,43.2,0
STU0994,4,2024-2025,7.57,39.33,0
STU0995,1,2023-2024,7.92,33.09,0
STU0995,2,2023-2024,8.14,40.35,0
STU0995,3,2024-2025,7.26,38.09,0
STU0995,4,2024-2025,7.92,30.71,0
STU0996,1,2023-2024,6.99,32.13,0
STU0996,2,2023-2024,7.27,33.85,0
STU0996,3,2024-2025,7.27,42.73,0
STU0996,4,2024-2025,6.88,34.37,0
STU0997,1,2023-2024,9.63,49.81,0
STU0997,2,2023-2024,9.6,47.82,0
STU0997,3,2024-2025,9.76,50.0,0
STU0997,4,2024-2025,8.79,42.98,0
STU0998,1,2023-2024,7.85,50.0,0
STU0998,2,2023-2024,7.6,32.14,0
STU0998,3,2024-2025,7.98,44.06,0
STU0998,4,2024-2025,7.89,41.67,0
STU0999,1,2023-2024,9.16,48.99,0
STU0999,2,2023-2024,9.56,49.81,0
STU0999,3,2024-2025,8.91,49.6,0
STU0999,4,2024-2025,9.52,44.0,0
STU1000,1,2023-2024,10.0,50.0,0
STU1000,2,2023-2024,10.0,50.0,0
STU1000,3,2024-2025,9.86,49.58,0
STU1000,4,2024-2025,9.67,49.4,0
