student_id,semester,academic_year,overall_attendance
STU0001,1,2023-2024,52.22
STU0001,2,2023-2024,50.15
STU0001,3,2024-2025,48.69
STU0001,4,2024-2025,51.38
STU0002,1,2023-2024,26.12
STU0002,2,2023-2024,22.96
STU0002,3,2024-2025,28.4
STU0002,4,2024-2025,25.05
STU0003,1,2023-2024,83.73
STU0003,2,2023-2024,88.41
STU0003,3,2024-2025,88.71
STU0003,4,2024-2025,88.82
STU0004,1,2023-2024,100.0
STU0004,2,2023-2024,100.0
STU0004,3,2024-2025,100.0
STU0004,4,2024-2025,96.31
STU0005,1,2023-2024,83.15
STU0005,2,2023-2024,82.97
STU0005,3,2024-2025,81.01
STU0005,4,2024-2025,83.18
STU0006,1,2023-2024,51.44
STU0006,2,2023-2024,66.43
STU0006,3,2024-2025,55.12
STU0006,4,2024-2025,51.64
STU0007,1,2023-2024,85.9
STU0007,2,2023-2024,92.39
STU0007,3,2024-2025,84.06
STU0007,4,2024-2025,87.25
STU0008,1,2023-2024,81.83
STU0008,2,2023-2024,85.2
STU0008,3,2024-2025,81.99
STU0008,4,2024-2025,86.51
STU0009,1,2023-2024,76.96
STU0009,2,2023-2024,77.91
STU0009,3,2024-2025,80.71
STU0009,4,2024-2025,81.34
STU0010,1,2023-2024,35.76
STU0010,2,2023-2024,33.83
STU0010,3,2024-2025,32.88
STU0010,4,2024-2025,29.88
STU0011,1,2023-2024,60.35
STU0011,2,2023-2024,55.04
STU0011,3,2024-2025,62.15
STU0011,4,2024-2025,60.89
STU0012,1,2023-2024,74.03
STU0012,2,2023-2024,75.76
STU0012,3,2024-2025,81.72
STU0012,4,2024-2025,80.53
STU0013,1,2023-2024,90.99
STU0013,2,2023-2024,86.63
STU0013,3,2024-2025,83.65
STU0013,4,2024-2025,87.07
STU0014,1,2023-2024,65.2
STU0014,2,2023-2024,67.2
STU0014,3,2024-2025,65.98
STU0014,4,2024-2025,70.84
STU0015,1,2023-2024,94.46
STU0015,2,2023-2024,96.21
STU0015,3,2024-2025,97.79
STU0015,4,2024-2025,96.23
STU0016,1,2023-2024,91.81
STU0016,2,2023-2024,92.43
STU0016,3,2024-2025,88.25
STU0016,4,2024-2025,92.39
STU0017,1,2023-2024,72.13
STU0017,2,2023-2024,68.88
STU0017,3,2024-2025,77.33
STU0017,4,2024-2025,77.13
STU0018,1,2023-2024,55.05
STU0018,2,2023-2024,55.94
STU0018,3,2024-2025,50.63
STU0018,4,2024-2025,60.8
STU0019,1,2023-2024,80.63
STU0019,2,2023-2024,73.7
STU0019,3,2024-2025,78.11
STU0019,4,2024-2025,76.16
STU0020,1,2023-2024,63.72
STU0020,2,2023-2024,54.51
STU0020,3,2024-2025,64.35
STU0020,4,2024-2025,58.34
STU0021,1,2023-2024,72.15
STU0021,2,2023-2024,71.74
STU0021,3,2024-2025,71.41
STU0021,4,2024-2025,76.28
STU0022,1,2023-2024,61.93
STU0022,2,2023-2024,62.5
STU0022,3,2024-2025,60.45
STU0022,4,2024-2025,60.09
STU0023,1,2023-2024,46.24
STU0023,2,2023-2024,44.53
STU0023,3,2024-2025,47.91
STU0023,4,2024-2025,46.39
STU0024,1,2023-2024,28.94
STU0024,2,2023-2024,29.29
STU0024,3,2024-2025,24.46
STU0024,4,2024-2025,29.43
STU0025,1,2023-2024,97.86
STU0025,2,2023-2024,96.95
STU0025,3,2024-2025,99.21
STU0025,4,2024-2025,100.0
STU0026,1,2023-2024,52.17
STU0026,2,2023-2024,56.77
STU0026,3,2024-2025,56.98
STU0026,4,2024-2025,53.02
STU0027,1,2023-2024,16.34
STU0027,2,2023-2024,23.07
STU0027,3,2024-2025,26.12
STU0027,4,2024-2025,26.37
STU0028,1,2023-2024,69.24
STU0028,2,2023-2024,71.46
STU0028,3,2024-2025,68.96
STU0028,4,2024-2025,73.37
STU0029,1,2023-2024,66.21
STU0029,2,2023-2024,68.89
STU0029,3,2024-2025,69.23
STU0029,4,2024-2025,71.37
STU0030,1,2023-2024,59.26
STU0030,2,2023-2024,54.59
STU0030,3,2024-2025,64.53
STU0030,4,2024-2025,59.75
STU0031,1,2023-2024,84.99
STU0031,2,2023-2024,89.81
STU0031,3,2024-2025,85.96
STU0031,4,2024-2025,96.11
STU0032,1,2023-2024,86.55
STU0032,2,2023-2024,83.02
STU0032,3,2024-2025,88.62
STU0032,4,2024-2025,82.84
STU0033,1,2023-2024,89.16
STU0033,2,2023-2024,92.15
STU0033,3,2024-2025,89.32
STU0033,4,2024-2025,92.55
STU0034,1,2023-2024,61.19
STU0034,2,2023-2024,59.06
STU0034,3,2024-2025,56.82
STU0034,4,2024-2025,61.43
STU0035,1,2023-2024,88.0
STU0035,2,2023-2024,88.58
STU0035,3,2024-2025,90.76
STU0035,4,2024-2025,91.7
STU0036,1,2023-2024,85.72
STU0036,2,2023-2024,85.48
STU0036,3,2024-2025,81.96
STU0036,4,2024-2025,88.09
STU0037,1,2023-2024,95.73
STU0037,2,2023-2024,88.19
STU0037,3,2024-2025,93.56
STU0037,4,2024-2025,93.85
STU0038,1,2023-2024,72.32
STU0038,2,2023-2024,67.82
STU0038,3,2024-2025,71.51
STU0038,4,2024-2025,67.15
STU0039,1,2023-2024,80.36
STU0039,2,2023-2024,80.61
STU0039,3,2024-2025,83.37
STU0039,4,2024-2025,81.76
STU0040,1,2023-2024,86.59
STU0040,2,2023-2024,87.27
STU0040,3,2024-2025,86.65
STU0040,4,2024-2025,85.63
STU0041,1,2023-2024,39.63
STU0041,2,2023-2024,38.28
STU0041,3,2024-2025,40.24
STU0041,4,2024-2025,39.34
STU0042,1,2023-2024,85.54
STU0042,2,2023-2024,85.79
STU0042,3,2024-2025,89.4
STU0042,4,2024-2025,90.19
STU0043,1,2023-2024,81.43
STU0043,2,2023-2024,91.33
STU0043,3,2024-2025,80.04
STU0043,4,2024-2025,83.98
STU0044,1,2023-2024,78.26
STU0044,2,2023-2024,80.34
STU0044,3,2024-2025,80.97
STU0044,4,2024-2025,79.48
STU0045,1,2023-2024,93.32
STU0045,2,2023-2024,88.25
STU0045,3,2024-2025,90.15
STU0045,4,2024-2025,93.67
STU0046,1,2023-2024,46.33
STU0046,2,2023-2024,44.87
STU0046,3,2024-2025,47.88
STU0046,4,2024-2025,50.82
STU0047,1,2023-2024,76.17
STU0047,2,2023-2024,76.48
STU0047,3,2024-2025,78.49
STU0047,4,2024-2025,74.12
STU0048,1,2023-2024,89.57
STU0048,2,2023-2024,91.43
STU0048,3,2024-2025,92.94
STU0048,4,2024-2025,87.85
STU0049,1,2023-2024,85.66
STU0049,2,2023-2024,91.38
STU0049,3,2024-2025,94.71
STU0049,4,2024-2025,88.97
STU0050,1,2023-2024,20.11
STU0050,2,2023-2024,20.33
STU0050,3,2024-2025,22.99
STU0050,4,2024-2025,22.37
STU0051,1,2023-2024,87.85
STU0051,2,2023-2024,92.11
STU0051,3,2024-2025,89.75
STU0051,4,2024-2025,89.12
STU0052,1,2023-2024,82.89
STU0052,2,2023-2024,76.65
STU0052,3,2024-2025,84.1
STU0052,4,2024-2025,82.39
STU0053,1,2023-2024,67.18
STU0053,2,2023-2024,66.12
STU0053,3,2024-2025,70.12
STU0053,4,2024-2025,73.88
STU0054,1,2023-2024,36.45
STU0054,2,2023-2024,31.9
STU0054,3,2024-2025,33.66
STU0054,4,2024-2025,32.87
STU0055,1,2023-2024,66.2
STU0055,2,2023-2024,60.22
STU0055,3,2024-2025,62.68
STU0055,4,2024-2025,61.71
STU0056,1,2023-2024,54.72
STU0056,2,2023-2024,60.28
STU0056,3,2024-2025,60.48
STU0056,4,2024-2025,58.17
STU0057,1,2023-2024,60.86
STU0057,2,2023-2024,59.73
STU0057,3,2024-2025,59.48
STU0057,4,2024-2025,60.93
STU0058,1,2023-2024,49.35
STU0058,2,2023-2024,43.65
STU0058,3,2024-2025,49.09
STU0058,4,2024-2025,50.59
STU0059,1,2023-2024,70.58
STU0059,2,2023-2024,68.1
STU0059,3,2024-2025,69.15
STU0059,4,2024-2025,66.9
STU0060,1,2023-2024,90.36
STU0060,2,2023-2024,90.82
STU0060,3,2024-2025,91.65
STU0060,4,2024-2025,87.15
STU0061,1,2023-2024,52.12
STU0061,2,2023-2024,52.53
STU0061,3,2024-2025,46.52
STU0061,4,2024-2025,48.52
STU0062,1,2023-2024,79.31
STU0062,2,2023-2024,83.01
STU0062,3,2024-2025,79.12
STU0062,4,2024-2025,80.19
STU0063,1,2023-2024,85.88
STU0063,2,2023-2024,83.3
STU0063,3,2024-2025,84.15
STU0063,4,2024-2025,85.27
STU0064,1,2023-2024,76.4
STU0064,2,2023-2024,78.42
STU0064,3,2024-2025,76.36
STU0064,4,2024-2025,75.69
STU0065,1,2023-2024,83.07
STU0065,2,2023-2024,75.35
STU0065,3,2024-2025,77.38
STU0065,4,2024-2025,81.04
STU0066,1,2023-2024,95.84
STU0066,2,2023-2024,90.6
STU0066,3,2024-2025,90.26
STU0066,4,2024-2025,93.94
STU0067,1,2023-2024,65.27
STU0067,2,2023-2024,64.35
STU0067,3,2024-2025,69.35
STU0067,4,2024-2025,62.93
STU0068,1,2023-2024,89.25
STU0068,2,2023-2024,90.6
STU0068,3,2024-2025,90.39
STU0068,4,2024-2025,91.13
STU0069,1,2023-2024,91.73
STU0069,2,2023-2024,96.46
STU0069,3,2024-2025,92.96
STU0069,4,2024-2025,91.64
STU0070,1,2023-2024,100.0
STU0070,2,2023-2024,96.93
STU0070,3,2024-2025,100.0
STU0070,4,2024-2025,95.71
STU0071,1,2023-2024,91.37
STU0071,2,2023-2024,86.43
STU0071,3,2024-2025,98.04
STU0071,4,2024-2025,94.51
STU0072,1,2023-2024,78.5
STU0072,2,2023-2024,82.02
STU0072,3,2024-2025,70.44
STU0072,4,2024-2025,80.29
STU0073,1,2023-2024,72.89
STU0073,2,2023-2024,73.88
STU0073,3,2024-2025,80.57
STU0073,4,2024-2025,78.96
STU0074,1,2023-2024,83.19
STU0074,2,2023-2024,81.09
STU0074,3,2024-2025,83.14
STU0074,4,2024-2025,80.87
STU0075,1,2023-2024,24.5
STU0075,2,2023-2024,20.77
STU0075,3,2024-2025,23.42
STU0075,4,2024-2025,19.05
STU0076,1,2023-2024,65.16
STU0076,2,2023-2024,60.12
STU0076,3,2024-2025,60.44
STU0076,4,2024-2025,58.94
STU0077,1,2023-2024,59.3
STU0077,2,2023-2024,64.83
STU0077,3,2024-2025,68.46
STU0077,4,2024-2025,64.93
STU0078,1,2023-2024,85.05
STU0078,2,2023-2024,82.87
STU0078,3,2024-2025,84.81
STU0078,4,2024-2025,83.37
STU0079,1,2023-2024,91.88
STU0079,2,2023-2024,94.16
STU0079,3,2024-2025,94.12
STU0079,4,2024-2025,93.33
STU0080,1,2023-2024,57.57
STU0080,2,2023-2024,55.56
STU0080,3,2024-2025,53.82
STU0080,4,2024-2025,52.92
STU0081,1,2023-2024,81.79
STU0081,2,2023-2024,82.98
STU0081,3,2024-2025,81.65
STU0081,4,2024-2025,78.07
STU0082,1,2023-2024,94.13
STU0082,2,2023-2024,90.97
STU0082,3,2024-2025,87.68
STU0082,4,2024-2025,82.6
STU0083,1,2023-2024,58.5
STU0083,2,2023-2024,52.18
STU0083,3,2024-2025,48.22
STU0083,4,2024-2025,54.33
STU0084,1,2023-2024,88.1
STU0084,2,2023-2024,81.65
STU0084,3,2024-2025,81.34
STU0084,4,2024-2025,81.15
STU0085,1,2023-2024,78.65
STU0085,2,2023-2024,70.75
STU0085,3,2024-2025,80.99
STU0085,4,2024-2025,75.08
STU0086,1,2023-2024,90.84
STU0086,2,2023-2024,91.75
STU0086,3,2024-2025,94.25
STU0086,4,2024-2025,90.15
STU0087,1,2023-2024,63.6
STU0087,2,2023-2024,64.13
STU0087,3,2024-2025,64.64
STU0087,4,2024-2025,64.72
STU0088,1,2023-2024,93.21
STU0088,2,2023-2024,85.38
STU0088,3,2024-2025,88.71
STU0088,4,2024-2025,82.38
STU0089,1,2023-2024,88.25
STU0089,2,2023-2024,89.23
STU0089,3,2024-2025,87.37
STU0089,4,2024-2025,89.62
STU0090,1,2023-2024,46.48
STU0090,2,2023-2024,47.61
STU0090,3,2024-2025,47.4
STU0090,4,2024-2025,42.35
STU0091,1,2023-2024,91.7
STU0091,2,2023-2024,95.62
STU0091,3,2024-2025,88.78
STU0091,4,2024-2025,91.17
STU0092,1,2023-2024,58.1
STU0092,2,2023-2024,56.18
STU0092,3,2024-2025,63.51
STU0092,4,2024-2025,54.12
STU0093,1,2023-2024,52.29
STU0093,2,2023-2024,52.24
STU0093,3,2024-2025,52.56
STU0093,4,2024-2025,53.95
STU0094,1,2023-2024,98.32
STU0094,2,2023-2024,89.97
STU0094,3,2024-2025,96.45
STU0094,4,2024-2025,97.56
STU0095,1,2023-2024,92.8
STU0095,2,2023-2024,87.42
STU0095,3,2024-2025,93.61
STU0095,4,2024-2025,92.14
STU0096,1,2023-2024,69.31
STU0096,2,2023-2024,62.71
STU0096,3,2024-2025,64.9
STU0096,4,2024-2025,67.07
STU0097,1,2023-2024,100.0
STU0097,2,2023-2024,91.11
STU0097,3,2024-2025,97.28
STU0097,4,2024-2025,95.97
STU0098,1,2023-2024,79.27
STU0098,2,2023-2024,81.59
STU0098,3,2024-2025,85.55
STU0098,4,2024-2025,82.43
STU0099,1,2023-2024,94.6
STU0099,2,2023-2024,93.34
STU0099,3,2024-2025,98.16
STU0099,4,2024-2025,93.46
STU0100,1,2023-2024,74.65
STU0100,2,2023-2024,77.75
STU0100,3,2024-2025,77.92
STU0100,4,2024-2025,74.8
STU0101,1,2023-2024,95.87
STU0101,2,2023-2024,93.6
STU0101,3,2024-2025,91.76
STU0101,4,2024-2025,91.56
STU0102,1,2023-2024,92.0
STU0102,2,2023-2024,90.99
STU0102,3,2024-2025,95.22
STU0102,4,2024-2025,93.34
STU0103,1,2023-2024,79.77
STU0103,2,2023-2024,83.5
STU0103,3,2024-2025,86.93
STU0103,4,2024-2025,82.77
STU0104,1,2023-2024,89.24
STU0104,2,2023-2024,91.94
STU0104,3,2024-2025,96.37
STU0104,4,2024-2025,96.08
STU0105,1,2023-2024,66.78
STU0105,2,2023-2024,62.69
STU0105,3,2024-2025,68.99
STU0105,4,2024-2025,65.27
STU0106,1,2023-2024,73.09
STU0106,2,2023-2024,69.84
STU0106,3,2024-2025,76.86
STU0106,4,2024-2025,76.36
STU0107,1,2023-2024,72.2
STU0107,2,2023-2024,70.54
STU0107,3,2024-2025,73.77
STU0107,4,2024-2025,71.78
STU0108,1,2023-2024,70.46
STU0108,2,2023-2024,70.07
STU0108,3,2024-2025,67.5
STU0108,4,2024-2025,66.89
STU0109,1,2023-2024,40.23
STU0109,2,2023-2024,42.17
STU0109,3,2024-2025,46.42
STU0109,4,2024-2025,47.5
STU0110,1,2023-2024,84.24
STU0110,2,2023-2024,80.82
STU0110,3,2024-2025,78.59
STU0110,4,2024-2025,77.13
STU0111,1,2023-2024,63.83
STU0111,2,2023-2024,71.23
STU0111,3,2024-2025,63.35
STU0111,4,2024-2025,69.62
STU0112,1,2023-2024,72.31
STU0112,2,2023-2024,74.17
STU0112,3,2024-2025,71.23
STU0112,4,2024-2025,74.11
STU0113,1,2023-2024,82.56
STU0113,2,2023-2024,79.47
STU0113,3,2024-2025,80.93
STU0113,4,2024-2025,79.59
STU0114,1,2023-2024,93.54
STU0114,2,2023-2024,90.55
STU0114,3,2024-2025,85.58
STU0114,4,2024-2025,93.92
STU0115,1,2023-2024,96.69
STU0115,2,2023-2024,95.99
STU0115,3,2024-2025,100.0
STU0115,4,2024-2025,95.99
STU0116,1,2023-2024,67.52
STU0116,2,2023-2024,74.4
STU0116,3,2024-2025,72.05
STU0116,4,2024-2025,69.21
STU0117,1,2023-2024,98.5
STU0117,2,2023-2024,95.34
STU0117,3,2024-2025,97.31
STU0117,4,2024-2025,90.43
STU0118,1,2023-2024,88.65
STU0118,2,2023-2024,81.46
STU0118,3,2024-2025,87.28
STU0118,4,2024-2025,89.77
STU0119,1,2023-2024,76.81
STU0119,2,2023-2024,73.32
STU0119,3,2024-2025,77.78
STU0119,4,2024-2025,84.52
STU0120,1,2023-2024,86.2
STU0120,2,2023-2024,91.54
STU0120,3,2024-2025,87.49
STU0120,4,2024-2025,92.57
STU0121,1,2023-2024,81.3
STU0121,2,2023-2024,82.42
STU0121,3,2024-2025,88.53
STU0121,4,2024-2025,75.94
STU0122,1,2023-2024,85.83
STU0122,2,2023-2024,85.2
STU0122,3,2024-2025,92.97
STU0122,4,2024-2025,82.56
STU0123,1,2023-2024,89.61
STU0123,2,2023-2024,93.21
STU0123,3,2024-2025,89.71
STU0123,4,2024-2025,87.3
STU0124,1,2023-2024,93.54
STU0124,2,2023-2024,87.15
STU0124,3,2024-2025,86.93
STU0124,4,2024-2025,91.38
STU0125,1,2023-2024,68.04
STU0125,2,2023-2024,71.56
STU0125,3,2024-2025,71.36
STU0125,4,2024-2025,67.19
STU0126,1,2023-2024,49.84
STU0126,2,2023-2024,44.84
STU0126,3,2024-2025,48.66
STU0126,4,2024-2025,46.71
STU0127,1,2023-2024,84.59
STU0127,2,2023-2024,79.15
STU0127,3,2024-2025,77.83
STU0127,4,2024-2025,81.62
STU0128,1,2023-2024,90.66
STU0128,2,2023-2024,86.84
STU0128,3,2024-2025,82.71
STU0128,4,2024-2025,89.11
STU0129,1,2023-2024,72.82
STU0129,2,2023-2024,66.38
STU0129,3,2024-2025,67.12
STU0129,4,2024-2025,69.97
STU0130,1,2023-2024,100.0
STU0130,2,2023-2024,99.57
STU0130,3,2024-2025,98.75
STU0130,4,2024-2025,98.16
STU0131,1,2023-2024,94.69
STU0131,2,2023-2024,94.42
STU0131,3,2024-2025,94.75
STU0131,4,2024-2025,92.48
STU0132,1,2023-2024,85.62
STU0132,2,2023-2024,88.44
STU0132,3,2024-2025,85.24
STU0132,4,2024-2025,86.66
STU0133,1,2023-2024,74.44
STU0133,2,2023-2024,76.57
STU0133,3,2024-2025,71.74
STU0133,4,2024-2025,75.93
STU0134,1,2023-2024,66.08
STU0134,2,2023-2024,68.42
STU0134,3,2024-2025,69.14
STU0134,4,2024-2025,67.01
STU0135,1,2023-2024,64.79
STU0135,2,2023-2024,58.77
STU0135,3,2024-2025,59.95
STU0135,4,2024-2025,59.71
STU0136,1,2023-2024,62.19
STU0136,2,2023-2024,60.92
STU0136,3,2024-2025,66.52
STU0136,4,2024-2025,64.93
STU0137,1,2023-2024,53.05
STU0137,2,2023-2024,51.68
STU0137,3,2024-2025,46.57
STU0137,4,2024-2025,57.66
STU0138,1,2023-2024,86.39
STU0138,2,2023-2024,76.59
STU0138,3,2024-2025,80.4
STU0138,4,2024-2025,84.36
STU0139,1,2023-2024,75.98
STU0139,2,2023-2024,78.03
STU0139,3,2024-2025,76.82
STU0139,4,2024-2025,77.99
STU0140,1,2023-2024,86.1
STU0140,2,2023-2024,83.21
STU0140,3,2024-2025,83.42
STU0140,4,2024-2025,81.45
STU0141,1,2023-2024,94.77
STU0141,2,2023-2024,94.65
STU0141,3,2024-2025,100.0
STU0141,4,2024-2025,97.09
STU0142,1,2023-2024,89.11
STU0142,2,2023-2024,82.37
STU0142,3,2024-2025,82.91
STU0142,4,2024-2025,81.67
STU0143,1,2023-2024,69.7
STU0143,2,2023-2024,73.44
STU0143,3,2024-2025,69.96
STU0143,4,2024-2025,77.73
STU0144,1,2023-2024,64.13
STU0144,2,2023-2024,63.4
STU0144,3,2024-2025,60.56
STU0144,4,2024-2025,70.38
STU0145,1,2023-2024,74.01
STU0145,2,2023-2024,71.99
STU0145,3,2024-2025,67.7
STU0145,4,2024-2025,64.86
STU0146,1,2023-2024,71.98
STU0146,2,2023-2024,78.0
STU0146,3,2024-2025,81.71
STU0146,4,2024-2025,82.12
STU0147,1,2023-2024,81.35
STU0147,2,2023-2024,80.97
STU0147,3,2024-2025,85.98
STU0147,4,2024-2025,82.33
STU0148,1,2023-2024,69.2
STU0148,2,2023-2024,68.02
STU0148,3,2024-2025,74.2
STU0148,4,2024-2025,70.24
STU0149,1,2023-2024,85.82
STU0149,2,2023-2024,90.01
STU0149,3,2024-2025,85.82
STU0149,4,2024-2025,80.64
STU0150,1,2023-2024,62.48
STU0150,2,2023-2024,66.17
STU0150,3,2024-2025,57.61
STU0150,4,2024-2025,59.35
STU0151,1,2023-2024,77.0
STU0151,2,2023-2024,79.86
STU0151,3,2024-2025,71.34
STU0151,4,2024-2025,79.6
STU0152,1,2023-2024,66.54
STU0152,2,2023-2024,71.35
STU0152,3,2024-2025,68.61
STU0152,4,2024-2025,70.71
STU0153,1,2023-2024,95.53
STU0153,2,2023-2024,100.0
STU0153,3,2024-2025,91.87
STU0153,4,2024-2025,97.04
STU0154,1,2023-2024,46.73
STU0154,2,2023-2024,41.49
STU0154,3,2024-2025,41.86
STU0154,4,2024-2025,42.92
STU0155,1,2023-2024,90.09
STU0155,2,2023-2024,85.28
STU0155,3,2024-2025,86.8
STU0155,4,2024-2025,92.96
STU0156,1,2023-2024,81.76
STU0156,2,2023-2024,79.84
STU0156,3,2024-2025,81.28
STU0156,4,2024-2025,78.78
STU0157,1,2023-2024,85.57
STU0157,2,2023-2024,83.22
STU0157,3,2024-2025,79.55
STU0157,4,2024-2025,82.69
STU0158,1,2023-2024,70.34
STU0158,2,2023-2024,67.91
STU0158,3,2024-2025,76.39
STU0158,4,2024-2025,74.69
STU0159,1,2023-2024,87.34
STU0159,2,2023-2024,89.15
STU0159,3,2024-2025,88.12
STU0159,4,2024-2025,95.22
STU0160,1,2023-2024,59.33
STU0160,2,2023-2024,60.2
STU0160,3,2024-2025,58.43
STU0160,4,2024-2025,61.29
STU0161,1,2023-2024,81.85
STU0161,2,2023-2024,84.52
STU0161,3,2024-2025,86.12
STU0161,4,2024-2025,87.54
STU0162,1,2023-2024,59.88
STU0162,2,2023-2024,64.01
STU0162,3,2024-2025,65.24
STU0162,4,2024-2025,66.81
STU0163,1,2023-2024,81.33
STU0163,2,2023-2024,84.54
STU0163,3,2024-2025,85.13
STU0163,4,2024-2025,88.84
STU0164,1,2023-2024,87.07
STU0164,2,2023-2024,82.42
STU0164,3,2024-2025,81.29
STU0164,4,2024-2025,85.44
STU0165,1,2023-2024,64.01
STU0165,2,2023-2024,63.16
STU0165,3,2024-2025,67.24
STU0165,4,2024-2025,63.14
STU0166,1,2023-2024,57.32
STU0166,2,2023-2024,58.06
STU0166,3,2024-2025,52.21
STU0166,4,2024-2025,61.99
STU0167,1,2023-2024,86.4
STU0167,2,2023-2024,83.31
STU0167,3,2024-2025,83.47
STU0167,4,2024-2025,88.28
STU0168,1,2023-2024,57.62
STU0168,2,2023-2024,59.89
STU0168,3,2024-2025,63.83
STU0168,4,2024-2025,64.75
STU0169,1,2023-2024,86.37
STU0169,2,2023-2024,83.41
STU0169,3,2024-2025,90.56
STU0169,4,2024-2025,86.13
STU0170,1,2023-2024,78.78
STU0170,2,2023-2024,76.97
STU0170,3,2024-2025,81.89
STU0170,4,2024-2025,75.65
STU0171,1,2023-2024,92.99
STU0171,2,2023-2024,88.76
STU0171,3,2024-2025,85.99
STU0171,4,2024-2025,83.51
STU0172,1,2023-2024,100.0
STU0172,2,2023-2024,100.0
STU0172,3,2024-2025,100.0
STU0172,4,2024-2025,96.83
STU0173,1,2023-2024,77.26
STU0173,2,2023-2024,71.2
STU0173,3,2024-2025,77.77
STU0173,4,2024-2025,81.23
STU0174,1,2023-2024,64.44
STU0174,2,2023-2024,60.04
STU0174,3,2024-2025,57.23
STU0174,4,2024-2025,59.88
STU0175,1,2023-2024,38.47
STU0175,2,2023-2024,34.92
STU0175,3,2024-2025,32.55
STU0175,4,2024-2025,40.16
STU0176,1,2023-2024,49.7
STU0176,2,2023-2024,51.71
STU0176,3,2024-2025,50.27
STU0176,4,2024-2025,52.68
STU0177,1,2023-2024,78.09
STU0177,2,2023-2024,77.82
STU0177,3,2024-2025,77.86
STU0177,4,2024-2025,76.69
STU0178,1,2023-2024,69.52
STU0178,2,2023-2024,70.65
STU0178,3,2024-2025,73.13
STU0178,4,2024-2025,72.15
STU0179,1,2023-2024,76.57
STU0179,2,2023-2024,84.86
STU0179,3,2024-2025,82.59
STU0179,4,2024-2025,79.67
STU0180,1,2023-2024,39.98
STU0180,2,2023-2024,41.33
STU0180,3,2024-2025,36.24
STU0180,4,2024-2025,37.72
STU0181,1,2023-2024,92.11
STU0181,2,2023-2024,84.18
STU0181,3,2024-2025,87.59
STU0181,4,2024-2025,95.18
STU0182,1,2023-2024,67.01
STU0182,2,2023-2024,66.26
STU0182,3,2024-2025,74.26
STU0182,4,2024-2025,72.08
STU0183,1,2023-2024,88.37
STU0183,2,2023-2024,82.82
STU0183,3,2024-2025,88.88
STU0183,4,2024-2025,88.65
STU0184,1,2023-2024,58.37
STU0184,2,2023-2024,54.71
STU0184,3,2024-2025,56.7
STU0184,4,2024-2025,52.18
STU0185,1,2023-2024,90.63
STU0185,2,2023-2024,88.9
STU0185,3,2024-2025,89.18
STU0185,4,2024-2025,90.49
STU0186,1,2023-2024,33.35
STU0186,2,2023-2024,29.81
STU0186,3,2024-2025,26.65
STU0186,4,2024-2025,30.66
STU0187,1,2023-2024,87.26
STU0187,2,2023-2024,84.23
STU0187,3,2024-2025,90.24
STU0187,4,2024-2025,95.17
STU0188,1,2023-2024,100.0
STU0188,2,2023-2024,95.16
STU0188,3,2024-2025,98.13
STU0188,4,2024-2025,98.74
STU0189,1,2023-2024,75.26
STU0189,2,2023-2024,77.07
STU0189,3,2024-2025,80.96
STU0189,4,2024-2025,78.59
STU0190,1,2023-2024,92.78
STU0190,2,2023-2024,91.24
STU0190,3,2024-2025,91.12
STU0190,4,2024-2025,87.15
STU0191,1,2023-2024,87.24
STU0191,2,2023-2024,92.7
STU0191,3,2024-2025,93.14
STU0191,4,2024-2025,93.96
STU0192,1,2023-2024,62.07
STU0192,2,2023-2024,61.83
STU0192,3,2024-2025,64.31
STU0192,4,2024-2025,64.42
STU0193,1,2023-2024,55.48
STU0193,2,2023-2024,61.25
STU0193,3,2024-2025,57.05
STU0193,4,2024-2025,58.03
STU0194,1,2023-2024,80.42
STU0194,2,2023-2024,80.71
STU0194,3,2024-2025,88.48
STU0194,4,2024-2025,84.48
STU0195,1,2023-2024,42.64
STU0195,2,2023-2024,47.75
STU0195,3,2024-2025,46.79
STU0195,4,2024-2025,35.75
STU0196,1,2023-2024,73.51
STU0196,2,2023-2024,68.06
STU0196,3,2024-2025,72.72
STU0196,4,2024-2025,75.34
STU0197,1,2023-2024,85.79
STU0197,2,2023-2024,78.6
STU0197,3,2024-2025,74.62
STU0197,4,2024-2025,77.57
STU0198,1,2023-2024,84.72
STU0198,2,2023-2024,82.99
STU0198,3,2024-2025,79.34
STU0198,4,2024-2025,86.38
STU0199,1,2023-2024,68.77
STU0199,2,2023-2024,67.55
STU0199,3,2024-2025,68.47
STU0199,4,2024-2025,69.33
STU0200,1,2023-2024,83.68
STU0200,2,2023-2024,76.4
STU0200,3,2024-2025,79.77
STU0200,4,2024-2025,77.02
STU0201,1,2023-2024,76.73
STU0201,2,2023-2024,73.74
STU0201,3,2024-2025,73.25
STU0201,4,2024-2025,73.59
STU0202,1,2023-2024,56.84
STU0202,2,2023-2024,55.75
STU0202,3,2024-2025,55.18
STU0202,4,2024-2025,49.98
STU0203,1,2023-2024,83.7
STU0203,2,2023-2024,82.72
STU0203,3,2024-2025,81.19
STU0203,4,2024-2025,84.32
STU0204,1,2023-2024,90.82
STU0204,2,2023-2024,94.23
STU0204,3,2024-2025,90.54
STU0204,4,2024-2025,95.88
STU0205,1,2023-2024,78.93
STU0205,2,2023-2024,76.3
STU0205,3,2024-2025,82.77
STU0205,4,2024-2025,72.08
STU0206,1,2023-2024,53.97
STU0206,2,2023-2024,55.16
STU0206,3,2024-2025,60.88
STU0206,4,2024-2025,58.4
STU0207,1,2023-2024,83.21
STU0207,2,2023-2024,89.49
STU0207,3,2024-2025,94.1
STU0207,4,2024-2025,83.09
STU0208,1,2023-2024,71.25
STU0208,2,2023-2024,77.44
STU0208,3,2024-2025,74.4
STU0208,4,2024-2025,72.53
STU0209,1,2023-2024,86.2
STU0209,2,2023-2024,88.34
STU0209,3,2024-2025,84.9
STU0209,4,2024-2025,86.1
STU0210,1,2023-2024,92.4
STU0210,2,2023-2024,89.79
STU0210,3,2024-2025,93.9
STU0210,4,2024-2025,95.3
STU0211,1,2023-2024,88.26
STU0211,2,2023-2024,90.74
STU0211,3,2024-2025,91.27
STU0211,4,2024-2025,87.58
STU0212,1,2023-2024,71.43
STU0212,2,2023-2024,67.77
STU0212,3,2024-2025,62.74
STU0212,4,2024-2025,68.95
STU0213,1,2023-2024,46.53
STU0213,2,2023-2024,47.92
STU0213,3,2024-2025,41.36
STU0213,4,2024-2025,43.31
STU0214,1,2023-2024,53.39
STU0214,2,2023-2024,51.59
STU0214,3,2024-2025,50.85
STU0214,4,2024-2025,42.17
STU0215,1,2023-2024,93.06
STU0215,2,2023-2024,91.45
STU0215,3,2024-2025,95.31
STU0215,4,2024-2025,95.71
STU0216,1,2023-2024,93.88
STU0216,2,2023-2024,100.0
STU0216,3,2024-2025,91.27
STU0216,4,2024-2025,94.99
STU0217,1,2023-2024,84.19
STU0217,2,2023-2024,85.89
STU0217,3,2024-2025,88.54
STU0217,4,2024-2025,85.8
STU0218,1,2023-2024,77.42
STU0218,2,2023-2024,75.62
STU0218,3,2024-2025,81.12
STU0218,4,2024-2025,76.18
STU0219,1,2023-2024,81.49
STU0219,2,2023-2024,81.26
STU0219,3,2024-2025,82.29
STU0219,4,2024-2025,85.62
STU0220,1,2023-2024,69.07
STU0220,2,2023-2024,64.68
STU0220,3,2024-2025,65.3
STU0220,4,2024-2025,70.06
STU0221,1,2023-2024,49.35
STU0221,2,2023-2024,46.26
STU0221,3,2024-2025,43.86
STU0221,4,2024-2025,49.33
STU0222,1,2023-2024,78.53
STU0222,2,2023-2024,77.21
STU0222,3,2024-2025,82.61
STU0222,4,2024-2025,80.87
STU0223,1,2023-2024,87.94
STU0223,2,2023-2024,89.85
STU0223,3,2024-2025,85.01
STU0223,4,2024-2025,86.19
STU0224,1,2023-2024,67.54
STU0224,2,2023-2024,64.01
STU0224,3,2024-2025,65.94
STU0224,4,2024-2025,62.88
STU0225,1,2023-2024,81.36
STU0225,2,2023-2024,77.25
STU0225,3,2024-2025,86.24
STU0225,4,2024-2025,88.86
STU0226,1,2023-2024,40.32
STU0226,2,2023-2024,44.0
STU0226,3,2024-2025,43.9
STU0226,4,2024-2025,45.65
STU0227,1,2023-2024,59.73
STU0227,2,2023-2024,60.84
STU0227,3,2024-2025,68.0
STU0227,4,2024-2025,59.46
STU0228,1,2023-2024,62.22
STU0228,2,2023-2024,59.02
STU0228,3,2024-2025,62.96
STU0228,4,2024-2025,63.96
STU0229,1,2023-2024,77.7
STU0229,2,2023-2024,73.26
STU0229,3,2024-2025,73.06
STU0229,4,2024-2025,79.67
STU0230,1,2023-2024,62.36
STU0230,2,2023-2024,65.62
STU0230,3,2024-2025,69.54
STU0230,4,2024-2025,64.37
STU0231,1,2023-2024,80.38
STU0231,2,2023-2024,78.39
STU0231,3,2024-2025,77.32
STU0231,4,2024-2025,76.34
STU0232,1,2023-2024,79.63
STU0232,2,2023-2024,83.09
STU0232,3,2024-2025,82.71
STU0232,4,2024-2025,79.56
STU0233,1,2023-2024,85.0
STU0233,2,2023-2024,90.86
STU0233,3,2024-2025,86.28
STU0233,4,2024-2025,84.18
STU0234,1,2023-2024,61.05
STU0234,2,2023-2024,57.04
STU0234,3,2024-2025,67.12
STU0234,4,2024-2025,63.91
STU0235,1,2023-2024,92.61
STU0235,2,2023-2024,92.76
STU0235,3,2024-2025,89.33
STU0235,4,2024-2025,89.83
STU0236,1,2023-2024,55.72
STU0236,2,2023-2024,61.32
STU0236,3,2024-2025,62.33
STU0236,4,2024-2025,57.99
STU0237,1,2023-2024,57.24
STU0237,2,2023-2024,54.78
STU0237,3,2024-2025,57.34
STU0237,4,2024-2025,55.81
STU0238,1,2023-2024,78.66
STU0238,2,2023-2024,81.87
STU0238,3,2024-2025,83.8
STU0238,4,2024-2025,86.74
STU0239,1,2023-2024,79.12
STU0239,2,2023-2024,75.48
STU0239,3,2024-2025,72.08
STU0239,4,2024-2025,84.35
STU0240,1,2023-2024,77.96
STU0240,2,2023-2024,85.63
STU0240,3,2024-2025,73.94
STU0240,4,2024-2025,72.36
STU0241,1,2023-2024,93.07
STU0241,2,2023-2024,99.18
STU0241,3,2024-2025,100.0
STU0241,4,2024-2025,92.61
STU0242,1,2023-2024,66.31
STU0242,2,2023-2024,63.82
STU0242,3,2024-2025,64.04
STU0242,4,2024-2025,63.48
STU0243,1,2023-2024,72.8
STU0243,2,2023-2024,75.11
STU0243,3,2024-2025,74.47
STU0243,4,2024-2025,74.04
STU0244,1,2023-2024,75.8
STU0244,2,2023-2024,77.88
STU0244,3,2024-2025,74.32
STU0244,4,2024-2025,79.65
STU0245,1,2023-2024,94.81
STU0245,2,2023-2024,87.99
STU0245,3,2024-2025,89.38
STU0245,4,2024-2025,87.85
STU0246,1,2023-2024,67.39
STU0246,2,2023-2024,66.18
STU0246,3,2024-2025,65.77
STU0246,4,2024-2025,61.64
STU0247,1,2023-2024,72.22
STU0247,2,2023-2024,67.21
STU0247,3,2024-2025,68.01
STU0247,4,2024-2025,69.0
STU0248,1,2023-2024,88.42
STU0248,2,2023-2024,79.61
STU0248,3,2024-2025,84.75
STU0248,4,2024-2025,87.18
STU0249,1,2023-2024,49.41
STU0249,2,2023-2024,50.51
STU0249,3,2024-2025,50.88
STU0249,4,2024-2025,49.57
STU0250,1,2023-2024,78.52
STU0250,2,2023-2024,72.0
STU0250,3,2024-2025,75.52
STU0250,4,2024-2025,79.37
STU0251,1,2023-2024,78.14
STU0251,2,2023-2024,82.34
STU0251,3,2024-2025,82.3
STU0251,4,2024-2025,79.13
STU0252,1,2023-2024,74.56
STU0252,2,2023-2024,79.8
STU0252,3,2024-2025,77.45
STU0252,4,2024-2025,77.96
STU0253,1,2023-2024,64.5
STU0253,2,2023-2024,74.01
STU0253,3,2024-2025,64.61
STU0253,4,2024-2025,72.06
STU0254,1,2023-2024,94.21
STU0254,2,2023-2024,89.7
STU0254,3,2024-2025,88.98
STU0254,4,2024-2025,86.39
STU0255,1,2023-2024,66.01
STU0255,2,2023-2024,65.13
STU0255,3,2024-2025,58.63
STU0255,4,2024-2025,60.15
STU0256,1,2023-2024,54.58
STU0256,2,2023-2024,50.7
STU0256,3,2024-2025,56.61
STU0256,4,2024-2025,51.77
STU0257,1,2023-2024,62.47
STU0257,2,2023-2024,58.04
STU0257,3,2024-2025,59.58
STU0257,4,2024-2025,59.47
STU0258,1,2023-2024,64.59
STU0258,2,2023-2024,58.38
STU0258,3,2024-2025,60.35
STU0258,4,2024-2025,62.1
STU0259,1,2023-2024,96.5
STU0259,2,2023-2024,96.64
STU0259,3,2024-2025,92.97
STU0259,4,2024-2025,93.69
STU0260,1,2023-2024,91.66
STU0260,2,2023-2024,95.75
STU0260,3,2024-2025,92.56
STU0260,4,2024-2025,92.58
STU0261,1,2023-2024,61.35
STU0261,2,2023-2024,58.0
STU0261,3,2024-2025,64.76
STU0261,4,2024-2025,59.29
STU0262,1,2023-2024,92.79
STU0262,2,2023-2024,94.37
STU0262,3,2024-2025,92.53
STU0262,4,2024-2025,87.47
STU0263,1,2023-2024,90.65
STU0263,2,2023-2024,92.27
STU0263,3,2024-2025,94.47
STU0263,4,2024-2025,92.39
STU0264,1,2023-2024,81.78
STU0264,2,2023-2024,93.63
STU0264,3,2024-2025,84.98
STU0264,4,2024-2025,85.81
STU0265,1,2023-2024,58.95
STU0265,2,2023-2024,62.05
STU0265,3,2024-2025,62.42
STU0265,4,2024-2025,56.84
STU0266,1,2023-2024,79.88
STU0266,2,2023-2024,79.78
STU0266,3,2024-2025,83.99
STU0266,4,2024-2025,85.39
STU0267,1,2023-2024,36.59
STU0267,2,2023-2024,37.75
STU0267,3,2024-2025,33.99
STU0267,4,2024-2025,35.52
STU0268,1,2023-2024,89.53
STU0268,2,2023-2024,89.55
STU0268,3,2024-2025,83.87
STU0268,4,2024-2025,88.55
STU0269,1,2023-2024,38.01
STU0269,2,2023-2024,38.79
STU0269,3,2024-2025,40.39
STU0269,4,2024-2025,36.56
STU0270,1,2023-2024,87.18
STU0270,2,2023-2024,90.88
STU0270,3,2024-2025,88.91
STU0270,4,2024-2025,86.03
STU0271,1,2023-2024,77.01
STU0271,2,2023-2024,77.71
STU0271,3,2024-2025,81.12
STU0271,4,2024-2025,76.2
STU0272,1,2023-2024,74.36
STU0272,2,2023-2024,79.56
STU0272,3,2024-2025,74.36
STU0272,4,2024-2025,73.86
STU0273,1,2023-2024,58.62
STU0273,2,2023-2024,54.34
STU0273,3,2024-2025,58.51
STU0273,4,2024-2025,57.55
STU0274,1,2023-2024,91.36
STU0274,2,2023-2024,85.95
STU0274,3,2024-2025,89.43
STU0274,4,2024-2025,90.34
STU0275,1,2023-2024,83.46
STU0275,2,2023-2024,81.63
STU0275,3,2024-2025,74.21
STU0275,4,2024-2025,79.32
STU0276,1,2023-2024,29.66
STU0276,2,2023-2024,36.33
STU0276,3,2024-2025,36.82
STU0276,4,2024-2025,30.88
STU0277,1,2023-2024,81.98
STU0277,2,2023-2024,83.58
STU0277,3,2024-2025,83.39
STU0277,4,2024-2025,79.41
STU0278,1,2023-2024,91.42
STU0278,2,2023-2024,86.43
STU0278,3,2024-2025,86.75
STU0278,4,2024-2025,84.33
STU0279,1,2023-2024,76.76
STU0279,2,2023-2024,70.99
STU0279,3,2024-2025,64.31
STU0279,4,2024-2025,60.99
STU0280,1,2023-2024,90.02
STU0280,2,2023-2024,87.98
STU0280,3,2024-2025,88.29
STU0280,4,2024-2025,86.1
STU0281,1,2023-2024,54.05
STU0281,2,2023-2024,50.63
STU0281,3,2024-2025,51.41
STU0281,4,2024-2025,48.68
STU0282,1,2023-2024,46.56
STU0282,2,2023-2024,38.75
STU0282,3,2024-2025,42.74
STU0282,4,2024-2025,45.97
STU0283,1,2023-2024,56.63
STU0283,2,2023-2024,62.02
STU0283,3,2024-2025,56.47
STU0283,4,2024-2025,51.18
STU0284,1,2023-2024,72.38
STU0284,2,2023-2024,72.32
STU0284,3,2024-2025,72.93
STU0284,4,2024-2025,71.6
STU0285,1,2023-2024,78.42
STU0285,2,2023-2024,85.17
STU0285,3,2024-2025,81.73
STU0285,4,2024-2025,90.54
STU0286,1,2023-2024,61.99
STU0286,2,2023-2024,66.45
STU0286,3,2024-2025,58.76
STU0286,4,2024-2025,64.67
STU0287,1,2023-2024,86.99
STU0287,2,2023-2024,85.89
STU0287,3,2024-2025,84.6
STU0287,4,2024-2025,83.56
STU0288,1,2023-2024,47.83
STU0288,2,2023-2024,50.58
STU0288,3,2024-2025,46.96
STU0288,4,2024-2025,52.69
STU0289,1,2023-2024,79.44
STU0289,2,2023-2024,78.01
STU0289,3,2024-2025,75.83
STU0289,4,2024-2025,73.91
STU0290,1,2023-2024,85.62
STU0290,2,2023-2024,92.42
STU0290,3,2024-2025,83.3
STU0290,4,2024-2025,86.11
STU0291,1,2023-2024,81.09
STU0291,2,2023-2024,80.84
STU0291,3,2024-2025,82.13
STU0291,4,2024-2025,82.19
STU0292,1,2023-2024,70.58
STU0292,2,2023-2024,75.39
STU0292,3,2024-2025,72.92
STU0292,4,2024-2025,71.56
STU0293,1,2023-2024,64.91
STU0293,2,2023-2024,64.2
STU0293,3,2024-2025,60.34
STU0293,4,2024-2025,62.42
STU0294,1,2023-2024,67.56
STU0294,2,2023-2024,61.64
STU0294,3,2024-2025,66.74
STU0294,4,2024-2025,68.48
STU0295,1,2023-2024,91.93
STU0295,2,2023-2024,89.17
STU0295,3,2024-2025,94.08
STU0295,4,2024-2025,89.56
STU0296,1,2023-2024,53.75
STU0296,2,2023-2024,52.79
STU0296,3,2024-2025,49.12
STU0296,4,2024-2025,52.92
STU0297,1,2023-2024,100.0
STU0297,2,2023-2024,100.0
STU0297,3,2024-2025,100.0
STU0297,4,2024-2025,99.46
STU0298,1,2023-2024,88.5
STU0298,2,2023-2024,88.74
STU0298,3,2024-2025,94.33
STU0298,4,2024-2025,89.29
STU0299,1,2023-2024,93.0
STU0299,2,2023-2024,95.11
STU0299,3,2024-2025,88.29
STU0299,4,2024-2025,92.0
STU0300,1,2023-2024,54.46
STU0300,2,2023-2024,64.0
STU0300,3,2024-2025,59.92
STU0300,4,2024-2025,58.29
STU0301,1,2023-2024,88.38
STU0301,2,2023-2024,89.51
STU0301,3,2024-2025,85.58
STU0301,4,2024-2025,86.68
STU0302,1,2023-2024,60.52
STU0302,2,2023-2024,58.79
STU0302,3,2024-2025,61.07
STU0302,4,2024-2025,59.42
STU0303,1,2023-2024,42.12
STU0303,2,2023-2024,41.34
STU0303,3,2024-2025,47.5
STU0303,4,2024-2025,48.23
STU0304,1,2023-2024,75.41
STU0304,2,2023-2024,78.97
STU0304,3,2024-2025,80.3
STU0304,4,2024-2025,81.37
STU0305,1,2023-2024,62.74
STU0305,2,2023-2024,62.9
STU0305,3,2024-2025,61.44
STU0305,4,2024-2025,62.6
STU0306,1,2023-2024,44.69
STU0306,2,2023-2024,39.56
STU0306,3,2024-2025,38.59
STU0306,4,2024-2025,40.43
STU0307,1,2023-2024,47.57
STU0307,2,2023-2024,47.36
STU0307,3,2024-2025,51.66
STU0307,4,2024-2025,49.62
STU0308,1,2023-2024,82.24
STU0308,2,2023-2024,76.18
STU0308,3,2024-2025,80.43
STU0308,4,2024-2025,80.51
STU0309,1,2023-2024,83.61
STU0309,2,2023-2024,83.42
STU0309,3,2024-2025,89.4
STU0309,4,2024-2025,88.05
STU0310,1,2023-2024,47.05
STU0310,2,2023-2024,47.44
STU0310,3,2024-2025,50.2
STU0310,4,2024-2025,56.82
STU0311,1,2023-2024,76.5
STU0311,2,2023-2024,84.83
STU0311,3,2024-2025,75.44
STU0311,4,2024-2025,81.93
STU0312,1,2023-2024,87.67
STU0312,2,2023-2024,90.31
STU0312,3,2024-2025,93.32
STU0312,4,2024-2025,86.67
STU0313,1,2023-2024,76.59
STU0313,2,2023-2024,72.76
STU0313,3,2024-2025,68.49
STU0313,4,2024-2025,76.09
STU0314,1,2023-2024,80.28
STU0314,2,2023-2024,76.42
STU0314,3,2024-2025,77.94
STU0314,4,2024-2025,79.28
STU0315,1,2023-2024,85.71
STU0315,2,2023-2024,87.42
STU0315,3,2024-2025,87.67
STU0315,4,2024-2025,84.29
STU0316,1,2023-2024,65.54
STU0316,2,2023-2024,70.87
STU0316,3,2024-2025,64.69
STU0316,4,2024-2025,70.58
STU0317,1,2023-2024,82.08
STU0317,2,2023-2024,74.08
STU0317,3,2024-2025,80.59
STU0317,4,2024-2025,75.4
STU0318,1,2023-2024,74.41
STU0318,2,2023-2024,75.56
STU0318,3,2024-2025,69.06
STU0318,4,2024-2025,72.56
STU0319,1,2023-2024,77.27
STU0319,2,2023-2024,69.01
STU0319,3,2024-2025,72.78
STU0319,4,2024-2025,77.89
STU0320,1,2023-2024,88.09
STU0320,2,2023-2024,85.34
STU0320,3,2024-2025,86.98
STU0320,4,2024-2025,82.74
STU0321,1,2023-2024,24.77
STU0321,2,2023-2024,26.57
STU0321,3,2024-2025,27.69
STU0321,4,2024-2025,20.51
STU0322,1,2023-2024,76.64
STU0322,2,2023-2024,67.73
STU0322,3,2024-2025,76.42
STU0322,4,2024-2025,70.36
STU0323,1,2023-2024,85.09
STU0323,2,2023-2024,85.69
STU0323,3,2024-2025,83.03
STU0323,4,2024-2025,80.41
STU0324,1,2023-2024,77.14
STU0324,2,2023-2024,74.63
STU0324,3,2024-2025,76.57
STU0324,4,2024-2025,74.5
STU0325,1,2023-2024,90.88
STU0325,2,2023-2024,92.45
STU0325,3,2024-2025,93.86
STU0325,4,2024-2025,88.33
STU0326,1,2023-2024,66.32
STU0326,2,2023-2024,71.05
STU0326,3,2024-2025,69.45
STU0326,4,2024-2025,66.35
STU0327,1,2023-2024,61.06
STU0327,2,2023-2024,57.85
STU0327,3,2024-2025,66.06
STU0327,4,2024-2025,59.58
STU0328,1,2023-2024,85.36
STU0328,2,2023-2024,86.55
STU0328,3,2024-2025,85.63
STU0328,4,2024-2025,88.31
STU0329,1,2023-2024,94.48
STU0329,2,2023-2024,93.01
STU0329,3,2024-2025,98.3
STU0329,4,2024-2025,88.0
STU0330,1,2023-2024,59.37
STU0330,2,2023-2024,60.51
STU0330,3,2024-2025,63.14
STU0330,4,2024-2025,55.05
STU0331,1,2023-2024,60.95
STU0331,2,2023-2024,62.19
STU0331,3,2024-2025,61.84
STU0331,4,2024-2025,60.67
STU0332,1,2023-2024,90.8
STU0332,2,2023-2024,84.41
STU0332,3,2024-2025,87.22
STU0332,4,2024-2025,87.5
STU0333,1,2023-2024,67.68
STU0333,2,2023-2024,72.73
STU0333,3,2024-2025,77.8
STU0333,4,2024-2025,75.03
STU0334,1,2023-2024,91.55
STU0334,2,2023-2024,100.0
STU0334,3,2024-2025,97.58
STU0334,4,2024-2025,96.78
STU0335,1,2023-2024,81.33
STU0335,2,2023-2024,83.78
STU0335,3,2024-2025,80.73
STU0335,4,2024-2025,83.41
STU0336,1,2023-2024,86.87
STU0336,2,2023-2024,84.91
STU0336,3,2024-2025,86.29
STU0336,4,2024-2025,87.53
STU0337,1,2023-2024,35.05
STU0337,2,2023-2024,31.39
STU0337,3,2024-2025,33.09
STU0337,4,2024-2025,35.63
STU0338,1,2023-2024,70.84
STU0338,2,2023-2024,80.05
STU0338,3,2024-2025,79.4
STU0338,4,2024-2025,77.81
STU0339,1,2023-2024,76.95
STU0339,2,2023-2024,80.34
STU0339,3,2024-2025,79.07
STU0339,4,2024-2025,81.58
STU0340,1,2023-2024,82.39
STU0340,2,2023-2024,83.67
STU0340,3,2024-2025,81.64
STU0340,4,2024-2025,79.01
STU0341,1,2023-2024,81.55
STU0341,2,2023-2024,80.21
STU0341,3,2024-2025,79.89
STU0341,4,2024-2025,85.54
STU0342,1,2023-2024,69.53
STU0342,2,2023-2024,69.32
STU0342,3,2024-2025,71.48
STU0342,4,2024-2025,70.22
STU0343,1,2023-2024,88.49
STU0343,2,2023-2024,87.56
STU0343,3,2024-2025,89.51
STU0343,4,2024-2025,87.62
STU0344,1,2023-2024,81.61
STU0344,2,2023-2024,86.07
STU0344,3,2024-2025,89.29
STU0344,4,2024-2025,84.86
STU0345,1,2023-2024,89.75
STU0345,2,2023-2024,87.58
STU0345,3,2024-2025,88.47
STU0345,4,2024-2025,90.45
STU0346,1,2023-2024,58.98
STU0346,2,2023-2024,55.51
STU0346,3,2024-2025,61.74
STU0346,4,2024-2025,54.64
STU0347,1,2023-2024,71.71
STU0347,2,2023-2024,69.35
STU0347,3,2024-2025,74.84
STU0347,4,2024-2025,73.73
STU0348,1,2023-2024,68.24
STU0348,2,2023-2024,65.54
STU0348,3,2024-2025,72.17
STU0348,4,2024-2025,72.54
STU0349,1,2023-2024,45.33
STU0349,2,2023-2024,47.29
STU0349,3,2024-2025,50.64
STU0349,4,2024-2025,50.23
STU0350,1,2023-2024,61.21
STU0350,2,2023-2024,62.4
STU0350,3,2024-2025,54.14
STU0350,4,2024-2025,60.79
STU0351,1,2023-2024,30.06
STU0351,2,2023-2024,28.08
STU0351,3,2024-2025,30.44
STU0351,4,2024-2025,27.92
STU0352,1,2023-2024,93.05
STU0352,2,2023-2024,98.12
STU0352,3,2024-2025,90.51
STU0352,4,2024-2025,93.91
STU0353,1,2023-2024,88.18
STU0353,2,2023-2024,89.43
STU0353,3,2024-2025,83.77
STU0353,4,2024-2025,87.76
STU0354,1,2023-2024,83.19
STU0354,2,2023-2024,85.61
STU0354,3,2024-2025,82.35
STU0354,4,2024-2025,91.72
STU0355,1,2023-2024,100.0
STU0355,2,2023-2024,96.89
STU0355,3,2024-2025,90.53
STU0355,4,2024-2025,98.39
STU0356,1,2023-2024,66.13
STU0356,2,2023-2024,62.3
STU0356,3,2024-2025,67.22
STU0356,4,2024-2025,67.53
STU0357,1,2023-2024,78.42
STU0357,2,2023-2024,82.52
STU0357,3,2024-2025,77.29
STU0357,4,2024-2025,81.35
STU0358,1,2023-2024,90.35
STU0358,2,2023-2024,90.12
STU0358,3,2024-2025,87.34
STU0358,4,2024-2025,92.3
STU0359,1,2023-2024,75.41
STU0359,2,2023-2024,87.87
STU0359,3,2024-2025,82.86
STU0359,4,2024-2025,84.72
STU0360,1,2023-2024,69.65
STU0360,2,2023-2024,69.44
STU0360,3,2024-2025,63.76
STU0360,4,2024-2025,67.73
STU0361,1,2023-2024,68.85
STU0361,2,2023-2024,64.99
STU0361,3,2024-2025,72.09
STU0361,4,2024-2025,65.28
STU0362,1,2023-2024,78.16
STU0362,2,2023-2024,72.75
STU0362,3,2024-2025,76.01
STU0362,4,2024-2025,82.2
STU0363,1,2023-2024,50.74
STU0363,2,2023-2024,53.27
STU0363,3,2024-2025,53.09
STU0363,4,2024-2025,49.02
STU0364,1,2023-2024,64.52
STU0364,2,2023-2024,61.93
STU0364,3,2024-2025,62.22
STU0364,4,2024-2025,61.2
STU0365,1,2023-2024,76.73
STU0365,2,2023-2024,80.59
STU0365,3,2024-2025,75.22
STU0365,4,2024-2025,70.72
STU0366,1,2023-2024,86.06
STU0366,2,2023-2024,94.55
STU0366,3,2024-2025,87.97
STU0366,4,2024-2025,88.99
STU0367,1,2023-2024,94.19
STU0367,2,2023-2024,96.97
STU0367,3,2024-2025,95.2
STU0367,4,2024-2025,92.42
STU0368,1,2023-2024,90.75
STU0368,2,2023-2024,94.0
STU0368,3,2024-2025,93.25
STU0368,4,2024-2025,94.03
STU0369,1,2023-2024,54.13
STU0369,2,2023-2024,56.44
STU0369,3,2024-2025,58.37
STU0369,4,2024-2025,48.89
STU0370,1,2023-2024,95.75
STU0370,2,2023-2024,94.47
STU0370,3,2024-2025,95.62
STU0370,4,2024-2025,94.76
STU0371,1,2023-2024,38.87
STU0371,2,2023-2024,35.74
STU0371,3,2024-2025,33.01
STU0371,4,2024-2025,34.87
STU0372,1,2023-2024,63.01
STU0372,2,2023-2024,60.77
STU0372,3,2024-2025,54.95
STU0372,4,2024-2025,64.33
STU0373,1,2023-2024,89.79
STU0373,2,2023-2024,82.79
STU0373,3,2024-2025,87.74
STU0373,4,2024-2025,87.15
STU0374,1,2023-2024,84.73
STU0374,2,2023-2024,83.11
STU0374,3,2024-2025,85.1
STU0374,4,2024-2025,87.25
STU0375,1,2023-2024,74.21
STU0375,2,2023-2024,69.79
STU0375,3,2024-2025,73.83
STU0375,4,2024-2025,66.16
STU0376,1,2023-2024,92.42
STU0376,2,2023-2024,96.94
STU0376,3,2024-2025,99.29
STU0376,4,2024-2025,99.9
STU0377,1,2023-2024,82.39
STU0377,2,2023-2024,86.75
STU0377,3,2024-2025,82.5
STU0377,4,2024-2025,79.8
STU0378,1,2023-2024,85.49
STU0378,2,2023-2024,87.09
STU0378,3,2024-2025,83.2
STU0378,4,2024-2025,88.7
STU0379,1,2023-2024,42.13
STU0379,2,2023-2024,49.19
STU0379,3,2024-2025,37.75
STU0379,4,2024-2025,45.6
STU0380,1,2023-2024,87.21
STU0380,2,2023-2024,84.22
STU0380,3,2024-2025,90.65
STU0380,4,2024-2025,87.42
STU0381,1,2023-2024,86.47
STU0381,2,2023-2024,87.99
STU0381,3,2024-2025,81.78
STU0381,4,2024-2025,80.24
STU0382,1,2023-2024,81.37
STU0382,2,2023-2024,77.15
STU0382,3,2024-2025,80.48
STU0382,4,2024-2025,75.94
STU0383,1,2023-2024,72.24
STU0383,2,2023-2024,69.9
STU0383,3,2024-2025,71.3
STU0383,4,2024-2025,73.27
STU0384,1,2023-2024,52.93
STU0384,2,2023-2024,50.67
STU0384,3,2024-2025,47.77
STU0384,4,2024-2025,51.55
STU0385,1,2023-2024,93.32
STU0385,2,2023-2024,93.53
STU0385,3,2024-2025,94.68
STU0385,4,2024-2025,93.42
STU0386,1,2023-2024,97.58
STU0386,2,2023-2024,95.29
STU0386,3,2024-2025,93.58
STU0386,4,2024-2025,92.67
STU0387,1,2023-2024,33.22
STU0387,2,2023-2024,34.91
STU0387,3,2024-2025,34.79
STU0387,4,2024-2025,30.79
STU0388,1,2023-2024,100.0
STU0388,2,2023-2024,100.0
STU0388,3,2024-2025,100.0
STU0388,4,2024-2025,100.0
STU0389,1,2023-2024,98.54
STU0389,2,2023-2024,94.73
STU0389,3,2024-2025,88.9
STU0389,4,2024-2025,93.17
STU0390,1,2023-2024,67.36
STU0390,2,2023-2024,71.15
STU0390,3,2024-2025,74.21
STU0390,4,2024-2025,71.09
STU0391,1,2023-2024,77.3
STU0391,2,2023-2024,77.03
STU0391,3,2024-2025,73.51
STU0391,4,2024-2025,76.25
STU0392,1,2023-2024,77.58
STU0392,2,2023-2024,83.34
STU0392,3,2024-2025,84.94
STU0392,4,2024-2025,76.5
STU0393,1,2023-2024,91.25
STU0393,2,2023-2024,88.12
STU0393,3,2024-2025,83.95
STU0393,4,2024-2025,98.94
STU0394,1,2023-2024,74.81
STU0394,2,2023-2024,70.18
STU0394,3,2024-2025,75.67
STU0394,4,2024-2025,77.31
STU0395,1,2023-2024,81.16
STU0395,2,2023-2024,85.17
STU0395,3,2024-2025,87.75
STU0395,4,2024-2025,87.96
STU0396,1,2023-2024,61.18
STU0396,2,2023-2024,62.42
STU0396,3,2024-2025,63.73
STU0396,4,2024-2025,60.05
STU0397,1,2023-2024,84.95
STU0397,2,2023-2024,87.45
STU0397,3,2024-2025,82.64
STU0397,4,2024-2025,93.99
STU0398,1,2023-2024,83.79
STU0398,2,2023-2024,91.76
STU0398,3,2024-2025,82.09
STU0398,4,2024-2025,83.86
STU0399,1,2023-2024,79.27
STU0399,2,2023-2024,77.01
STU0399,3,2024-2025,87.68
STU0399,4,2024-2025,83.14
STU0400,1,2023-2024,88.97
STU0400,2,2023-2024,90.23
STU0400,3,2024-2025,91.67
STU0400,4,2024-2025,88.3
STU0401,1,2023-2024,72.4
STU0401,2,2023-2024,69.68
STU0401,3,2024-2025,67.23
STU0401,4,2024-2025,68.84
STU0402,1,2023-2024,70.46
STU0402,2,2023-2024,68.21
STU0402,3,2024-2025,65.94
STU0402,4,2024-2025,67.78
STU0403,1,2023-2024,53.21
STU0403,2,2023-2024,61.2
STU0403,3,2024-2025,67.93
STU0403,4,2024-2025,63.64
STU0404,1,2023-2024,73.26
STU0404,2,2023-2024,79.27
STU0404,3,2024-2025,77.61
STU0404,4,2024-2025,71.71
STU0405,1,2023-2024,87.91
STU0405,2,2023-2024,88.5
STU0405,3,2024-2025,88.95
STU0405,4,2024-2025,87.04
STU0406,1,2023-2024,77.68
STU0406,2,2023-2024,73.48
STU0406,3,2024-2025,74.71
STU0406,4,2024-2025,78.54
STU0407,1,2023-2024,83.26
STU0407,2,2023-2024,79.25
STU0407,3,2024-2025,90.71
STU0407,4,2024-2025,88.08
STU0408,1,2023-2024,65.88
STU0408,2,2023-2024,60.61
STU0408,3,2024-2025,59.09
STU0408,4,2024-2025,63.23
STU0409,1,2023-2024,52.14
STU0409,2,2023-2024,55.61
STU0409,3,2024-2025,52.82
STU0409,4,2024-2025,52.55
STU0410,1,2023-2024,52.28
STU0410,2,2023-2024,54.75
STU0410,3,2024-2025,51.53
STU0410,4,2024-2025,54.73
STU0411,1,2023-2024,89.9
STU0411,2,2023-2024,91.86
STU0411,3,2024-2025,91.49
STU0411,4,2024-2025,87.39
STU0412,1,2023-2024,67.09
STU0412,2,2023-2024,69.82
STU0412,3,2024-2025,66.21
STU0412,4,2024-2025,66.78
STU0413,1,2023-2024,80.38
STU0413,2,2023-2024,76.36
STU0413,3,2024-2025,75.8
STU0413,4,2024-2025,73.01
STU0414,1,2023-2024,88.98
STU0414,2,2023-2024,91.87
STU0414,3,2024-2025,93.41
STU0414,4,2024-2025,89.75
STU0415,1,2023-2024,96.56
STU0415,2,2023-2024,89.06
STU0415,3,2024-2025,88.5
STU0415,4,2024-2025,92.19
STU0416,1,2023-2024,75.39
STU0416,2,2023-2024,71.29
STU0416,3,2024-2025,75.03
STU0416,4,2024-2025,72.9
STU0417,1,2023-2024,96.25
STU0417,2,2023-2024,98.0
STU0417,3,2024-2025,93.01
STU0417,4,2024-2025,98.54
STU0418,1,2023-2024,100.0
STU0418,2,2023-2024,100.0
STU0418,3,2024-2025,97.37
STU0418,4,2024-2025,100.0
STU0419,1,2023-2024,58.86
STU0419,2,2023-2024,61.03
STU0419,3,2024-2025,53.84
STU0419,4,2024-2025,50.88
STU0420,1,2023-2024,89.87
STU0420,2,2023-2024,92.02
STU0420,3,2024-2025,94.1
STU0420,4,2024-2025,86.25
STU0421,1,2023-2024,52.01
STU0421,2,2023-2024,53.23
STU0421,3,2024-2025,49.41
STU0421,4,2024-2025,52.41
STU0422,1,2023-2024,54.68
STU0422,2,2023-2024,55.47
STU0422,3,2024-2025,57.4
STU0422,4,2024-2025,61.05
STU0423,1,2023-2024,72.45
STU0423,2,2023-2024,71.0
STU0423,3,2024-2025,72.75
STU0423,4,2024-2025,78.83
STU0424,1,2023-2024,58.64
STU0424,2,2023-2024,56.86
STU0424,3,2024-2025,54.68
STU0424,4,2024-2025,56.14
STU0425,1,2023-2024,72.8
STU0425,2,2023-2024,75.79
STU0425,3,2024-2025,77.45
STU0425,4,2024-2025,78.28
STU0426,1,2023-2024,87.66
STU0426,2,2023-2024,86.33
STU0426,3,2024-2025,86.67
STU0426,4,2024-2025,85.07
STU0427,1,2023-2024,87.55
STU0427,2,2023-2024,86.83
STU0427,3,2024-2025,81.06
STU0427,4,2024-2025,84.63
STU0428,1,2023-2024,57.55
STU0428,2,2023-2024,47.22
STU0428,3,2024-2025,55.33
STU0428,4,2024-2025,54.57
STU0429,1,2023-2024,91.69
STU0429,2,2023-2024,91.83
STU0429,3,2024-2025,88.52
STU0429,4,2024-2025,91.12
STU0430,1,2023-2024,59.54
STU0430,2,2023-2024,53.98
STU0430,3,2024-2025,59.44
STU0430,4,2024-2025,55.93
STU0431,1,2023-2024,59.75
STU0431,2,2023-2024,58.2
STU0431,3,2024-2025,60.93
STU0431,4,2024-2025,59.84
STU0432,1,2023-2024,64.22
STU0432,2,2023-2024,67.16
STU0432,3,2024-2025,66.9
STU0432,4,2024-2025,73.24
STU0433,1,2023-2024,75.76
STU0433,2,2023-2024,70.36
STU0433,3,2024-2025,70.45
STU0433,4,2024-2025,72.84
STU0434,1,2023-2024,73.79
STU0434,2,2023-2024,75.91
STU0434,3,2024-2025,73.52
STU0434,4,2024-2025,79.58
STU0435,1,2023-2024,97.99
STU0435,2,2023-2024,97.24
STU0435,3,2024-2025,97.3
STU0435,4,2024-2025,92.89
STU0436,1,2023-2024,64.7
STU0436,2,2023-2024,60.16
STU0436,3,2024-2025,60.17
STU0436,4,2024-2025,65.57
STU0437,1,2023-2024,99.79
STU0437,2,2023-2024,95.34
STU0437,3,2024-2025,92.97
STU0437,4,2024-2025,89.65
STU0438,1,2023-2024,90.7
STU0438,2,2023-2024,90.58
STU0438,3,2024-2025,89.03
STU0438,4,2024-2025,85.89
STU0439,1,2023-2024,85.6
STU0439,2,2023-2024,90.07
STU0439,3,2024-2025,85.35
STU0439,4,2024-2025,86.47
STU0440,1,2023-2024,43.5
STU0440,2,2023-2024,45.4
STU0440,3,2024-2025,43.53
STU0440,4,2024-2025,40.85
STU0441,1,2023-2024,77.68
STU0441,2,2023-2024,83.12
STU0441,3,2024-2025,81.82
STU0441,4,2024-2025,80.03
STU0442,1,2023-2024,76.68
STU0442,2,2023-2024,69.46
STU0442,3,2024-2025,71.29
STU0442,4,2024-2025,78.42
STU0443,1,2023-2024,51.93
STU0443,2,2023-2024,50.9
STU0443,3,2024-2025,46.21
STU0443,4,2024-2025,54.0
STU0444,1,2023-2024,57.92
STU0444,2,2023-2024,51.77
STU0444,3,2024-2025,57.86
STU0444,4,2024-2025,57.19
STU0445,1,2023-2024,85.06
STU0445,2,2023-2024,88.43
STU0445,3,2024-2025,85.61
STU0445,4,2024-2025,92.6
STU0446,1,2023-2024,66.56
STU0446,2,2023-2024,71.6
STU0446,3,2024-2025,69.49
STU0446,4,2024-2025,72.52
STU0447,1,2023-2024,39.26
STU0447,2,2023-2024,38.87
STU0447,3,2024-2025,46.6
STU0447,4,2024-2025,45.9
STU0448,1,2023-2024,78.38
STU0448,2,2023-2024,83.78
STU0448,3,2024-2025,75.15
STU0448,4,2024-2025,79.34
STU0449,1,2023-2024,84.06
STU0449,2,2023-2024,81.21
STU0449,3,2024-2025,78.73
STU0449,4,2024-2025,85.03
STU0450,1,2023-2024,91.24
STU0450,2,2023-2024,93.51
STU0450,3,2024-2025,99.92
STU0450,4,2024-2025,92.13
STU0451,1,2023-2024,80.67
STU0451,2,2023-2024,76.94
STU0451,3,2024-2025,80.1
STU0451,4,2024-2025,78.64
STU0452,1,2023-2024,76.81
STU0452,2,2023-2024,69.78
STU0452,3,2024-2025,73.26
STU0452,4,2024-2025,73.67
STU0453,1,2023-2024,100.0
STU0453,2,2023-2024,96.72
STU0453,3,2024-2025,99.82
STU0453,4,2024-2025,100.0
STU0454,1,2023-2024,82.34
STU0454,2,2023-2024,82.27
STU0454,3,2024-2025,86.72
STU0454,4,2024-2025,87.46
STU0455,1,2023-2024,72.93
STU0455,2,2023-2024,78.45
STU0455,3,2024-2025,78.86
STU0455,4,2024-2025,73.9
STU0456,1,2023-2024,77.59
STU0456,2,2023-2024,74.13
STU0456,3,2024-2025,75.78
STU0456,4,2024-2025,73.57
STU0457,1,2023-2024,69.86
STU0457,2,2023-2024,70.07
STU0457,3,2024-2025,70.13
STU0457,4,2024-2025,68.83
STU0458,1,2023-2024,61.89
STU0458,2,2023-2024,64.31
STU0458,3,2024-2025,67.93
STU0458,4,2024-2025,75.46
STU0459,1,2023-2024,93.05
STU0459,2,2023-2024,94.8
STU0459,3,2024-2025,92.4
STU0459,4,2024-2025,95.11
STU0460,1,2023-2024,38.22
STU0460,2,2023-2024,39.77
STU0460,3,2024-2025,38.81
STU0460,4,2024-2025,35.0
STU0461,1,2023-2024,62.64
STU0461,2,2023-2024,65.51
STU0461,3,2024-2025,59.68
STU0461,4,2024-2025,63.86
STU0462,1,2023-2024,87.44
STU0462,2,2023-2024,87.51
STU0462,3,2024-2025,82.97
STU0462,4,2024-2025,90.05
STU0463,1,2023-2024,92.4
STU0463,2,2023-2024,92.16
STU0463,3,2024-2025,91.83
STU0463,4,2024-2025,93.73
STU0464,1,2023-2024,86.55
STU0464,2,2023-2024,92.32
STU0464,3,2024-2025,88.1
STU0464,4,2024-2025,89.66
STU0465,1,2023-2024,58.05
STU0465,2,2023-2024,51.46
STU0465,3,2024-2025,58.68
STU0465,4,2024-2025,54.76
STU0466,1,2023-2024,49.22
STU0466,2,2023-2024,53.87
STU0466,3,2024-2025,54.42
STU0466,4,2024-2025,52.36
STU0467,1,2023-2024,55.36
STU0467,2,2023-2024,58.21
STU0467,3,2024-2025,53.58
STU0467,4,2024-2025,58.56
STU0468,1,2023-2024,94.43
STU0468,2,2023-2024,90.24
STU0468,3,2024-2025,85.91
STU0468,4,2024-2025,86.42
STU0469,1,2023-2024,81.65
STU0469,2,2023-2024,81.83
STU0469,3,2024-2025,79.54
STU0469,4,2024-2025,79.24
STU0470,1,2023-2024,80.66
STU0470,2,2023-2024,82.8
STU0470,3,2024-2025,82.09
STU0470,4,2024-2025,82.22
STU0471,1,2023-2024,59.19
STU0471,2,2023-2024,60.67
STU0471,3,2024-2025,66.8
STU0471,4,2024-2025,57.8
STU0472,1,2023-2024,91.27
STU0472,2,2023-2024,93.28
STU0472,3,2024-2025,89.97
STU0472,4,2024-2025,89.94
STU0473,1,2023-2024,86.82
STU0473,2,2023-2024,85.6
STU0473,3,2024-2025,87.4
STU0473,4,2024-2025,84.94
STU0474,1,2023-2024,51.16
STU0474,2,2023-2024,52.15
STU0474,3,2024-2025,49.81
STU0474,4,2024-2025,49.76
STU0475,1,2023-2024,84.8
STU0475,2,2023-2024,80.32
STU0475,3,2024-2025,86.23
STU0475,4,2024-2025,86.0
STU0476,1,2023-2024,64.07
STU0476,2,2023-2024,62.73
STU0476,3,2024-2025,60.07
STU0476,4,2024-2025,71.0
STU0477,1,2023-2024,80.06
STU0477,2,2023-2024,81.09
STU0477,3,2024-2025,80.91
STU0477,4,2024-2025,71.59
STU0478,1,2023-2024,67.32
STU0478,2,2023-2024,59.13
STU0478,3,2024-2025,62.46
STU0478,4,2024-2025,60.4
STU0479,1,2023-2024,59.86
STU0479,2,2023-2024,64.12
STU0479,3,2024-2025,66.6
STU0479,4,2024-2025,58.15
STU0480,1,2023-2024,52.75
STU0480,2,2023-2024,55.67
STU0480,3,2024-2025,52.32
STU0480,4,2024-2025,45.92
STU0481,1,2023-2024,79.88
STU0481,2,2023-2024,76.71
STU0481,3,2024-2025,80.86
STU0481,4,2024-2025,78.62
STU0482,1,2023-2024,57.23
STU0482,2,2023-2024,54.79
STU0482,3,2024-2025,56.93
STU0482,4,2024-2025,58.57
STU0483,1,2023-2024,69.52
STU0483,2,2023-2024,70.92
STU0483,3,2024-2025,68.53
STU0483,4,2024-2025,66.07
STU0484,1,2023-2024,83.28
STU0484,2,2023-2024,77.18
STU0484,3,2024-2025,79.84
STU0484,4,2024-2025,85.4
STU0485,1,2023-2024,63.41
STU0485,2,2023-2024,70.65
STU0485,3,2024-2025,68.42
STU0485,4,2024-2025,66.87
STU0486,1,2023-2024,54.48
STU0486,2,2023-2024,45.1
STU0486,3,2024-2025,48.96
STU0486,4,2024-2025,50.32
STU0487,1,2023-2024,90.9
STU0487,2,2023-2024,83.36
STU0487,3,2024-2025,90.35
STU0487,4,2024-2025,88.65
STU0488,1,2023-2024,91.23
STU0488,2,2023-2024,91.81
STU0488,3,2024-2025,97.3
STU0488,4,2024-2025,90.6
STU0489,1,2023-2024,93.77
STU0489,2,2023-2024,93.23
STU0489,3,2024-2025,90.75
STU0489,4,2024-2025,91.32
STU0490,1,2023-2024,78.57
STU0490,2,2023-2024,79.13
STU0490,3,2024-2025,70.24
STU0490,4,2024-2025,81.29
STU0491,1,2023-2024,59.32
STU0491,2,2023-2024,54.69
STU0491,3,2024-2025,53.98
STU0491,4,2024-2025,53.08
STU0492,1,2023-2024,62.94
STU0492,2,2023-2024,68.76
STU0492,3,2024-2025,66.62
STU0492,4,2024-2025,64.78
STU0493,1,2023-2024,60.92
STU0493,2,2023-2024,60.1
STU0493,3,2024-2025,61.38
STU0493,4,2024-2025,64.88
STU0494,1,2023-2024,52.12
STU0494,2,2023-2024,56.79
STU0494,3,2024-2025,54.31
STU0494,4,2024-2025,54.88
STU0495,1,2023-2024,30.4
STU0495,2,2023-2024,34.57
STU0495,3,2024-2025,31.56
STU0495,4,2024-2025,32.82
STU0496,1,2023-2024,83.58
STU0496,2,2023-2024,87.41
STU0496,3,2024-2025,82.5
STU0496,4,2024-2025,77.94
STU0497,1,2023-2024,84.17
STU0497,2,2023-2024,88.73
STU0497,3,2024-2025,86.22
STU0497,4,2024-2025,83.53
STU0498,1,2023-2024,89.71
STU0498,2,2023-2024,94.53
STU0498,3,2024-2025,94.33
STU0498,4,2024-2025,94.7
STU0499,1,2023-2024,88.12
STU0499,2,2023-2024,87.06
STU0499,3,2024-2025,91.46
STU0499,4,2024-2025,91.78
STU0500,1,2023-2024,51.29
STU0500,2,2023-2024,55.88
STU0500,3,2024-2025,50.94
STU0500,4,2024-2025,58.79
STU0501,1,2023-2024,24.31
STU0501,2,2023-2024,30.71
STU0501,3,2024-2025,23.49
STU0501,4,2024-2025,26.7
STU0502,1,2023-2024,45.35
STU0502,2,2023-2024,46.78
STU0502,3,2024-2025,46.99
STU0502,4,2024-2025,49.81
STU0503,1,2023-2024,86.93
STU0503,2,2023-2024,83.72
STU0503,3,2024-2025,93.81
STU0503,4,2024-2025,82.33
STU0504,1,2023-2024,62.75
STU0504,2,2023-2024,59.43
STU0504,3,2024-2025,62.28
STU0504,4,2024-2025,55.52
STU0505,1,2023-2024,55.75
STU0505,2,2023-2024,63.1
STU0505,3,2024-2025,60.67
STU0505,4,2024-2025,60.23
STU0506,1,2023-2024,87.09
STU0506,2,2023-2024,87.94
STU0506,3,2024-2025,79.85
STU0506,4,2024-2025,84.03
STU0507,1,2023-2024,91.7
STU0507,2,2023-2024,92.54
STU0507,3,2024-2025,93.68
STU0507,4,2024-2025,93.44
STU0508,1,2023-2024,91.82
STU0508,2,2023-2024,96.26
STU0508,3,2024-2025,96.65
STU0508,4,2024-2025,92.91
STU0509,1,2023-2024,73.32
STU0509,2,2023-2024,79.12
STU0509,3,2024-2025,82.5
STU0509,4,2024-2025,78.29
STU0510,1,2023-2024,73.92
STU0510,2,2023-2024,73.77
STU0510,3,2024-2025,74.29
STU0510,4,2024-2025,77.09
STU0511,1,2023-2024,80.31
STU0511,2,2023-2024,91.08
STU0511,3,2024-2025,78.4
STU0511,4,2024-2025,86.59
STU0512,1,2023-2024,89.14
STU0512,2,2023-2024,83.87
STU0512,3,2024-2025,90.35
STU0512,4,2024-2025,91.22
STU0513,1,2023-2024,90.43
STU0513,2,2023-2024,85.13
STU0513,3,2024-2025,82.1
STU0513,4,2024-2025,84.46
STU0514,1,2023-2024,81.72
STU0514,2,2023-2024,79.26
STU0514,3,2024-2025,81.99
STU0514,4,2024-2025,86.53
STU0515,1,2023-2024,81.93
STU0515,2,2023-2024,78.25
STU0515,3,2024-2025,84.67
STU0515,4,2024-2025,88.0
STU0516,1,2023-2024,69.49
STU0516,2,2023-2024,68.41
STU0516,3,2024-2025,63.33
STU0516,4,2024-2025,68.34
STU0517,1,2023-2024,71.52
STU0517,2,2023-2024,72.55
STU0517,3,2024-2025,80.12
STU0517,4,2024-2025,75.85
STU0518,1,2023-2024,48.1
STU0518,2,2023-2024,50.08
STU0518,3,2024-2025,45.29
STU0518,4,2024-2025,49.9
STU0519,1,2023-2024,87.88
STU0519,2,2023-2024,83.44
STU0519,3,2024-2025,88.89
STU0519,4,2024-2025,85.51
STU0520,1,2023-2024,67.86
STU0520,2,2023-2024,67.62
STU0520,3,2024-2025,71.48
STU0520,4,2024-2025,62.89
STU0521,1,2023-2024,77.57
STU0521,2,2023-2024,74.92
STU0521,3,2024-2025,77.05
STU0521,4,2024-2025,79.99
STU0522,1,2023-2024,59.78
STU0522,2,2023-2024,62.83
STU0522,3,2024-2025,63.84
STU0522,4,2024-2025,61.22
STU0523,1,2023-2024,76.41
STU0523,2,2023-2024,83.51
STU0523,3,2024-2025,75.34
STU0523,4,2024-2025,74.78
STU0524,1,2023-2024,91.31
STU0524,2,2023-2024,92.08
STU0524,3,2024-2025,93.7
STU0524,4,2024-2025,89.67
STU0525,1,2023-2024,83.76
STU0525,2,2023-2024,73.95
STU0525,3,2024-2025,78.15
STU0525,4,2024-2025,76.86
STU0526,1,2023-2024,92.01
STU0526,2,2023-2024,80.95
STU0526,3,2024-2025,83.24
STU0526,4,2024-2025,88.71
STU0527,1,2023-2024,62.93
STU0527,2,2023-2024,62.73
STU0527,3,2024-2025,62.43
STU0527,4,2024-2025,61.76
STU0528,1,2023-2024,52.85
STU0528,2,2023-2024,54.64
STU0528,3,2024-2025,50.16
STU0528,4,2024-2025,47.5
STU0529,1,2023-2024,90.71
STU0529,2,2023-2024,96.63
STU0529,3,2024-2025,99.71
STU0529,4,2024-2025,98.5
STU0530,1,2023-2024,86.83
STU0530,2,2023-2024,85.92
STU0530,3,2024-2025,88.88
STU0530,4,2024-2025,87.59
STU0531,1,2023-2024,90.23
STU0531,2,2023-2024,94.53
STU0531,3,2024-2025,92.17
STU0531,4,2024-2025,89.43
STU0532,1,2023-2024,70.47
STU0532,2,2023-2024,76.71
STU0532,3,2024-2025,71.12
STU0532,4,2024-2025,71.1
STU0533,1,2023-2024,48.68
STU0533,2,2023-2024,55.82
STU0533,3,2024-2025,53.56
STU0533,4,2024-2025,45.49
STU0534,1,2023-2024,84.84
STU0534,2,2023-2024,79.04
STU0534,3,2024-2025,81.68
STU0534,4,2024-2025,83.24
STU0535,1,2023-2024,29.79
STU0535,2,2023-2024,31.52
STU0535,3,2024-2025,27.46
STU0535,4,2024-2025,31.46
STU0536,1,2023-2024,61.19
STU0536,2,2023-2024,63.81
STU0536,3,2024-2025,66.96
STU0536,4,2024-2025,62.92
STU0537,1,2023-2024,89.25
STU0537,2,2023-2024,93.1
STU0537,3,2024-2025,87.03
STU0537,4,2024-2025,91.43
STU0538,1,2023-2024,72.09
STU0538,2,2023-2024,60.89
STU0538,3,2024-2025,59.89
STU0538,4,2024-2025,73.28
STU0539,1,2023-2024,68.37
STU0539,2,2023-2024,60.04
STU0539,3,2024-2025,63.92
STU0539,4,2024-2025,65.27
STU0540,1,2023-2024,58.11
STU0540,2,2023-2024,63.7
STU0540,3,2024-2025,59.57
STU0540,4,2024-2025,57.8
STU0541,1,2023-2024,54.23
STU0541,2,2023-2024,57.25
STU0541,3,2024-2025,59.78
STU0541,4,2024-2025,54.67
STU0542,1,2023-2024,90.89
STU0542,2,2023-2024,84.9
STU0542,3,2024-2025,87.26
STU0542,4,2024-2025,91.03
STU0543,1,2023-2024,70.13
STU0543,2,2023-2024,68.08
STU0543,3,2024-2025,71.36
STU0543,4,2024-2025,73.67
STU0544,1,2023-2024,67.66
STU0544,2,2023-2024,73.7
STU0544,3,2024-2025,72.63
STU0544,4,2024-2025,75.19
STU0545,1,2023-2024,61.75
STU0545,2,2023-2024,53.87
STU0545,3,2024-2025,57.6
STU0545,4,2024-2025,51.51
STU0546,1,2023-2024,92.37
STU0546,2,2023-2024,86.21
STU0546,3,2024-2025,92.22
STU0546,4,2024-2025,94.15
STU0547,1,2023-2024,86.05
STU0547,2,2023-2024,79.69
STU0547,3,2024-2025,80.89
STU0547,4,2024-2025,82.51
STU0548,1,2023-2024,73.45
STU0548,2,2023-2024,70.41
STU0548,3,2024-2025,72.13
STU0548,4,2024-2025,70.71
STU0549,1,2023-2024,93.44
STU0549,2,2023-2024,87.81
STU0549,3,2024-2025,93.43
STU0549,4,2024-2025,94.48
STU0550,1,2023-2024,72.12
STU0550,2,2023-2024,74.77
STU0550,3,2024-2025,76.48
STU0550,4,2024-2025,68.04
STU0551,1,2023-2024,88.95
STU0551,2,2023-2024,81.65
STU0551,3,2024-2025,81.15
STU0551,4,2024-2025,86.82
STU0552,1,2023-2024,54.25
STU0552,2,2023-2024,53.45
STU0552,3,2024-2025,50.72
STU0552,4,2024-2025,52.64
STU0553,1,2023-2024,89.45
STU0553,2,2023-2024,93.85
STU0553,3,2024-2025,91.28
STU0553,4,2024-2025,87.61
STU0554,1,2023-2024,64.95
STU0554,2,2023-2024,61.87
STU0554,3,2024-2025,64.89
STU0554,4,2024-2025,65.08
STU0555,1,2023-2024,70.92
STU0555,2,2023-2024,71.11
STU0555,3,2024-2025,67.87
STU0555,4,2024-2025,72.64
STU0556,1,2023-2024,82.28
STU0556,2,2023-2024,84.98
STU0556,3,2024-2025,81.71
STU0556,4,2024-2025,88.03
STU0557,1,2023-2024,90.17
STU0557,2,2023-2024,91.7
STU0557,3,2024-2025,93.14
STU0557,4,2024-2025,90.26
STU0558,1,2023-2024,76.58
STU0558,2,2023-2024,74.22
STU0558,3,2024-2025,77.04
STU0558,4,2024-2025,76.28
STU0559,1,2023-2024,53.91
STU0559,2,2023-2024,53.72
STU0559,3,2024-2025,59.49
STU0559,4,2024-2025,56.12
STU0560,1,2023-2024,61.08
STU0560,2,2023-2024,64.74
STU0560,3,2024-2025,70.49
STU0560,4,2024-2025,69.67
STU0561,1,2023-2024,72.16
STU0561,2,2023-2024,73.7
STU0561,3,2024-2025,72.99
STU0561,4,2024-2025,78.06
STU0562,1,2023-2024,75.04
STU0562,2,2023-2024,74.23
STU0562,3,2024-2025,72.06
STU0562,4,2024-2025,73.32
STU0563,1,2023-2024,48.86
STU0563,2,2023-2024,48.92
STU0563,3,2024-2025,52.94
STU0563,4,2024-2025,53.35
STU0564,1,2023-2024,86.75
STU0564,2,2023-2024,90.03
STU0564,3,2024-2025,91.77
STU0564,4,2024-2025,92.8
STU0565,1,2023-2024,82.16
STU0565,2,2023-2024,88.85
STU0565,3,2024-2025,84.78
STU0565,4,2024-2025,87.06
STU0566,1,2023-2024,78.82
STU0566,2,2023-2024,75.27
STU0566,3,2024-2025,74.15
STU0566,4,2024-2025,72.17
STU0567,1,2023-2024,87.02
STU0567,2,2023-2024,83.47
STU0567,3,2024-2025,87.76
STU0567,4,2024-2025,88.25
STU0568,1,2023-2024,47.29
STU0568,2,2023-2024,49.64
STU0568,3,2024-2025,51.33
STU0568,4,2024-2025,53.28
STU0569,1,2023-2024,64.79
STU0569,2,2023-2024,66.53
STU0569,3,2024-2025,64.25
STU0569,4,2024-2025,66.78
STU0570,1,2023-2024,83.14
STU0570,2,2023-2024,91.47
STU0570,3,2024-2025,92.05
STU0570,4,2024-2025,91.34
STU0571,1,2023-2024,85.72
STU0571,2,2023-2024,88.23
STU0571,3,2024-2025,85.61
STU0571,4,2024-2025,88.55
STU0572,1,2023-2024,66.68
STU0572,2,2023-2024,66.79
STU0572,3,2024-2025,66.33
STU0572,4,2024-2025,76.24
STU0573,1,2023-2024,48.65
STU0573,2,2023-2024,47.94
STU0573,3,2024-2025,51.82
STU0573,4,2024-2025,53.65
STU0574,1,2023-2024,71.72
STU0574,2,2023-2024,75.45
STU0574,3,2024-2025,66.96
STU0574,4,2024-2025,70.11
STU0575,1,2023-2024,97.82
STU0575,2,2023-2024,100.0
STU0575,3,2024-2025,99.38
STU0575,4,2024-2025,90.73
STU0576,1,2023-2024,89.13
STU0576,2,2023-2024,87.42
STU0576,3,2024-2025,90.73
STU0576,4,2024-2025,85.79
STU0577,1,2023-2024,49.03
STU0577,2,2023-2024,51.46
STU0577,3,2024-2025,45.11
STU0577,4,2024-2025,51.21
STU0578,1,2023-2024,67.82
STU0578,2,2023-2024,70.64
STU0578,3,2024-2025,69.77
STU0578,4,2024-2025,65.06
STU0579,1,2023-2024,62.15
STU0579,2,2023-2024,69.31
STU0579,3,2024-2025,67.9
STU0579,4,2024-2025,71.2
STU0580,1,2023-2024,71.08
STU0580,2,2023-2024,68.58
STU0580,3,2024-2025,64.71
STU0580,4,2024-2025,71.42
STU0581,1,2023-2024,79.98
STU0581,2,2023-2024,80.08
STU0581,3,2024-2025,75.04
STU0581,4,2024-2025,74.85
STU0582,1,2023-2024,62.32
STU0582,2,2023-2024,55.87
STU0582,3,2024-2025,58.12
STU0582,4,2024-2025,60.62
STU0583,1,2023-2024,46.42
STU0583,2,2023-2024,41.32
STU0583,3,2024-2025,38.24
STU0583,4,2024-2025,43.36
STU0584,1,2023-2024,61.74
STU0584,2,2023-2024,63.33
STU0584,3,2024-2025,69.56
STU0584,4,2024-2025,65.91
STU0585,1,2023-2024,70.37
STU0585,2,2023-2024,72.05
STU0585,3,2024-2025,70.16
STU0585,4,2024-2025,66.15
STU0586,1,2023-2024,58.29
STU0586,2,2023-2024,60.26
STU0586,3,2024-2025,55.25
STU0586,4,2024-2025,57.78
STU0587,1,2023-2024,80.92
STU0587,2,2023-2024,84.17
STU0587,3,2024-2025,92.18
STU0587,4,2024-2025,81.62
STU0588,1,2023-2024,72.76
STU0588,2,2023-2024,82.37
STU0588,3,2024-2025,73.91
STU0588,4,2024-2025,79.49
STU0589,1,2023-2024,75.29
STU0589,2,2023-2024,73.25
STU0589,3,2024-2025,76.43
STU0589,4,2024-2025,74.01
STU0590,1,2023-2024,83.89
STU0590,2,2023-2024,84.8
STU0590,3,2024-2025,82.62
STU0590,4,2024-2025,82.28
STU0591,1,2023-2024,42.35
STU0591,2,2023-2024,50.85
STU0591,3,2024-2025,51.94
STU0591,4,2024-2025,43.23
STU0592,1,2023-2024,61.89
STU0592,2,2023-2024,56.87
STU0592,3,2024-2025,60.5
STU0592,4,2024-2025,60.51
STU0593,1,2023-2024,83.55
STU0593,2,2023-2024,84.72
STU0593,3,2024-2025,79.63
STU0593,4,2024-2025,80.54
STU0594,1,2023-2024,54.65
STU0594,2,2023-2024,52.47
STU0594,3,2024-2025,53.58
STU0594,4,2024-2025,55.63
STU0595,1,2023-2024,57.54
STU0595,2,2023-2024,57.92
STU0595,3,2024-2025,63.1
STU0595,4,2024-2025,65.35
STU0596,1,2023-2024,59.83
STU0596,2,2023-2024,62.12
STU0596,3,2024-2025,61.57
STU0596,4,2024-2025,56.42
STU0597,1,2023-2024,95.52
STU0597,2,2023-2024,94.85
STU0597,3,2024-2025,99.46
STU0597,4,2024-2025,96.51
STU0598,1,2023-2024,61.15
STU0598,2,2023-2024,64.22
STU0598,3,2024-2025,67.07
STU0598,4,2024-2025,63.44
STU0599,1,2023-2024,39.86
STU0599,2,2023-2024,45.04
STU0599,3,2024-2025,49.13
STU0599,4,2024-2025,45.31
STU0600,1,2023-2024,53.63
STU0600,2,2023-2024,56.91
STU0600,3,2024-2025,52.35
STU0600,4,2024-2025,57.85
STU0601,1,2023-2024,88.05
STU0601,2,2023-2024,87.98
STU0601,3,2024-2025,90.91
STU0601,4,2024-2025,89.28
STU0602,1,2023-2024,79.67
STU0602,2,2023-2024,82.42
STU0602,3,2024-2025,85.51
STU0602,4,2024-2025,72.96
STU0603,1,2023-2024,69.12
STU0603,2,2023-2024,67.93
STU0603,3,2024-2025,71.62
STU0603,4,2024-2025,67.94
STU0604,1,2023-2024,90.55
STU0604,2,2023-2024,91.93
STU0604,3,2024-2025,90.6
STU0604,4,2024-2025,89.51
STU0605,1,2023-2024,82.35
STU0605,2,2023-2024,79.85
STU0605,3,2024-2025,82.68
STU0605,4,2024-2025,85.6
STU0606,1,2023-2024,92.98
STU0606,2,2023-2024,90.95
STU0606,3,2024-2025,89.42
STU0606,4,2024-2025,88.26
STU0607,1,2023-2024,80.6
STU0607,2,2023-2024,81.81
STU0607,3,2024-2025,80.27
STU0607,4,2024-2025,80.02
STU0608,1,2023-2024,56.46
STU0608,2,2023-2024,53.76
STU0608,3,2024-2025,58.72
STU0608,4,2024-2025,58.84
STU0609,1,2023-2024,81.73
STU0609,2,2023-2024,88.12
STU0609,3,2024-2025,83.55
STU0609,4,2024-2025,81.84
STU0610,1,2023-2024,91.05
STU0610,2,2023-2024,89.17
STU0610,3,2024-2025,91.3
STU0610,4,2024-2025,92.05
STU0611,1,2023-2024,71.51
STU0611,2,2023-2024,70.48
STU0611,3,2024-2025,72.01
STU0611,4,2024-2025,70.89
STU0612,1,2023-2024,63.43
STU0612,2,2023-2024,60.68
STU0612,3,2024-2025,64.25
STU0612,4,2024-2025,65.97
STU0613,1,2023-2024,81.0
STU0613,2,2023-2024,89.72
STU0613,3,2024-2025,89.28
STU0613,4,2024-2025,85.49
STU0614,1,2023-2024,94.18
STU0614,2,2023-2024,95.32
STU0614,3,2024-2025,98.94
STU0614,4,2024-2025,99.01
STU0615,1,2023-2024,87.99
STU0615,2,2023-2024,84.28
STU0615,3,2024-2025,89.27
STU0615,4,2024-2025,84.41
STU0616,1,2023-2024,87.38
STU0616,2,2023-2024,88.15
STU0616,3,2024-2025,80.7
STU0616,4,2024-2025,83.07
STU0617,1,2023-2024,58.12
STU0617,2,2023-2024,56.48
STU0617,3,2024-2025,55.49
STU0617,4,2024-2025,51.49
STU0618,1,2023-2024,64.9
STU0618,2,2023-2024,62.62
STU0618,3,2024-2025,63.26
STU0618,4,2024-2025,60.25
STU0619,1,2023-2024,47.39
STU0619,2,2023-2024,45.64
STU0619,3,2024-2025,40.32
STU0619,4,2024-2025,43.64
STU0620,1,2023-2024,68.75
STU0620,2,2023-2024,70.92
STU0620,3,2024-2025,69.34
STU0620,4,2024-2025,66.61
STU0621,1,2023-2024,94.03
STU0621,2,2023-2024,87.39
STU0621,3,2024-2025,87.64
STU0621,4,2024-2025,90.99
STU0622,1,2023-2024,68.13
STU0622,2,2023-2024,70.33
STU0622,3,2024-2025,71.39
STU0622,4,2024-2025,71.11
STU0623,1,2023-2024,75.98
STU0623,2,2023-2024,73.8
STU0623,3,2024-2025,79.52
STU0623,4,2024-2025,82.88
STU0624,1,2023-2024,93.42
STU0624,2,2023-2024,87.9
STU0624,3,2024-2025,92.28
STU0624,4,2024-2025,92.68
STU0625,1,2023-2024,92.56
STU0625,2,2023-2024,93.54
STU0625,3,2024-2025,93.34
STU0625,4,2024-2025,99.34
STU0626,1,2023-2024,48.2
STU0626,2,2023-2024,40.26
STU0626,3,2024-2025,47.23
STU0626,4,2024-2025,46.22
STU0627,1,2023-2024,89.48
STU0627,2,2023-2024,88.89
STU0627,3,2024-2025,88.36
STU0627,4,2024-2025,91.98
STU0628,1,2023-2024,57.63
STU0628,2,2023-2024,55.84
STU0628,3,2024-2025,55.18
STU0628,4,2024-2025,49.42
STU0629,1,2023-2024,81.98
STU0629,2,2023-2024,75.15
STU0629,3,2024-2025,79.21
STU0629,4,2024-2025,78.94
STU0630,1,2023-2024,59.31
STU0630,2,2023-2024,66.04
STU0630,3,2024-2025,63.72
STU0630,4,2024-2025,63.35
STU0631,1,2023-2024,54.99
STU0631,2,2023-2024,54.54
STU0631,3,2024-2025,57.36
STU0631,4,2024-2025,55.06
STU0632,1,2023-2024,85.75
STU0632,2,2023-2024,91.54
STU0632,3,2024-2025,90.07
STU0632,4,2024-2025,88.24
STU0633,1,2023-2024,75.29
STU0633,2,2023-2024,70.18
STU0633,3,2024-2025,71.07
STU0633,4,2024-2025,73.35
STU0634,1,2023-2024,85.69
STU0634,2,2023-2024,81.37
STU0634,3,2024-2025,85.17
STU0634,4,2024-2025,83.72
STU0635,1,2023-2024,59.15
STU0635,2,2023-2024,58.49
STU0635,3,2024-2025,63.61
STU0635,4,2024-2025,63.87
STU0636,1,2023-2024,87.61
STU0636,2,2023-2024,81.89
STU0636,3,2024-2025,83.4
STU0636,4,2024-2025,88.6
STU0637,1,2023-2024,53.01
STU0637,2,2023-2024,53.93
STU0637,3,2024-2025,55.99
STU0637,4,2024-2025,55.79
STU0638,1,2023-2024,85.51
STU0638,2,2023-2024,81.86
STU0638,3,2024-2025,87.39
STU0638,4,2024-2025,78.1
STU0639,1,2023-2024,50.54
STU0639,2,2023-2024,52.51
STU0639,3,2024-2025,55.63
STU0639,4,2024-2025,57.94
STU0640,1,2023-2024,80.23
STU0640,2,2023-2024,79.1
STU0640,3,2024-2025,77.78
STU0640,4,2024-2025,80.79
STU0641,1,2023-2024,60.99
STU0641,2,2023-2024,58.91
STU0641,3,2024-2025,61.31
STU0641,4,2024-2025,61.43
STU0642,1,2023-2024,40.67
STU0642,2,2023-2024,44.07
STU0642,3,2024-2025,38.71
STU0642,4,2024-2025,40.63
STU0643,1,2023-2024,76.86
STU0643,2,2023-2024,74.01
STU0643,3,2024-2025,73.54
STU0643,4,2024-2025,74.5
STU0644,1,2023-2024,39.68
STU0644,2,2023-2024,40.04
STU0644,3,2024-2025,43.32
STU0644,4,2024-2025,38.63
STU0645,1,2023-2024,72.41
STU0645,2,2023-2024,76.76
STU0645,3,2024-2025,75.99
STU0645,4,2024-2025,78.45
STU0646,1,2023-2024,77.08
STU0646,2,2023-2024,73.94
STU0646,3,2024-2025,75.65
STU0646,4,2024-2025,73.83
STU0647,1,2023-2024,70.73
STU0647,2,2023-2024,66.17
STU0647,3,2024-2025,71.03
STU0647,4,2024-2025,72.59
STU0648,1,2023-2024,82.73
STU0648,2,2023-2024,75.7
STU0648,3,2024-2025,82.09
STU0648,4,2024-2025,79.25
STU0649,1,2023-2024,88.77
STU0649,2,2023-2024,84.34
STU0649,3,2024-2025,93.1
STU0649,4,2024-2025,89.71
STU0650,1,2023-2024,90.96
STU0650,2,2023-2024,90.27
STU0650,3,2024-2025,91.49
STU0650,4,2024-2025,86.05
STU0651,1,2023-2024,66.31
STU0651,2,2023-2024,64.33
STU0651,3,2024-2025,70.43
STU0651,4,2024-2025,63.61
STU0652,1,2023-2024,71.14
STU0652,2,2023-2024,70.95
STU0652,3,2024-2025,63.21
STU0652,4,2024-2025,66.85
STU0653,1,2023-2024,57.24
STU0653,2,2023-2024,53.42
STU0653,3,2024-2025,52.83
STU0653,4,2024-2025,64.64
STU0654,1,2023-2024,85.0
STU0654,2,2023-2024,88.83
STU0654,3,2024-2025,94.55
STU0654,4,2024-2025,85.0
STU0655,1,2023-2024,77.34
STU0655,2,2023-2024,78.86
STU0655,3,2024-2025,70.83
STU0655,4,2024-2025,78.99
STU0656,1,2023-2024,43.39
STU0656,2,2023-2024,42.25
STU0656,3,2024-2025,43.11
STU0656,4,2024-2025,38.61
STU0657,1,2023-2024,92.9
STU0657,2,2023-2024,85.43
STU0657,3,2024-2025,87.94
STU0657,4,2024-2025,92.44
STU0658,1,2023-2024,56.74
STU0658,2,2023-2024,65.55
STU0658,3,2024-2025,63.76
STU0658,4,2024-2025,59.03
STU0659,1,2023-2024,73.23
STU0659,2,2023-2024,72.29
STU0659,3,2024-2025,78.85
STU0659,4,2024-2025,74.35
STU0660,1,2023-2024,77.11
STU0660,2,2023-2024,74.04
STU0660,3,2024-2025,71.25
STU0660,4,2024-2025,68.95
STU0661,1,2023-2024,58.53
STU0661,2,2023-2024,56.21
STU0661,3,2024-2025,63.8
STU0661,4,2024-2025,59.46
STU0662,1,2023-2024,83.97
STU0662,2,2023-2024,88.41
STU0662,3,2024-2025,94.69
STU0662,4,2024-2025,87.91
STU0663,1,2023-2024,100.0
STU0663,2,2023-2024,91.11
STU0663,3,2024-2025,98.06
STU0663,4,2024-2025,92.51
STU0664,1,2023-2024,80.71
STU0664,2,2023-2024,84.99
STU0664,3,2024-2025,81.31
STU0664,4,2024-2025,83.53
STU0665,1,2023-2024,88.95
STU0665,2,2023-2024,81.13
STU0665,3,2024-2025,79.13
STU0665,4,2024-2025,87.63
STU0666,1,2023-2024,84.76
STU0666,2,2023-2024,87.49
STU0666,3,2024-2025,89.99
STU0666,4,2024-2025,90.03
STU0667,1,2023-2024,82.83
STU0667,2,2023-2024,88.92
STU0667,3,2024-2025,82.93
STU0667,4,2024-2025,82.79
STU0668,1,2023-2024,94.73
STU0668,2,2023-2024,95.46
STU0668,3,2024-2025,92.47
STU0668,4,2024-2025,94.27
STU0669,1,2023-2024,82.32
STU0669,2,2023-2024,79.56
STU0669,3,2024-2025,84.59
STU0669,4,2024-2025,82.34
STU0670,1,2023-2024,77.97
STU0670,2,2023-2024,75.93
STU0670,3,2024-2025,77.45
STU0670,4,2024-2025,80.96
STU0671,1,2023-2024,68.13
STU0671,2,2023-2024,65.72
STU0671,3,2024-2025,65.96
STU0671,4,2024-2025,73.45
STU0672,1,2023-2024,85.73
STU0672,2,2023-2024,93.76
STU0672,3,2024-2025,96.88
STU0672,4,2024-2025,90.49
STU0673,1,2023-2024,65.2
STU0673,2,2023-2024,67.72
STU0673,3,2024-2025,66.0
STU0673,4,2024-2025,62.51
STU0674,1,2023-2024,85.56
STU0674,2,2023-2024,92.14
STU0674,3,2024-2025,92.52
STU0674,4,2024-2025,96.49
STU0675,1,2023-2024,57.56
STU0675,2,2023-2024,62.96
STU0675,3,2024-2025,65.89
STU0675,4,2024-2025,63.5
STU0676,1,2023-2024,77.96
STU0676,2,2023-2024,78.88
STU0676,3,2024-2025,77.43
STU0676,4,2024-2025,78.1
STU0677,1,2023-2024,55.96
STU0677,2,2023-2024,57.88
STU0677,3,2024-2025,56.06
STU0677,4,2024-2025,59.81
STU0678,1,2023-2024,71.76
STU0678,2,2023-2024,69.49
STU0678,3,2024-2025,69.19
STU0678,4,2024-2025,74.88
STU0679,1,2023-2024,60.45
STU0679,2,2023-2024,59.5
STU0679,3,2024-2025,64.57
STU0679,4,2024-2025,57.26
STU0680,1,2023-2024,83.26
STU0680,2,2023-2024,78.94
STU0680,3,2024-2025,83.39
STU0680,4,2024-2025,86.8
STU0681,1,2023-2024,92.69
STU0681,2,2023-2024,85.35
STU0681,3,2024-2025,87.02
STU0681,4,2024-2025,87.79
STU0682,1,2023-2024,63.65
STU0682,2,2023-2024,68.07
STU0682,3,2024-2025,62.51
STU0682,4,2024-2025,70.42
STU0683,1,2023-2024,21.82
STU0683,2,2023-2024,27.59
STU0683,3,2024-2025,22.25
STU0683,4,2024-2025,22.1
STU0684,1,2023-2024,58.49
STU0684,2,2023-2024,50.78
STU0684,3,2024-2025,50.12
STU0684,4,2024-2025,56.33
STU0685,1,2023-2024,58.35
STU0685,2,2023-2024,62.64
STU0685,3,2024-2025,60.17
STU0685,4,2024-2025,59.56
STU0686,1,2023-2024,94.81
STU0686,2,2023-2024,93.2
STU0686,3,2024-2025,92.69
STU0686,4,2024-2025,89.38
STU0687,1,2023-2024,84.43
STU0687,2,2023-2024,88.14
STU0687,3,2024-2025,90.38
STU0687,4,2024-2025,89.61
STU0688,1,2023-2024,90.52
STU0688,2,2023-2024,85.45
STU0688,3,2024-2025,86.55
STU0688,4,2024-2025,90.31
STU0689,1,2023-2024,59.95
STU0689,2,2023-2024,61.3
STU0689,3,2024-2025,59.79
STU0689,4,2024-2025,65.75
STU0690,1,2023-2024,90.85
STU0690,2,2023-2024,95.44
STU0690,3,2024-2025,95.17
STU0690,4,2024-2025,98.07
STU0691,1,2023-2024,65.29
STU0691,2,2023-2024,70.31
STU0691,3,2024-2025,74.09
STU0691,4,2024-2025,75.04
STU0692,1,2023-2024,83.37
STU0692,2,2023-2024,80.02
STU0692,3,2024-2025,76.71
STU0692,4,2024-2025,79.09
STU0693,1,2023-2024,60.63
STU0693,2,2023-2024,60.19
STU0693,3,2024-2025,61.75
STU0693,4,2024-2025,56.03
STU0694,1,2023-2024,68.55
STU0694,2,2023-2024,76.68
STU0694,3,2024-2025,70.02
STU0694,4,2024-2025,70.35
STU0695,1,2023-2024,65.13
STU0695,2,2023-2024,70.25
STU0695,3,2024-2025,70.79
STU0695,4,2024-2025,70.11
STU0696,1,2023-2024,60.05
STU0696,2,2023-2024,60.06
STU0696,3,2024-2025,57.22
STU0696,4,2024-2025,56.97
STU0697,1,2023-2024,80.04
STU0697,2,2023-2024,81.49
STU0697,3,2024-2025,77.16
STU0697,4,2024-2025,79.43
STU0698,1,2023-2024,86.39
STU0698,2,2023-2024,87.18
STU0698,3,2024-2025,84.08
STU0698,4,2024-2025,82.91
STU0699,1,2023-2024,84.73
STU0699,2,2023-2024,81.86
STU0699,3,2024-2025,84.85
STU0699,4,2024-2025,85.49
STU0700,1,2023-2024,74.76
STU0700,2,2023-2024,73.16
STU0700,3,2024-2025,70.47
STU0700,4,2024-2025,68.11
STU0701,1,2023-2024,90.88
STU0701,2,2023-2024,86.39
STU0701,3,2024-2025,91.36
STU0701,4,2024-2025,88.69
STU0702,1,2023-2024,55.22
STU0702,2,2023-2024,54.52
STU0702,3,2024-2025,51.63
STU0702,4,2024-2025,52.26
STU0703,1,2023-2024,79.98
STU0703,2,2023-2024,91.22
STU0703,3,2024-2025,81.61
STU0703,4,2024-2025,84.36
STU0704,1,2023-2024,89.61
STU0704,2,2023-2024,83.9
STU0704,3,2024-2025,84.81
STU0704,4,2024-2025,83.87
STU0705,1,2023-2024,90.98
STU0705,2,2023-2024,94.31
STU0705,3,2024-2025,90.57
STU0705,4,2024-2025,89.68
STU0706,1,2023-2024,84.05
STU0706,2,2023-2024,77.12
STU0706,3,2024-2025,80.63
STU0706,4,2024-2025,79.44
STU0707,1,2023-2024,86.49
STU0707,2,2023-2024,82.1
STU0707,3,2024-2025,80.64
STU0707,4,2024-2025,79.15
STU0708,1,2023-2024,45.67
STU0708,2,2023-2024,48.48
STU0708,3,2024-2025,43.13
STU0708,4,2024-2025,45.64
STU0709,1,2023-2024,61.96
STU0709,2,2023-2024,60.67
STU0709,3,2024-2025,65.04
STU0709,4,2024-2025,59.21
STU0710,1,2023-2024,63.85
STU0710,2,2023-2024,66.25
STU0710,3,2024-2025,63.08
STU0710,4,2024-2025,67.4
STU0711,1,2023-2024,54.41
STU0711,2,2023-2024,59.93
STU0711,3,2024-2025,54.91
STU0711,4,2024-2025,58.06
STU0712,1,2023-2024,73.89
STU0712,2,2023-2024,69.74
STU0712,3,2024-2025,70.32
STU0712,4,2024-2025,70.55
STU0713,1,2023-2024,75.25
STU0713,2,2023-2024,70.99
STU0713,3,2024-2025,68.7
STU0713,4,2024-2025,65.16
STU0714,1,2023-2024,77.05
STU0714,2,2023-2024,83.55
STU0714,3,2024-2025,84.57
STU0714,4,2024-2025,86.83
STU0715,1,2023-2024,83.03
STU0715,2,2023-2024,80.54
STU0715,3,2024-2025,83.98
STU0715,4,2024-2025,77.53
STU0716,1,2023-2024,61.58
STU0716,2,2023-2024,62.15
STU0716,3,2024-2025,59.15
STU0716,4,2024-2025,64.11
STU0717,1,2023-2024,59.51
STU0717,2,2023-2024,56.86
STU0717,3,2024-2025,52.57
STU0717,4,2024-2025,55.25
STU0718,1,2023-2024,43.69
STU0718,2,2023-2024,37.78
STU0718,3,2024-2025,44.08
STU0718,4,2024-2025,35.54
STU0719,1,2023-2024,90.49
STU0719,2,2023-2024,88.46
STU0719,3,2024-2025,84.24
STU0719,4,2024-2025,89.22
STU0720,1,2023-2024,17.57
STU0720,2,2023-2024,17.13
STU0720,3,2024-2025,16.08
STU0720,4,2024-2025,8.31
STU0721,1,2023-2024,85.47
STU0721,2,2023-2024,89.38
STU0721,3,2024-2025,91.3
STU0721,4,2024-2025,87.79
STU0722,1,2023-2024,72.66
STU0722,2,2023-2024,74.52
STU0722,3,2024-2025,65.56
STU0722,4,2024-2025,69.43
STU0723,1,2023-2024,65.19
STU0723,2,2023-2024,69.92
STU0723,3,2024-2025,66.76
STU0723,4,2024-2025,60.24
STU0724,1,2023-2024,30.83
STU0724,2,2023-2024,27.55
STU0724,3,2024-2025,33.73
STU0724,4,2024-2025,33.01
STU0725,1,2023-2024,60.94
STU0725,2,2023-2024,60.09
STU0725,3,2024-2025,55.32
STU0725,4,2024-2025,58.64
STU0726,1,2023-2024,66.43
STU0726,2,2023-2024,67.74
STU0726,3,2024-2025,70.73
STU0726,4,2024-2025,66.92
STU0727,1,2023-2024,86.38
STU0727,2,2023-2024,86.93
STU0727,3,2024-2025,86.54
STU0727,4,2024-2025,91.49
STU0728,1,2023-2024,84.43
STU0728,2,2023-2024,89.31
STU0728,3,2024-2025,88.08
STU0728,4,2024-2025,91.45
STU0729,1,2023-2024,100.0
STU0729,2,2023-2024,100.0
STU0729,3,2024-2025,98.61
STU0729,4,2024-2025,99.42
STU0730,1,2023-2024,65.84
STU0730,2,2023-2024,64.62
STU0730,3,2024-2025,65.36
STU0730,4,2024-2025,62.24
STU0731,1,2023-2024,65.32
STU0731,2,2023-2024,62.46
STU0731,3,2024-2025,64.09
STU0731,4,2024-2025,67.49
STU0732,1,2023-2024,86.31
STU0732,2,2023-2024,88.45
STU0732,3,2024-2025,91.26
STU0732,4,2024-2025,86.18
STU0733,1,2023-2024,83.39
STU0733,2,2023-2024,79.26
STU0733,3,2024-2025,86.65
STU0733,4,2024-2025,83.97
STU0734,1,2023-2024,89.31
STU0734,2,2023-2024,88.5
STU0734,3,2024-2025,87.99
STU0734,4,2024-2025,91.53
STU0735,1,2023-2024,62.19
STU0735,2,2023-2024,68.8
STU0735,3,2024-2025,62.18
STU0735,4,2024-2025,63.3
STU0736,1,2023-2024,64.39
STU0736,2,2023-2024,61.4
STU0736,3,2024-2025,64.97
STU0736,4,2024-2025,64.94
STU0737,1,2023-2024,60.85
STU0737,2,2023-2024,55.43
STU0737,3,2024-2025,59.18
STU0737,4,2024-2025,53.01
STU0738,1,2023-2024,90.69
STU0738,2,2023-2024,92.29
STU0738,3,2024-2025,89.64
STU0738,4,2024-2025,91.56
STU0739,1,2023-2024,61.15
STU0739,2,2023-2024,65.69
STU0739,3,2024-2025,62.18
STU0739,4,2024-2025,64.06
STU0740,1,2023-2024,61.93
STU0740,2,2023-2024,66.94
STU0740,3,2024-2025,60.51
STU0740,4,2024-2025,70.19
STU0741,1,2023-2024,36.02
STU0741,2,2023-2024,36.5
STU0741,3,2024-2025,39.27
STU0741,4,2024-2025,42.55
STU0742,1,2023-2024,75.44
STU0742,2,2023-2024,73.24
STU0742,3,2024-2025,82.41
STU0742,4,2024-2025,79.65
STU0743,1,2023-2024,76.79
STU0743,2,2023-2024,73.09
STU0743,3,2024-2025,77.16
STU0743,4,2024-2025,76.11
STU0744,1,2023-2024,84.95
STU0744,2,2023-2024,82.76
STU0744,3,2024-2025,84.76
STU0744,4,2024-2025,84.01
STU0745,1,2023-2024,36.07
STU0745,2,2023-2024,45.07
STU0745,3,2024-2025,42.34
STU0745,4,2024-2025,40.49
STU0746,1,2023-2024,74.11
STU0746,2,2023-2024,83.53
STU0746,3,2024-2025,81.25
STU0746,4,2024-2025,78.9
STU0747,1,2023-2024,91.55
STU0747,2,2023-2024,92.58
STU0747,3,2024-2025,89.55
STU0747,4,2024-2025,84.96
STU0748,1,2023-2024,65.13
STU0748,2,2023-2024,63.64
STU0748,3,2024-2025,63.92
STU0748,4,2024-2025,63.7
STU0749,1,2023-2024,60.35
STU0749,2,2023-2024,67.68
STU0749,3,2024-2025,57.66
STU0749,4,2024-2025,66.46
STU0750,1,2023-2024,58.29
STU0750,2,2023-2024,61.29
STU0750,3,2024-2025,57.82
STU0750,4,2024-2025,55.01
STU0751,1,2023-2024,88.07
STU0751,2,2023-2024,90.55
STU0751,3,2024-2025,91.27
STU0751,4,2024-2025,93.66
STU0752,1,2023-2024,67.46
STU0752,2,2023-2024,68.19
STU0752,3,2024-2025,70.28
STU0752,4,2024-2025,70.46
STU0753,1,2023-2024,83.24
STU0753,2,2023-2024,81.98
STU0753,3,2024-2025,78.56
STU0753,4,2024-2025,74.59
STU0754,1,2023-2024,77.25
STU0754,2,2023-2024,75.19
STU0754,3,2024-2025,77.72
STU0754,4,2024-2025,76.35
STU0755,1,2023-2024,75.58
STU0755,2,2023-2024,81.2
STU0755,3,2024-2025,75.23
STU0755,4,2024-2025,84.15
STU0756,1,2023-2024,90.44
STU0756,2,2023-2024,91.96
STU0756,3,2024-2025,88.41
STU0756,4,2024-2025,81.61
STU0757,1,2023-2024,94.51
STU0757,2,2023-2024,97.3
STU0757,3,2024-2025,97.03
STU0757,4,2024-2025,96.49
STU0758,1,2023-2024,85.85
STU0758,2,2023-2024,80.4
STU0758,3,2024-2025,84.58
STU0758,4,2024-2025,88.25
STU0759,1,2023-2024,79.37
STU0759,2,2023-2024,82.23
STU0759,3,2024-2025,79.18
STU0759,4,2024-2025,78.58
STU0760,1,2023-2024,32.71
STU0760,2,2023-2024,37.06
STU0760,3,2024-2025,39.19
STU0760,4,2024-2025,36.43
STU0761,1,2023-2024,61.12
STU0761,2,2023-2024,60.51
STU0761,3,2024-2025,59.93
STU0761,4,2024-2025,62.39
STU0762,1,2023-2024,77.13
STU0762,2,2023-2024,81.68
STU0762,3,2024-2025,85.01
STU0762,4,2024-2025,71.41
STU0763,1,2023-2024,79.21
STU0763,2,2023-2024,83.19
STU0763,3,2024-2025,77.02
STU0763,4,2024-2025,74.63
STU0764,1,2023-2024,58.24
STU0764,2,2023-2024,56.98
STU0764,3,2024-2025,55.41
STU0764,4,2024-2025,51.74
STU0765,1,2023-2024,89.82
STU0765,2,2023-2024,86.24
STU0765,3,2024-2025,99.4
STU0765,4,2024-2025,90.88
STU0766,1,2023-2024,86.65
STU0766,2,2023-2024,81.03
STU0766,3,2024-2025,87.94
STU0766,4,2024-2025,85.97
STU0767,1,2023-2024,84.29
STU0767,2,2023-2024,84.53
STU0767,3,2024-2025,83.47
STU0767,4,2024-2025,86.6
STU0768,1,2023-2024,69.3
STU0768,2,2023-2024,74.92
STU0768,3,2024-2025,70.14
STU0768,4,2024-2025,71.41
STU0769,1,2023-2024,67.63
STU0769,2,2023-2024,64.55
STU0769,3,2024-2025,65.47
STU0769,4,2024-2025,67.22
STU0770,1,2023-2024,76.88
STU0770,2,2023-2024,81.47
STU0770,3,2024-2025,78.08
STU0770,4,2024-2025,78.09
STU0771,1,2023-2024,83.53
STU0771,2,2023-2024,86.41
STU0771,3,2024-2025,87.63
STU0771,4,2024-2025,82.28
STU0772,1,2023-2024,100.0
STU0772,2,2023-2024,98.78
STU0772,3,2024-2025,99.96
STU0772,4,2024-2025,97.78
STU0773,1,2023-2024,37.32
STU0773,2,2023-2024,41.44
STU0773,3,2024-2025,32.74
STU0773,4,2024-2025,39.16
STU0774,1,2023-2024,50.09
STU0774,2,2023-2024,49.76
STU0774,3,2024-2025,50.29
STU0774,4,2024-2025,47.14
STU0775,1,2023-2024,65.32
STU0775,2,2023-2024,72.6
STU0775,3,2024-2025,75.99
STU0775,4,2024-2025,68.63
STU0776,1,2023-2024,74.97
STU0776,2,2023-2024,74.16
STU0776,3,2024-2025,75.9
STU0776,4,2024-2025,73.98
STU0777,1,2023-2024,80.4
STU0777,2,2023-2024,86.28
STU0777,3,2024-2025,84.17
STU0777,4,2024-2025,81.79
STU0778,1,2023-2024,62.96
STU0778,2,2023-2024,61.95
STU0778,3,2024-2025,58.22
STU0778,4,2024-2025,57.86
STU0779,1,2023-2024,80.32
STU0779,2,2023-2024,81.91
STU0779,3,2024-2025,81.54
STU0779,4,2024-2025,79.7
STU0780,1,2023-2024,91.3
STU0780,2,2023-2024,98.15
STU0780,3,2024-2025,98.06
STU0780,4,2024-2025,97.88
STU0781,1,2023-2024,87.19
STU0781,2,2023-2024,94.6
STU0781,3,2024-2025,97.25
STU0781,4,2024-2025,86.3
STU0782,1,2023-2024,98.05
STU0782,2,2023-2024,100.0
STU0782,3,2024-2025,99.38
STU0782,4,2024-2025,100.0
STU0783,1,2023-2024,78.95
STU0783,2,2023-2024,74.85
STU0783,3,2024-2025,78.13
STU0783,4,2024-2025,80.95
STU0784,1,2023-2024,77.7
STU0784,2,2023-2024,83.47
STU0784,3,2024-2025,80.61
STU0784,4,2024-2025,81.72
STU0785,1,2023-2024,95.84
STU0785,2,2023-2024,93.51
STU0785,3,2024-2025,100.0
STU0785,4,2024-2025,98.33
STU0786,1,2023-2024,51.04
STU0786,2,2023-2024,51.75
STU0786,3,2024-2025,53.69
STU0786,4,2024-2025,54.3
STU0787,1,2023-2024,46.62
STU0787,2,2023-2024,49.97
STU0787,3,2024-2025,45.78
STU0787,4,2024-2025,44.22
STU0788,1,2023-2024,55.61
STU0788,2,2023-2024,55.15
STU0788,3,2024-2025,52.67
STU0788,4,2024-2025,55.69
STU0789,1,2023-2024,88.26
STU0789,2,2023-2024,91.19
STU0789,3,2024-2025,86.13
STU0789,4,2024-2025,90.95
STU0790,1,2023-2024,84.85
STU0790,2,2023-2024,84.04
STU0790,3,2024-2025,87.44
STU0790,4,2024-2025,87.28
STU0791,1,2023-2024,62.8
STU0791,2,2023-2024,74.24
STU0791,3,2024-2025,70.2
STU0791,4,2024-2025,65.5
STU0792,1,2023-2024,88.62
STU0792,2,2023-2024,86.17
STU0792,3,2024-2025,86.8
STU0792,4,2024-2025,84.86
STU0793,1,2023-2024,88.39
STU0793,2,2023-2024,81.08
STU0793,3,2024-2025,74.97
STU0793,4,2024-2025,81.98
STU0794,1,2023-2024,63.38
STU0794,2,2023-2024,69.36
STU0794,3,2024-2025,63.26
STU0794,4,2024-2025,68.86
STU0795,1,2023-2024,88.82
STU0795,2,2023-2024,92.67
STU0795,3,2024-2025,90.76
STU0795,4,2024-2025,96.15
STU0796,1,2023-2024,53.3
STU0796,2,2023-2024,49.25
STU0796,3,2024-2025,56.72
STU0796,4,2024-2025,49.72
STU0797,1,2023-2024,78.36
STU0797,2,2023-2024,75.24
STU0797,3,2024-2025,74.0
STU0797,4,2024-2025,74.45
STU0798,1,2023-2024,40.84
STU0798,2,2023-2024,49.68
STU0798,3,2024-2025,46.82
STU0798,4,2024-2025,47.81
STU0799,1,2023-2024,85.01
STU0799,2,2023-2024,92.95
STU0799,3,2024-2025,91.7
STU0799,4,2024-2025,88.74
STU0800,1,2023-2024,58.15
STU0800,2,2023-2024,60.28
STU0800,3,2024-2025,63.86
STU0800,4,2024-2025,61.35
STU0801,1,2023-2024,93.53
STU0801,2,2023-2024,95.05
STU0801,3,2024-2025,94.28
STU0801,4,2024-2025,94.41
STU0802,1,2023-2024,77.18
STU0802,2,2023-2024,83.28
STU0802,3,2024-2025,84.95
STU0802,4,2024-2025,81.36
STU0803,1,2023-2024,75.55
STU0803,2,2023-2024,74.41
STU0803,3,2024-2025,74.47
STU0803,4,2024-2025,77.46
STU0804,1,2023-2024,81.89
STU0804,2,2023-2024,81.85
STU0804,3,2024-2025,85.25
STU0804,4,2024-2025,84.51
STU0805,1,2023-2024,89.41
STU0805,2,2023-2024,83.65
STU0805,3,2024-2025,86.66
STU0805,4,2024-2025,90.08
STU0806,1,2023-2024,52.68
STU0806,2,2023-2024,56.58
STU0806,3,2024-2025,51.62
STU0806,4,2024-2025,48.85
STU0807,1,2023-2024,82.54
STU0807,2,2023-2024,91.58
STU0807,3,2024-2025,86.52
STU0807,4,2024-2025,89.75
STU0808,1,2023-2024,88.01
STU0808,2,2023-2024,87.07
STU0808,3,2024-2025,87.47
STU0808,4,2024-2025,89.02
STU0809,1,2023-2024,90.77
STU0809,2,2023-2024,86.15
STU0809,3,2024-2025,86.51
STU0809,4,2024-2025,87.25
STU0810,1,2023-2024,87.65
STU0810,2,2023-2024,86.39
STU0810,3,2024-2025,87.54
STU0810,4,2024-2025,88.77
STU0811,1,2023-2024,81.55
STU0811,2,2023-2024,82.09
STU0811,3,2024-2025,92.22
STU0811,4,2024-2025,86.42
STU0812,1,2023-2024,54.34
STU0812,2,2023-2024,51.19
STU0812,3,2024-2025,50.26
STU0812,4,2024-2025,52.84
STU0813,1,2023-2024,63.02
STU0813,2,2023-2024,64.35
STU0813,3,2024-2025,60.67
STU0813,4,2024-2025,55.6
STU0814,1,2023-2024,46.85
STU0814,2,2023-2024,50.3
STU0814,3,2024-2025,50.59
STU0814,4,2024-2025,52.0
STU0815,1,2023-2024,62.35
STU0815,2,2023-2024,57.61
STU0815,3,2024-2025,59.95
STU0815,4,2024-2025,58.39
STU0816,1,2023-2024,88.39
STU0816,2,2023-2024,90.41
STU0816,3,2024-2025,92.66
STU0816,4,2024-2025,90.6
STU0817,1,2023-2024,89.71
STU0817,2,2023-2024,91.24
STU0817,3,2024-2025,92.5
STU0817,4,2024-2025,97.89
STU0818,1,2023-2024,57.88
STU0818,2,2023-2024,55.07
STU0818,3,2024-2025,57.14
STU0818,4,2024-2025,54.87
STU0819,1,2023-2024,70.5
STU0819,2,2023-2024,69.88
STU0819,3,2024-2025,66.87
STU0819,4,2024-2025,68.63
STU0820,1,2023-2024,60.98
STU0820,2,2023-2024,58.69
STU0820,3,2024-2025,70.96
STU0820,4,2024-2025,62.15
STU0821,1,2023-2024,100.0
STU0821,2,2023-2024,100.0
STU0821,3,2024-2025,100.0
STU0821,4,2024-2025,96.68
STU0822,1,2023-2024,95.1
STU0822,2,2023-2024,82.2
STU0822,3,2024-2025,92.29
STU0822,4,2024-2025,93.55
STU0823,1,2023-2024,88.44
STU0823,2,2023-2024,86.11
STU0823,3,2024-2025,86.71
STU0823,4,2024-2025,81.7
STU0824,1,2023-2024,88.36
STU0824,2,2023-2024,83.19
STU0824,3,2024-2025,89.4
STU0824,4,2024-2025,83.35
STU0825,1,2023-2024,73.71
STU0825,2,2023-2024,72.77
STU0825,3,2024-2025,75.48
STU0825,4,2024-2025,71.24
STU0826,1,2023-2024,81.74
STU0826,2,2023-2024,87.69
STU0826,3,2024-2025,88.35
STU0826,4,2024-2025,79.1
STU0827,1,2023-2024,60.51
STU0827,2,2023-2024,65.73
STU0827,3,2024-2025,58.28
STU0827,4,2024-2025,60.98
STU0828,1,2023-2024,63.8
STU0828,2,2023-2024,61.85
STU0828,3,2024-2025,70.97
STU0828,4,2024-2025,65.04
STU0829,1,2023-2024,79.39
STU0829,2,2023-2024,76.72
STU0829,3,2024-2025,81.71
STU0829,4,2024-2025,76.05
STU0830,1,2023-2024,75.92
STU0830,2,2023-2024,78.64
STU0830,3,2024-2025,80.57
STU0830,4,2024-2025,80.17
STU0831,1,2023-2024,61.91
STU0831,2,2023-2024,55.44
STU0831,3,2024-2025,54.44
STU0831,4,2024-2025,54.65
STU0832,1,2023-2024,54.27
STU0832,2,2023-2024,48.35
STU0832,3,2024-2025,54.9
STU0832,4,2024-2025,51.56
STU0833,1,2023-2024,87.99
STU0833,2,2023-2024,86.55
STU0833,3,2024-2025,97.49
STU0833,4,2024-2025,89.12
STU0834,1,2023-2024,75.53
STU0834,2,2023-2024,75.8
STU0834,3,2024-2025,77.77
STU0834,4,2024-2025,76.19
STU0835,1,2023-2024,87.79
STU0835,2,2023-2024,92.14
STU0835,3,2024-2025,82.48
STU0835,4,2024-2025,82.78
STU0836,1,2023-2024,89.14
STU0836,2,2023-2024,95.4
STU0836,3,2024-2025,95.32
STU0836,4,2024-2025,93.28
STU0837,1,2023-2024,66.46
STU0837,2,2023-2024,65.2
STU0837,3,2024-2025,63.05
STU0837,4,2024-2025,63.35
STU0838,1,2023-2024,53.17
STU0838,2,2023-2024,47.19
STU0838,3,2024-2025,44.99
STU0838,4,2024-2025,47.38
STU0839,1,2023-2024,84.3
STU0839,2,2023-2024,88.53
STU0839,3,2024-2025,84.04
STU0839,4,2024-2025,82.52
STU0840,1,2023-2024,53.34
STU0840,2,2023-2024,57.09
STU0840,3,2024-2025,53.79
STU0840,4,2024-2025,56.83
STU0841,1,2023-2024,47.49
STU0841,2,2023-2024,50.85
STU0841,3,2024-2025,45.57
STU0841,4,2024-2025,49.7
STU0842,1,2023-2024,80.88
STU0842,2,2023-2024,78.25
STU0842,3,2024-2025,80.2
STU0842,4,2024-2025,86.96
STU0843,1,2023-2024,88.3
STU0843,2,2023-2024,87.17
STU0843,3,2024-2025,79.59
STU0843,4,2024-2025,87.4
STU0844,1,2023-2024,77.6
STU0844,2,2023-2024,76.46
STU0844,3,2024-2025,73.7
STU0844,4,2024-2025,76.04
STU0845,1,2023-2024,61.9
STU0845,2,2023-2024,63.76
STU0845,3,2024-2025,62.23
STU0845,4,2024-2025,55.7
STU0846,1,2023-2024,79.01
STU0846,2,2023-2024,82.55
STU0846,3,2024-2025,81.84
STU0846,4,2024-2025,80.06
STU0847,1,2023-2024,66.73
STU0847,2,2023-2024,58.88
STU0847,3,2024-2025,59.82
STU0847,4,2024-2025,61.03
STU0848,1,2023-2024,73.87
STU0848,2,2023-2024,74.35
STU0848,3,2024-2025,69.77
STU0848,4,2024-2025,76.73
STU0849,1,2023-2024,90.52
STU0849,2,2023-2024,92.25
STU0849,3,2024-2025,89.08
STU0849,4,2024-2025,85.18
STU0850,1,2023-2024,61.88
STU0850,2,2023-2024,67.29
STU0850,3,2024-2025,69.81
STU0850,4,2024-2025,65.33
STU0851,1,2023-2024,86.18
STU0851,2,2023-2024,91.1
STU0851,3,2024-2025,85.59
STU0851,4,2024-2025,87.57
STU0852,1,2023-2024,78.63
STU0852,2,2023-2024,77.22
STU0852,3,2024-2025,77.31
STU0852,4,2024-2025,74.33
STU0853,1,2023-2024,93.97
STU0853,2,2023-2024,86.39
STU0853,3,2024-2025,89.79
STU0853,4,2024-2025,89.75
STU0854,1,2023-2024,98.91
STU0854,2,2023-2024,89.23
STU0854,3,2024-2025,98.08
STU0854,4,2024-2025,92.15
STU0855,1,2023-2024,63.19
STU0855,2,2023-2024,58.62
STU0855,3,2024-2025,65.84
STU0855,4,2024-2025,59.93
STU0856,1,2023-2024,79.58
STU0856,2,2023-2024,78.13
STU0856,3,2024-2025,76.18
STU0856,4,2024-2025,81.04
STU0857,1,2023-2024,82.86
STU0857,2,2023-2024,82.13
STU0857,3,2024-2025,80.7
STU0857,4,2024-2025,82.87
STU0858,1,2023-2024,75.86
STU0858,2,2023-2024,80.72
STU0858,3,2024-2025,75.52
STU0858,4,2024-2025,76.27
STU0859,1,2023-2024,78.41
STU0859,2,2023-2024,81.35
STU0859,3,2024-2025,82.1
STU0859,4,2024-2025,82.22
STU0860,1,2023-2024,84.98
STU0860,2,2023-2024,87.54
STU0860,3,2024-2025,88.69
STU0860,4,2024-2025,90.25
STU0861,1,2023-2024,87.54
STU0861,2,2023-2024,83.71
STU0861,3,2024-2025,88.69
STU0861,4,2024-2025,82.81
STU0862,1,2023-2024,40.61
STU0862,2,2023-2024,36.79
STU0862,3,2024-2025,39.92
STU0862,4,2024-2025,40.72
STU0863,1,2023-2024,70.85
STU0863,2,2023-2024,73.4
STU0863,3,2024-2025,67.45
STU0863,4,2024-2025,72.23
STU0864,1,2023-2024,60.81
STU0864,2,2023-2024,58.06
STU0864,3,2024-2025,63.1
STU0864,4,2024-2025,65.56
STU0865,1,2023-2024,50.66
STU0865,2,2023-2024,53.74
STU0865,3,2024-2025,53.87
STU0865,4,2024-2025,49.09
STU0866,1,2023-2024,34.77
STU0866,2,2023-2024,37.79
STU0866,3,2024-2025,39.85
STU0866,4,2024-2025,36.0
STU0867,1,2023-2024,95.63
STU0867,2,2023-2024,98.63
STU0867,3,2024-2025,97.64
STU0867,4,2024-2025,89.21
STU0868,1,2023-2024,74.56
STU0868,2,2023-2024,77.45
STU0868,3,2024-2025,73.06
STU0868,4,2024-2025,68.27
STU0869,1,2023-2024,83.29
STU0869,2,2023-2024,84.96
STU0869,3,2024-2025,80.94
STU0869,4,2024-2025,86.38
STU0870,1,2023-2024,90.65
STU0870,2,2023-2024,92.4
STU0870,3,2024-2025,88.11
STU0870,4,2024-2025,94.15
STU0871,1,2023-2024,100.0
STU0871,2,2023-2024,97.4
STU0871,3,2024-2025,96.74
STU0871,4,2024-2025,91.05
STU0872,1,2023-2024,62.3
STU0872,2,2023-2024,66.74
STU0872,3,2024-2025,63.96
STU0872,4,2024-2025,59.86
STU0873,1,2023-2024,85.65
STU0873,2,2023-2024,86.64
STU0873,3,2024-2025,87.92
STU0873,4,2024-2025,81.51
STU0874,1,2023-2024,87.48
STU0874,2,2023-2024,91.09
STU0874,3,2024-2025,95.61
STU0874,4,2024-2025,90.14
STU0875,1,2023-2024,89.9
STU0875,2,2023-2024,94.63
STU0875,3,2024-2025,94.4
STU0875,4,2024-2025,92.49
STU0876,1,2023-2024,70.04
STU0876,2,2023-2024,70.48
STU0876,3,2024-2025,73.82
STU0876,4,2024-2025,68.7
STU0877,1,2023-2024,77.69
STU0877,2,2023-2024,79.44
STU0877,3,2024-2025,80.98
STU0877,4,2024-2025,80.89
STU0878,1,2023-2024,89.25
STU0878,2,2023-2024,92.69
STU0878,3,2024-2025,97.17
STU0878,4,2024-2025,89.21
STU0879,1,2023-2024,81.83
STU0879,2,2023-2024,81.76
STU0879,3,2024-2025,81.63
STU0879,4,2024-2025,83.53
STU0880,1,2023-2024,53.24
STU0880,2,2023-2024,55.79
STU0880,3,2024-2025,59.41
STU0880,4,2024-2025,53.19
STU0881,1,2023-2024,98.16
STU0881,2,2023-2024,99.45
STU0881,3,2024-2025,100.0
STU0881,4,2024-2025,96.43
STU0882,1,2023-2024,79.38
STU0882,2,2023-2024,77.84
STU0882,3,2024-2025,73.91
STU0882,4,2024-2025,72.81
STU0883,1,2023-2024,54.0
STU0883,2,2023-2024,50.14
STU0883,3,2024-2025,51.39
STU0883,4,2024-2025,50.23
STU0884,1,2023-2024,77.36
STU0884,2,2023-2024,74.29
STU0884,3,2024-2025,79.35
STU0884,4,2024-2025,75.82
STU0885,1,2023-2024,83.01
STU0885,2,2023-2024,79.37
STU0885,3,2024-2025,71.6
STU0885,4,2024-2025,77.39
STU0886,1,2023-2024,78.03
STU0886,2,2023-2024,86.29
STU0886,3,2024-2025,85.23
STU0886,4,2024-2025,80.78
STU0887,1,2023-2024,44.91
STU0887,2,2023-2024,51.07
STU0887,3,2024-2025,45.76
STU0887,4,2024-2025,51.51
STU0888,1,2023-2024,73.41
STU0888,2,2023-2024,77.25
STU0888,3,2024-2025,76.34
STU0888,4,2024-2025,74.5
STU0889,1,2023-2024,93.59
STU0889,2,2023-2024,89.48
STU0889,3,2024-2025,93.06
STU0889,4,2024-2025,93.69
STU0890,1,2023-2024,74.64
STU0890,2,2023-2024,79.81
STU0890,3,2024-2025,75.81
STU0890,4,2024-2025,75.52
STU0891,1,2023-2024,61.25
STU0891,2,2023-2024,57.16
STU0891,3,2024-2025,59.42
STU0891,4,2024-2025,58.56
STU0892,1,2023-2024,81.24
STU0892,2,2023-2024,91.06
STU0892,3,2024-2025,84.13
STU0892,4,2024-2025,87.99
STU0893,1,2023-2024,67.36
STU0893,2,2023-2024,71.05
STU0893,3,2024-2025,68.05
STU0893,4,2024-2025,67.17
STU0894,1,2023-2024,62.96
STU0894,2,2023-2024,58.12
STU0894,3,2024-2025,56.49
STU0894,4,2024-2025,56.29
STU0895,1,2023-2024,64.96
STU0895,2,2023-2024,62.51
STU0895,3,2024-2025,63.69
STU0895,4,2024-2025,63.76
STU0896,1,2023-2024,81.7
STU0896,2,2023-2024,82.02
STU0896,3,2024-2025,86.78
STU0896,4,2024-2025,83.13
STU0897,1,2023-2024,60.4
STU0897,2,2023-2024,58.15
STU0897,3,2024-2025,58.77
STU0897,4,2024-2025,62.27
STU0898,1,2023-2024,78.77
STU0898,2,2023-2024,83.72
STU0898,3,2024-2025,78.91
STU0898,4,2024-2025,80.56
STU0899,1,2023-2024,74.98
STU0899,2,2023-2024,74.56
STU0899,3,2024-2025,78.38
STU0899,4,2024-2025,75.18
STU0900,1,2023-2024,66.89
STU0900,2,2023-2024,66.62
STU0900,3,2024-2025,67.15
STU0900,4,2024-2025,62.68
STU0901,1,2023-2024,79.07
STU0901,2,2023-2024,72.37
STU0901,3,2024-2025,74.53
STU0901,4,2024-2025,71.16
STU0902,1,2023-2024,77.59
STU0902,2,2023-2024,85.46
STU0902,3,2024-2025,84.07
STU0902,4,2024-2025,82.63
STU0903,1,2023-2024,83.28
STU0903,2,2023-2024,82.4
STU0903,3,2024-2025,79.63
STU0903,4,2024-2025,82.49
STU0904,1,2023-2024,77.46
STU0904,2,2023-2024,79.57
STU0904,3,2024-2025,81.25
STU0904,4,2024-2025,76.28
STU0905,1,2023-2024,83.2
STU0905,2,2023-2024,91.54
STU0905,3,2024-2025,83.36
STU0905,4,2024-2025,88.5
STU0906,1,2023-2024,81.92
STU0906,2,2023-2024,79.97
STU0906,3,2024-2025,78.81
STU0906,4,2024-2025,83.31
STU0907,1,2023-2024,66.27
STU0907,2,2023-2024,66.28
STU0907,3,2024-2025,68.08
STU0907,4,2024-2025,68.92
STU0908,1,2023-2024,55.54
STU0908,2,2023-2024,58.38
STU0908,3,2024-2025,49.41
STU0908,4,2024-2025,49.93
STU0909,1,2023-2024,82.74
STU0909,2,2023-2024,82.44
STU0909,3,2024-2025,89.16
STU0909,4,2024-2025,88.06
STU0910,1,2023-2024,37.35
STU0910,2,2023-2024,33.9
STU0910,3,2024-2025,34.39
STU0910,4,2024-2025,38.59
STU0911,1,2023-2024,52.92
STU0911,2,2023-2024,55.58
STU0911,3,2024-2025,57.91
STU0911,4,2024-2025,59.52
STU0912,1,2023-2024,86.39
STU0912,2,2023-2024,86.2
STU0912,3,2024-2025,84.68
STU0912,4,2024-2025,89.71
STU0913,1,2023-2024,36.23
STU0913,2,2023-2024,39.02
STU0913,3,2024-2025,44.43
STU0913,4,2024-2025,48.09
STU0914,1,2023-2024,52.64
STU0914,2,2023-2024,54.85
STU0914,3,2024-2025,54.42
STU0914,4,2024-2025,52.35
STU0915,1,2023-2024,99.97
STU0915,2,2023-2024,96.55
STU0915,3,2024-2025,92.99
STU0915,4,2024-2025,92.31
STU0916,1,2023-2024,83.17
STU0916,2,2023-2024,87.62
STU0916,3,2024-2025,87.35
STU0916,4,2024-2025,86.72
STU0917,1,2023-2024,80.31
STU0917,2,2023-2024,78.53
STU0917,3,2024-2025,80.08
STU0917,4,2024-2025,75.71
STU0918,1,2023-2024,62.54
STU0918,2,2023-2024,60.03
STU0918,3,2024-2025,56.75
STU0918,4,2024-2025,62.45
STU0919,1,2023-2024,92.05
STU0919,2,2023-2024,99.41
STU0919,3,2024-2025,96.6
STU0919,4,2024-2025,98.03
STU0920,1,2023-2024,89.28
STU0920,2,2023-2024,87.09
STU0920,3,2024-2025,86.31
STU0920,4,2024-2025,86.88
STU0921,1,2023-2024,88.05
STU0921,2,2023-2024,88.84
STU0921,3,2024-2025,88.12
STU0921,4,2024-2025,85.1
STU0922,1,2023-2024,93.67
STU0922,2,2023-2024,95.68
STU0922,3,2024-2025,94.52
STU0922,4,2024-2025,94.64
STU0923,1,2023-2024,85.21
STU0923,2,2023-2024,86.85
STU0923,3,2024-2025,82.71
STU0923,4,2024-2025,86.92
STU0924,1,2023-2024,63.79
STU0924,2,2023-2024,58.25
STU0924,3,2024-2025,62.33
STU0924,4,2024-2025,61.15
STU0925,1,2023-2024,70.73
STU0925,2,2023-2024,68.63
STU0925,3,2024-2025,65.54
STU0925,4,2024-2025,64.84
STU0926,1,2023-2024,67.22
STU0926,2,2023-2024,66.38
STU0926,3,2024-2025,67.53
STU0926,4,2024-2025,62.9
STU0927,1,2023-2024,49.27
STU0927,2,2023-2024,52.92
STU0927,3,2024-2025,55.52
STU0927,4,2024-2025,49.33
STU0928,1,2023-2024,81.65
STU0928,2,2023-2024,87.26
STU0928,3,2024-2025,80.0
STU0928,4,2024-2025,79.53
STU0929,1,2023-2024,63.8
STU0929,2,2023-2024,65.12
STU0929,3,2024-2025,59.53
STU0929,4,2024-2025,60.71
STU0930,1,2023-2024,60.03
STU0930,2,2023-2024,60.88
STU0930,3,2024-2025,61.22
STU0930,4,2024-2025,67.65
STU0931,1,2023-2024,89.34
STU0931,2,2023-2024,92.21
STU0931,3,2024-2025,90.9
STU0931,4,2024-2025,88.43
STU0932,1,2023-2024,49.62
STU0932,2,2023-2024,51.89
STU0932,3,2024-2025,46.59
STU0932,4,2024-2025,45.83
STU0933,1,2023-2024,85.96
STU0933,2,2023-2024,85.33
STU0933,3,2024-2025,84.29
STU0933,4,2024-2025,84.4
STU0934,1,2023-2024,80.13
STU0934,2,2023-2024,78.08
STU0934,3,2024-2025,78.77
STU0934,4,2024-2025,76.02
STU0935,1,2023-2024,74.1
STU0935,2,2023-2024,76.11
STU0935,3,2024-2025,80.43
STU0935,4,2024-2025,78.57
STU0936,1,2023-2024,59.75
STU0936,2,2023-2024,57.49
STU0936,3,2024-2025,56.51
STU0936,4,2024-2025,52.87
STU0937,1,2023-2024,84.51
STU0937,2,2023-2024,86.5
STU0937,3,2024-2025,85.3
STU0937,4,2024-2025,82.05
STU0938,1,2023-2024,71.82
STU0938,2,2023-2024,67.97
STU0938,3,2024-2025,67.34
STU0938,4,2024-2025,70.73
STU0939,1,2023-2024,64.06
STU0939,2,2023-2024,65.06
STU0939,3,2024-2025,62.96
STU0939,4,2024-2025,63.55
STU0940,1,2023-2024,50.7
STU0940,2,2023-2024,54.94
STU0940,3,2024-2025,54.94
STU0940,4,2024-2025,52.74
STU0941,1,2023-2024,79.27
STU0941,2,2023-2024,73.33
STU0941,3,2024-2025,78.32
STU0941,4,2024-2025,76.33
STU0942,1,2023-2024,78.94
STU0942,2,2023-2024,78.62
STU0942,3,2024-2025,84.78
STU0942,4,2024-2025,76.9
STU0943,1,2023-2024,63.72
STU0943,2,2023-2024,64.12
STU0943,3,2024-2025,57.09
STU0943,4,2024-2025,54.32
STU0944,1,2023-2024,90.66
STU0944,2,2023-2024,89.04
STU0944,3,2024-2025,90.51
STU0944,4,2024-2025,96.61
STU0945,1,2023-2024,91.73
STU0945,2,2023-2024,87.85
STU0945,3,2024-2025,89.56
STU0945,4,2024-2025,88.89
STU0946,1,2023-2024,96.02
STU0946,2,2023-2024,92.19
STU0946,3,2024-2025,89.85
STU0946,4,2024-2025,88.45
STU0947,1,2023-2024,72.48
STU0947,2,2023-2024,79.15
STU0947,3,2024-2025,82.16
STU0947,4,2024-2025,82.45
STU0948,1,2023-2024,56.93
STU0948,2,2023-2024,52.58
STU0948,3,2024-2025,58.07
STU0948,4,2024-2025,55.28
STU0949,1,2023-2024,84.25
STU0949,2,2023-2024,83.21
STU0949,3,2024-2025,85.8
STU0949,4,2024-2025,81.56
STU0950,1,2023-2024,81.61
STU0950,2,2023-2024,78.33
STU0950,3,2024-2025,80.98
STU0950,4,2024-2025,84.09
STU0951,1,2023-2024,57.38
STU0951,2,2023-2024,51.06
STU0951,3,2024-2025,53.15
STU0951,4,2024-2025,53.07
STU0952,1,2023-2024,58.22
STU0952,2,2023-2024,52.41
STU0952,3,2024-2025,55.24
STU0952,4,2024-2025,59.13
STU0953,1,2023-2024,73.68
STU0953,2,2023-2024,72.0
STU0953,3,2024-2025,73.94
STU0953,4,2024-2025,69.97
STU0954,1,2023-2024,35.92
STU0954,2,2023-2024,38.79
STU0954,3,2024-2025,38.1
STU0954,4,2024-2025,40.06
STU0955,1,2023-2024,90.38
STU0955,2,2023-2024,92.99
STU0955,3,2024-2025,88.82
STU0955,4,2024-2025,91.25
STU0956,1,2023-2024,77.61
STU0956,2,2023-2024,70.14
STU0956,3,2024-2025,79.79
STU0956,4,2024-2025,75.74
STU0957,1,2023-2024,69.81
STU0957,2,2023-2024,71.02
STU0957,3,2024-2025,72.51
STU0957,4,2024-2025,69.33
STU0958,1,2023-2024,68.15
STU0958,2,2023-2024,67.11
STU0958,3,2024-2025,70.52
STU0958,4,2024-2025,71.62
STU0959,1,2023-2024,97.25
STU0959,2,2023-2024,99.86
STU0959,3,2024-2025,100.0
STU0959,4,2024-2025,100.0
STU0960,1,2023-2024,78.93
STU0960,2,2023-2024,78.18
STU0960,3,2024-2025,80.29
STU0960,4,2024-2025,75.2
STU0961,1,2023-2024,76.86
STU0961,2,2023-2024,85.44
STU0961,3,2024-2025,84.23
STU0961,4,2024-2025,85.1
STU0962,1,2023-2024,76.06
STU0962,2,2023-2024,70.17
STU0962,3,2024-2025,69.51
STU0962,4,2024-2025,72.5
STU0963,1,2023-2024,85.23
STU0963,2,2023-2024,88.43
STU0963,3,2024-2025,84.45
STU0963,4,2024-2025,79.06
STU0964,1,2023-2024,60.45
STU0964,2,2023-2024,58.42
STU0964,3,2024-2025,55.8
STU0964,4,2024-2025,58.07
STU0965,1,2023-2024,99.11
STU0965,2,2023-2024,98.14
STU0965,3,2024-2025,100.0
STU0965,4,2024-2025,100.0
STU0966,1,2023-2024,88.53
STU0966,2,2023-2024,86.98
STU0966,3,2024-2025,88.14
STU0966,4,2024-2025,87.65
STU0967,1,2023-2024,86.02
STU0967,2,2023-2024,87.22
STU0967,3,2024-2025,83.92
STU0967,4,2024-2025,84.25
STU0968,1,2023-2024,80.71
STU0968,2,2023-2024,81.81
STU0968,3,2024-2025,78.58
STU0968,4,2024-2025,79.42
STU0969,1,2023-2024,47.74
STU0969,2,2023-2024,53.51
STU0969,3,2024-2025,45.63
STU0969,4,2024-2025,56.26
STU0970,1,2023-2024,30.61
STU0970,2,2023-2024,24.93
STU0970,3,2024-2025,22.43
STU0970,4,2024-2025,23.76
STU0971,1,2023-2024,72.78
STU0971,2,2023-2024,67.31
STU0971,3,2024-2025,71.42
STU0971,4,2024-2025,67.29
STU0972,1,2023-2024,90.04
STU0972,2,2023-2024,93.34
STU0972,3,2024-2025,88.83
STU0972,4,2024-2025,93.32
STU0973,1,2023-2024,93.16
STU0973,2,2023-2024,92.19
STU0973,3,2024-2025,91.53
STU0973,4,2024-2025,96.0
STU0974,1,2023-2024,57.04
STU0974,2,2023-2024,52.77
STU0974,3,2024-2025,49.45
STU0974,4,2024-2025,51.51
STU0975,1,2023-2024,83.41
STU0975,2,2023-2024,88.53
STU0975,3,2024-2025,87.77
STU0975,4,2024-2025,88.18
STU0976,1,2023-2024,91.29
STU0976,2,2023-2024,88.66
STU0976,3,2024-2025,87.86
STU0976,4,2024-2025,91.3
STU0977,1,2023-2024,90.58
STU0977,2,2023-2024,92.9
STU0977,3,2024-2025,87.79
STU0977,4,2024-2025,90.07
STU0978,1,2023-2024,42.46
STU0978,2,2023-2024,33.49
STU0978,3,2024-2025,46.07
STU0978,4,2024-2025,44.33
STU0979,1,2023-2024,65.52
STU0979,2,2023-2024,66.59
STU0979,3,2024-2025,65.3
STU0979,4,2024-2025,68.64
STU0980,1,2023-2024,54.22
STU0980,2,2023-2024,56.27
STU0980,3,2024-2025,50.42
STU0980,4,2024-2025,53.07
STU0981,1,2023-2024,42.82
STU0981,2,2023-2024,38.77
STU0981,3,2024-2025,40.22
STU0981,4,2024-2025,39.97
STU0982,1,2023-2024,83.06
STU0982,2,2023-2024,83.94
STU0982,3,2024-2025,89.64
STU0982,4,2024-2025,81.13
STU0983,1,2023-2024,93.25
STU0983,2,2023-2024,86.6
STU0983,3,2024-2025,89.26
STU0983,4,2024-2025,97.24
STU0984,1,2023-2024,55.51
STU0984,2,2023-2024,58.05
STU0984,3,2024-2025,61.49
STU0984,4,2024-2025,55.9
STU0985,1,2023-2024,70.9
STU0985,2,2023-2024,68.28
STU0985,3,2024-2025,68.87
STU0985,4,2024-2025,75.34
STU0986,1,2023-2024,90.7
STU0986,2,2023-2024,100.0
STU0986,3,2024-2025,98.13
STU0986,4,2024-2025,96.69
STU0987,1,2023-2024,44.78
STU0987,2,2023-2024,37.85
STU0987,3,2024-2025,43.57
STU0987,4,2024-2025,39.13
STU0988,1,2023-2024,56.13
STU0988,2,2023-2024,63.1
STU0988,3,2024-2025,58.9
STU0988,4,2024-2025,61.8
STU0989,1,2023-2024,93.26
STU0989,2,2023-2024,91.94
STU0989,3,2024-2025,89.39
STU0989,4,2024-2025,87.4
STU0990,1,2023-2024,53.3
STU0990,2,2023-2024,54.97
STU0990,3,2024-2025,58.09
STU0990,4,2024-2025,56.75
STU0991,1,2023-2024,95.79
STU0991,2,2023-2024,100.0
STU0991,3,2024-2025,94.86
STU0991,4,2024-2025,90.46
STU0992,1,2023-2024,85.45
STU0992,2,2023-2024,83.66
STU0992,3,2024-2025,79.74
STU0992,4,2024-2025,89.68
STU0993,1,2023-2024,89.99
STU0993,2,2023-2024,78.56
STU0993,3,2024-2025,82.26
STU0993,4,2024-2025,85.14
STU0994,1,2023-2024,84.29
STU0994,2,2023-2024,76.96
STU0994,3,2024-2025,82.0
STU0994,4,2024-2025,85.43
STU0995,1,2023-2024,70.7
STU0995,2,2023-2024,69.2
STU0995,3,2024-2025,69.98
STU0995,4,2024-2025,66.56
STU0996,1,2023-2024,81.67
STU0996,2,2023-2024,77.68
STU0996,3,2024-2025,82.46
STU0996,4,2024-2025,81.8
STU0997,1,2023-2024,94.42
STU0997,2,2023-2024,97.76
STU0997,3,2024-2025,100.0
STU0997,4,2024-2025,100.0
STU0998,1,2023-2024,91.62
STU0998,2,2023-2024,89.67
STU0998,3,2024-2025,87.34
STU0998,4,2024-2025,95.51
STU0999,1,2023-2024,90.83
STU0999,2,2023-2024,85.91
STU0999,3,2024-2025,89.39
STU0999,4,2024-2025,85.56
STU1000,1,2023-2024,83.28
STU1000,2,2023-2024,97.74
STU1000,3,2024-2025,88.88
STU1000,4,2024-2025,86.53
